scenario,set_name,vaccine,gavi_support,activity_type,country_code,country,year,age_first,age_last,age_range_verbatim,target,coverage,gender,proportion_risk
mena-campaign-routine-default,"MenA:MenA,campaign,with:default",MenA,total,campaign,BDI,Burundi,2018,1,29,1-29,7927655.5,0.2000000000000000111022,both,0.2000000000000000111
mena-campaign-routine-default,"MenA:MenA,campaign,with:default",MenA,total,campaign,BDI,Burundi,2026,1,8,<NA>,3312320,0.1799999999999999933387,both,0.2000000000000000111
mena-campaign-routine-default,"MenA:MenA,campaign,with:default",MenA,total,campaign,BEN,Benin,2012,1,29,1-29,6728242.5,0.2000000000000000111022,both,0.2000000000000000111
mena-campaign-routine-default,"MenA:MenA,campaign,with:default",MenA,total,campaign,BEN,Benin,2022,1,9,1-9,3600979.5,0.2000000000000000111022,both,0.2000000000000000111
mena-campaign-routine-default,"MenA:MenA,campaign,with:default",MenA,total,campaign,BEN,Benin,2023,1,1,<NA>,450389.5,0.1799999999999999933387,both,0.2000000000000000111
mena-campaign-routine-default,"MenA:MenA,campaign,with:default",MenA,total,campaign,BFA,Burkina Faso,2010,1,29,1-29,11166474,0.9871059288724444158447,both,1
mena-campaign-routine-default,"MenA:MenA,campaign,with:default",MenA,total,campaign,BFA,Burkina Faso,2016,1,5,1-5,3299812,0.9999999999990000221217,both,1
mena-campaign-routine-default,"MenA:MenA,campaign,with:default",MenA,total,campaign,CAF,Central African Republic,2017,1,29,1-29,3620267,0.1000000000000000055511,both,0.1000000000000000056
mena-campaign-routine-default,"MenA:MenA,campaign,with:default",MenA,total,campaign,CIV,Cote d'Ivoire,2014,1,29,1-29,15559869,0.2000000000000000111022,both,0.2000000000000000111
mena-campaign-routine-default,"MenA:MenA,campaign,with:default",MenA,total,campaign,CIV,Cote d'Ivoire,2018,2,3,2-3,1572933.5,0.2000000000000000111022,both,0.2000000000000000111
mena-campaign-routine-default,"MenA:MenA,campaign,with:default",MenA,total,campaign,CMR,Cameroon,2011,1,29,1-29,14007222,0.2000000000000000111022,both,0.2000000000000000111
mena-campaign-routine-default,"MenA:MenA,campaign,with:default",MenA,total,campaign,CMR,Cameroon,2012,1,29,1-29,14379802.5,0.1450511576914912392766,both,0.2000000000000000111
mena-campaign-routine-default,"MenA:MenA,campaign,with:default",MenA,total,campaign,CMR,Cameroon,2023,1,11,<NA>,9010364,0.1799999999999999933387,both,0.2000000000000000111
mena-campaign-routine-default,"MenA:MenA,campaign,with:default",MenA,total,campaign,COD,"Congo, the Democratic Republic of the",2016,1,29,1-29,55949972,0.2000000000000000111022,both,0.2000000000000000111
mena-campaign-routine-default,"MenA:MenA,campaign,with:default",MenA,total,campaign,COD,"Congo, the Democratic Republic of the",2023,1,7,<NA>,24443791,0.1799999999999999933387,both,0.2000000000000000111
mena-campaign-routine-default,"MenA:MenA,campaign,with:default",MenA,total,campaign,ERI,Eritrea,2019,1,29,1-29,2328725,0.1000000000000000055511,both,0.1000000000000000056
mena-campaign-routine-default,"MenA:MenA,campaign,with:default",MenA,total,campaign,ETH,Ethiopia,2013,1,29,1-29,66824375.5,0.2804004356164914724125,both,1
mena-campaign-routine-default,"MenA:MenA,campaign,with:default",MenA,total,campaign,ETH,Ethiopia,2014,1,29,1-29,68481367,0.3823640085922934139795,both,1
mena-campaign-routine-default,"MenA:MenA,campaign,with:default",MenA,total,campaign,ETH,Ethiopia,2015,1,29,1-29,70089679.5,0.2247337113304962441518,both,1
mena-campaign-routine-default,"MenA:MenA,campaign,with:default",MenA,total,campaign,ETH,Ethiopia,2023,1,8,<NA>,27873046.5,0.9000000000000000222045,both,1
mena-campaign-routine-default,"MenA:MenA,campaign,with:default",MenA,total,campaign,GHA,Ghana,2012,1,29,1-29,17299384.5,0.1755195972434741846779,both,0.2000000000000000111
mena-campaign-routine-default,"MenA:MenA,campaign,with:default",MenA,total,campaign,GHA,Ghana,2016,1,4,1-4,3389599,0.1966863926971892662099,both,0.2000000000000000111
mena-campaign-routine-default,"MenA:MenA,campaign,with:default",MenA,total,campaign,GIN,Guinea,2015,1,29,1-29,7984064.5,0.2000000000000000111022,both,0.2000000000000000111
mena-campaign-routine-default,"MenA:MenA,campaign,with:default",MenA,total,campaign,GIN,Guinea,2022,1,7,1-7,2855108.5,0.2000000000000000111022,both,0.2000000000000000111
mena-campaign-routine-default,"MenA:MenA,campaign,with:default",MenA,total,campaign,GMB,Gambia,2013,1,29,1-29,1461550,0.7978815435667613309434,both,1
mena-campaign-routine-default,"MenA:MenA,campaign,with:default",MenA,total,campaign,GMB,Gambia,2019,1,6,1-6,479330.5,0.8083170588977751647164,both,1
mena-campaign-routine-default,"MenA:MenA,campaign,with:default",MenA,total,campaign,GNB,Guinea-Bissau,2016,1,29,1-29,1226823,0.2000000000000000111022,both,0.2000000000000000111
mena-campaign-routine-default,"MenA:MenA,campaign,with:default",MenA,total,campaign,GNB,Guinea-Bissau,2024,1,8,<NA>,468306,0.1799999999999999933387,both,0.2000000000000000111
mena-campaign-routine-default,"MenA:MenA,campaign,with:default",MenA,total,campaign,KEN,Kenya,2019,1,29,1-29,33324359.5,0.0766896456029409895327,both,0.1000000000000000056
mena-campaign-routine-default,"MenA:MenA,campaign,with:default",MenA,total,campaign,KEN,Kenya,2025,1,6,<NA>,8465730.5,0.0899999999999999966693,both,0.1000000000000000056
mena-campaign-routine-default,"MenA:MenA,campaign,with:default",MenA,total,campaign,MLI,Mali,2010,1,29,1-29,10885353,0.4487286723728665660538,both,1
mena-campaign-routine-default,"MenA:MenA,campaign,with:default",MenA,total,campaign,MLI,Mali,2011,1,29,1-29,11234796,0.5265590590162919637507,both,1
mena-campaign-routine-default,"MenA:MenA,campaign,with:default",MenA,total,campaign,MLI,Mali,2017,1,6,1-6,4149750,0.7939562624254473677254,both,1
mena-campaign-routine-default,"MenA:MenA,campaign,with:default",MenA,total,campaign,MRT,Mauritania,2014,1,29,1-29,2577005.5,0.2000000000000000111022,both,0.2000000000000000111
mena-campaign-routine-default,"MenA:MenA,campaign,with:default",MenA,total,campaign,MRT,Mauritania,2024,1,10,<NA>,1365425.5,0.1799999999999999933387,both,0.2000000000000000111
mena-campaign-routine-default,"MenA:MenA,campaign,with:default",MenA,total,campaign,NER,Niger,2010,1,29,1-29,11588248.5,0.2720460300795241037619,both,1
mena-campaign-routine-default,"MenA:MenA,campaign,with:default",MenA,total,campaign,NER,Niger,2011,1,29,1-29,12048527.5,0.6162962237501636852954,both,1
mena-campaign-routine-default,"MenA:MenA,campaign,with:default",MenA,total,campaign,NER,Niger,2019,1,8,1-8,6667598,0.8670749952231673329806,both,1
mena-campaign-routine-default,"MenA:MenA,campaign,with:default",MenA,total,campaign,NGA,Nigeria,2011,1,29,1-29,110421577,0.14210854822332413816,both,0.6999999999999999556
mena-campaign-routine-default,"MenA:MenA,campaign,with:default",MenA,total,campaign,NGA,Nigeria,2012,1,29,1-29,113464534.5,0.1166413986389729512405,both,0.6999999999999999556
mena-campaign-routine-default,"MenA:MenA,campaign,with:default",MenA,total,campaign,NGA,Nigeria,2013,1,29,1-29,116546548.5,0.1897591446047842411726,both,0.6999999999999999556
mena-campaign-routine-default,"MenA:MenA,campaign,with:default",MenA,total,campaign,NGA,Nigeria,2014,1,29,1-29,119630108,0.2325550437520293722837,both,0.6999999999999999556
mena-campaign-routine-default,"MenA:MenA,campaign,with:default",MenA,total,campaign,NGA,Nigeria,2019,1,7,combine two campaigns 1-5 and 1-7,44706002,0.5033606241506454193058,both,0.6999999999999999556
mena-campaign-routine-default,"MenA:MenA,campaign,with:default",MenA,total,campaign,NGA,Nigeria,2020,1,6,1-5.91666666666667,39394302.5,0.0942388305009334709128,both,0.6999999999999999556
mena-campaign-routine-default,"MenA:MenA,campaign,with:default",MenA,total,campaign,NGA,Nigeria,2021,7,10,combine two campaigns 7-8 and 9-10,23631388,0.0908048325388250560097,both,0.6999999999999999556
mena-campaign-routine-default,"MenA:MenA,campaign,with:default",MenA,total,campaign,NGA,Nigeria,2022,8,11,8-11,23503401.5,0.1084828694263679366161,both,0.6999999999999999556
mena-campaign-routine-default,"MenA:MenA,campaign,with:default",MenA,total,campaign,SDN,Sudan,2012,1,29,1-29,23814438,0.688489730473589189863,both,1
mena-campaign-routine-default,"MenA:MenA,campaign,with:default",MenA,total,campaign,SDN,Sudan,2013,1,29,1-29,24280109,0.303380557311336618298,both,1
mena-campaign-routine-default,"MenA:MenA,campaign,with:default",MenA,total,campaign,SDN,Sudan,2016,2,3,2-3,2466212,0.9999999999990000221217,both,1
mena-campaign-routine-default,"MenA:MenA,campaign,with:default",MenA,total,campaign,SEN,Senegal,2012,1,29,1-29,8950842.5,0.2000000000000000111022,both,0.2000000000000000111
mena-campaign-routine-default,"MenA:MenA,campaign,with:default",MenA,total,campaign,SSD,South Sudan,2016,1,29,1-29,7254599.5,0.5,both,0.5
mena-campaign-routine-default,"MenA:MenA,campaign,with:default",MenA,total,campaign,SSD,South Sudan,2018,1,29,1-29,6968019,0.2658930752054493584779,both,0.5
mena-campaign-routine-default,"MenA:MenA,campaign,with:default",MenA,total,campaign,SSD,South Sudan,2023,1,5,<NA>,1427990.5,0.4500000000000000111022,both,0.5
mena-campaign-routine-default,"MenA:MenA,campaign,with:default",MenA,total,campaign,TCD,Chad,2011,1,29,1-29,8615338,0.2079501036407393477212,both,1
mena-campaign-routine-default,"MenA:MenA,campaign,with:default",MenA,total,campaign,TCD,Chad,2012,1,29,1-29,8937912.5,0.7714617926725060303994,both,1
mena-campaign-routine-default,"MenA:MenA,campaign,with:default",MenA,total,campaign,TCD,Chad,2018,1,7,1-7,3892566,0.7235608182366080054493,both,1
mena-campaign-routine-default,"MenA:MenA,campaign,with:default",MenA,total,campaign,TCD,Chad,2021,1,7,1-7,4200672,0.1713300371940489619238,both,1
mena-campaign-routine-default,"MenA:MenA,campaign,with:default",MenA,total,campaign,TGO,Togo,2014,1,29,1-29,4764568,0.2000000000000000111022,both,0.2000000000000000111
mena-campaign-routine-default,"MenA:MenA,campaign,with:default",MenA,total,campaign,TGO,Togo,2021,1,8,1-8,1939443.5,0.2000000000000000111022,both,0.2000000000000000111
mena-campaign-routine-default,"MenA:MenA,campaign,with:default",MenA,total,campaign,TZA,"Tanzania, United Republic of",2026,1,29,<NA>,49204001,0.0899999999999999966693,both,0.1000000000000000056
mena-campaign-routine-default,"MenA:MenA,campaign,with:default",MenA,total,campaign,UGA,Uganda,2017,1,29,1-29,29489603.5,0.1000000000000000055511,both,0.1000000000000000056
mena-campaign-routine-default,"MenA:MenA,campaign,with:default",MenA,total,campaign,UGA,Uganda,2025,1,8,<NA>,12573422.5,0.0899999999999999966693,both,0.1000000000000000056
mena-campaign-routine-default,"MenA:MenA,routine,with:default",MenA,total,routine,BDI,Burundi,2026,0,0,<NA>,<NA>,0.0487928419312853509093,both,0.2000000000000000111
mena-campaign-routine-default,"MenA:MenA,routine,with:default",MenA,total,routine,BEN,Benin,2023,0,0,<NA>,<NA>,0.0413711822670602274998,both,0.2000000000000000111
mena-campaign-routine-default,"MenA:MenA,routine,with:default",MenA,total,routine,BEN,Benin,2024,0,0,<NA>,<NA>,0.0902831901991552054909,both,0.2000000000000000111
mena-campaign-routine-default,"MenA:MenA,routine,with:default",MenA,total,routine,BEN,Benin,2025,0,0,<NA>,<NA>,0.1241135468011808073996,both,0.2000000000000000111
mena-campaign-routine-default,"MenA:MenA,routine,with:default",MenA,total,routine,BEN,Benin,2026,0,0,<NA>,<NA>,0.1326062881372146173842,both,0.2000000000000000111
mena-campaign-routine-default,"MenA:MenA,routine,with:default",MenA,total,routine,BFA,Burkina Faso,2017,0,0,default routine age,<NA>,0.6787999999999999589662,both,1
mena-campaign-routine-default,"MenA:MenA,routine,with:default",MenA,total,routine,BFA,Burkina Faso,2018,0,0,default routine age,<NA>,0.8706000000000000405009,both,1
mena-campaign-routine-default,"MenA:MenA,routine,with:default",MenA,total,routine,BFA,Burkina Faso,2019,0,0,default routine age,<NA>,0.7900000000000000355271,both,1
mena-campaign-routine-default,"MenA:MenA,routine,with:default",MenA,total,routine,BFA,Burkina Faso,2020,0,0,default routine age,<NA>,0.8558000000000000051514,both,1
mena-campaign-routine-default,"MenA:MenA,routine,with:default",MenA,total,routine,BFA,Burkina Faso,2021,0,0,default routine age,<NA>,0.9011000000000000120792,both,1
mena-campaign-routine-default,"MenA:MenA,routine,with:default",MenA,total,routine,BFA,Burkina Faso,2022,0,0,default routine age,<NA>,0.8737000000000000321521,both,1
mena-campaign-routine-default,"MenA:MenA,routine,with:default",MenA,total,routine,BFA,Burkina Faso,2023,0,0,<NA>,<NA>,0.8737000000000000321521,both,1
mena-campaign-routine-default,"MenA:MenA,routine,with:default",MenA,total,routine,BFA,Burkina Faso,2024,0,0,<NA>,<NA>,0.8737000000000000321521,both,1
mena-campaign-routine-default,"MenA:MenA,routine,with:default",MenA,total,routine,BFA,Burkina Faso,2025,0,0,<NA>,<NA>,0.8737000000000000321521,both,1
mena-campaign-routine-default,"MenA:MenA,routine,with:default",MenA,total,routine,BFA,Burkina Faso,2026,0,0,<NA>,<NA>,0.8737000000000000321521,both,1
mena-campaign-routine-default,"MenA:MenA,routine,with:default",MenA,total,routine,CAF,Central African Republic,2017,0,0,default routine age,<NA>,0.0999999999999000022122,both,0.1000000000000000056
mena-campaign-routine-default,"MenA:MenA,routine,with:default",MenA,total,routine,CAF,Central African Republic,2018,0,0,default routine age,<NA>,0.0999999999999000022122,both,0.1000000000000000056
mena-campaign-routine-default,"MenA:MenA,routine,with:default",MenA,total,routine,CAF,Central African Republic,2019,0,0,default routine age,<NA>,0.0999999999999000022122,both,0.1000000000000000056
mena-campaign-routine-default,"MenA:MenA,routine,with:default",MenA,total,routine,CAF,Central African Republic,2020,0,0,default routine age,<NA>,0.0999999999999000022122,both,0.1000000000000000056
mena-campaign-routine-default,"MenA:MenA,routine,with:default",MenA,total,routine,CAF,Central African Republic,2021,0,0,default routine age,<NA>,0.0999999999999000022122,both,0.1000000000000000056
mena-campaign-routine-default,"MenA:MenA,routine,with:default",MenA,total,routine,CAF,Central African Republic,2022,0,0,default routine age,<NA>,0.0999999999999000022122,both,0.1000000000000000056
mena-campaign-routine-default,"MenA:MenA,routine,with:default",MenA,total,routine,CAF,Central African Republic,2023,0,0,<NA>,<NA>,0.0999999999977974340926,both,0.1000000000000000056
mena-campaign-routine-default,"MenA:MenA,routine,with:default",MenA,total,routine,CAF,Central African Republic,2024,0,0,<NA>,<NA>,0.0999999999514856602323,both,0.1000000000000000056
mena-campaign-routine-default,"MenA:MenA,routine,with:default",MenA,total,routine,CAF,Central African Republic,2025,0,0,<NA>,<NA>,0.0999999989314123427508,both,0.1000000000000000056
mena-campaign-routine-default,"MenA:MenA,routine,with:default",MenA,total,routine,CAF,Central African Republic,2026,0,0,<NA>,<NA>,0.0999999764630557508305,both,0.1000000000000000056
mena-campaign-routine-default,"MenA:MenA,routine,with:default",MenA,total,routine,CIV,Cote d'Ivoire,2018,0,0,default routine age,<NA>,0.1999999999998000044243,both,0.2000000000000000111
mena-campaign-routine-default,"MenA:MenA,routine,with:default",MenA,total,routine,CIV,Cote d'Ivoire,2019,0,0,default routine age,<NA>,0.1999999999998000044243,both,0.2000000000000000111
mena-campaign-routine-default,"MenA:MenA,routine,with:default",MenA,total,routine,CIV,Cote d'Ivoire,2020,0,0,default routine age,<NA>,0.1999999999998000044243,both,0.2000000000000000111
mena-campaign-routine-default,"MenA:MenA,routine,with:default",MenA,total,routine,CIV,Cote d'Ivoire,2021,0,0,default routine age,<NA>,0.1999999999998000044243,both,0.2000000000000000111
mena-campaign-routine-default,"MenA:MenA,routine,with:default",MenA,total,routine,CIV,Cote d'Ivoire,2022,0,0,default routine age,<NA>,0.1999999999998000044243,both,0.2000000000000000111
mena-campaign-routine-default,"MenA:MenA,routine,with:default",MenA,total,routine,CIV,Cote d'Ivoire,2023,0,0,<NA>,<NA>,0.1999999999950233808832,both,0.2000000000000000111
mena-campaign-routine-default,"MenA:MenA,routine,with:default",MenA,total,routine,CIV,Cote d'Ivoire,2024,0,0,<NA>,<NA>,0.1999999998761625152888,both,0.2000000000000000111
mena-campaign-routine-default,"MenA:MenA,routine,with:default",MenA,total,routine,CIV,Cote d'Ivoire,2025,0,0,<NA>,<NA>,0.1999999969184587111926,both,0.2000000000000000111
mena-campaign-routine-default,"MenA:MenA,routine,with:default",MenA,total,routine,CIV,Cote d'Ivoire,2026,0,0,<NA>,<NA>,0.1999999233196901315956,both,0.2000000000000000111
mena-campaign-routine-default,"MenA:MenA,routine,with:default",MenA,total,routine,CMR,Cameroon,2023,0,0,<NA>,<NA>,0.0362666666666666345775,both,0.2000000000000000111
mena-campaign-routine-default,"MenA:MenA,routine,with:default",MenA,total,routine,CMR,Cameroon,2024,0,0,<NA>,<NA>,0.0778014730039678359397,both,0.2000000000000000111
mena-campaign-routine-default,"MenA:MenA,routine,with:default",MenA,total,routine,CMR,Cameroon,2025,0,0,<NA>,<NA>,0.108800000000000007816,both,0.2000000000000000111
mena-campaign-routine-default,"MenA:MenA,routine,with:default",MenA,total,routine,CMR,Cameroon,2026,0,0,<NA>,<NA>,0.1141345962664938318287,both,0.2000000000000000111
mena-campaign-routine-default,"MenA:MenA,routine,with:default",MenA,total,routine,COD,"Congo, the Democratic Republic of the",2023,0,0,<NA>,<NA>,0.0350062449167730313504,both,0.2000000000000000111
mena-campaign-routine-default,"MenA:MenA,routine,with:default",MenA,total,routine,COD,"Congo, the Democratic Republic of the",2024,0,0,<NA>,<NA>,0.0748148746212200788097,both,0.2000000000000000111
mena-campaign-routine-default,"MenA:MenA,routine,with:default",MenA,total,routine,COD,"Congo, the Democratic Republic of the",2025,0,0,<NA>,<NA>,0.1050187347503191981346,both,0.2000000000000000111
mena-campaign-routine-default,"MenA:MenA,routine,with:default",MenA,total,routine,COD,"Congo, the Democratic Republic of the",2026,0,0,<NA>,<NA>,0.1112965217958358926653,both,0.2000000000000000111
mena-campaign-routine-default,"MenA:MenA,routine,with:default",MenA,total,routine,ERI,Eritrea,2019,0,0,default routine age,<NA>,0.0999999999999000022122,both,0.1000000000000000056
mena-campaign-routine-default,"MenA:MenA,routine,with:default",MenA,total,routine,ERI,Eritrea,2020,0,0,default routine age,<NA>,0.0999999999999000022122,both,0.1000000000000000056
mena-campaign-routine-default,"MenA:MenA,routine,with:default",MenA,total,routine,ERI,Eritrea,2021,0,0,default routine age,<NA>,0.0999999999999000022122,both,0.1000000000000000056
mena-campaign-routine-default,"MenA:MenA,routine,with:default",MenA,total,routine,ERI,Eritrea,2022,0,0,default routine age,<NA>,0.0999999999999000022122,both,0.1000000000000000056
mena-campaign-routine-default,"MenA:MenA,routine,with:default",MenA,total,routine,ERI,Eritrea,2023,0,0,<NA>,<NA>,0.0999999999976554643233,both,0.1000000000000000056
mena-campaign-routine-default,"MenA:MenA,routine,with:default",MenA,total,routine,ERI,Eritrea,2024,0,0,<NA>,<NA>,0.0999999999450300602888,both,0.1000000000000000056
mena-campaign-routine-default,"MenA:MenA,routine,with:default",MenA,total,routine,ERI,Eritrea,2025,0,0,<NA>,<NA>,0.0999999987111784838234,both,0.1000000000000000056
mena-campaign-routine-default,"MenA:MenA,routine,with:default",MenA,total,routine,ERI,Eritrea,2026,0,0,<NA>,<NA>,0.0999999697823807376373,both,0.1000000000000000056
mena-campaign-routine-default,"MenA:MenA,routine,with:default",MenA,total,routine,ETH,Ethiopia,2023,0,0,<NA>,<NA>,0.1800217540208577937655,both,1
mena-campaign-routine-default,"MenA:MenA,routine,with:default",MenA,total,routine,ETH,Ethiopia,2024,0,0,<NA>,<NA>,0.3858856135223609484797,both,1
mena-campaign-routine-default,"MenA:MenA,routine,with:default",MenA,total,routine,ETH,Ethiopia,2025,0,0,<NA>,<NA>,0.5400652620625739919191,both,1
mena-campaign-routine-default,"MenA:MenA,routine,with:default",MenA,total,routine,ETH,Ethiopia,2026,0,0,<NA>,<NA>,0.5772797086527621246432,both,1
mena-campaign-routine-default,"MenA:MenA,routine,with:default",MenA,total,routine,GHA,Ghana,2016,0,0,default routine age,<NA>,0.1300000000000000044409,both,0.2000000000000000111
mena-campaign-routine-default,"MenA:MenA,routine,with:default",MenA,total,routine,GHA,Ghana,2017,0,0,default routine age,<NA>,0.1999999999998000044243,both,0.2000000000000000111
mena-campaign-routine-default,"MenA:MenA,routine,with:default",MenA,total,routine,GHA,Ghana,2018,0,0,default routine age,<NA>,0.1999999999998000044243,both,0.2000000000000000111
mena-campaign-routine-default,"MenA:MenA,routine,with:default",MenA,total,routine,GHA,Ghana,2019,0,0,default routine age,<NA>,0.1999999999998000044243,both,0.2000000000000000111
mena-campaign-routine-default,"MenA:MenA,routine,with:default",MenA,total,routine,GHA,Ghana,2020,0,0,default routine age,<NA>,0.1999999999998000044243,both,0.2000000000000000111
mena-campaign-routine-default,"MenA:MenA,routine,with:default",MenA,total,routine,GHA,Ghana,2021,0,0,default routine age,<NA>,0.1999999999998000044243,both,0.2000000000000000111
mena-campaign-routine-default,"MenA:MenA,routine,with:default",MenA,total,routine,GHA,Ghana,2022,0,0,default routine age,<NA>,0.1999999999998000044243,both,0.2000000000000000111
mena-campaign-routine-default,"MenA:MenA,routine,with:default",MenA,total,routine,GHA,Ghana,2023,0,0,<NA>,<NA>,0.1999999999956597329653,both,0.2000000000000000111
mena-campaign-routine-default,"MenA:MenA,routine,with:default",MenA,total,routine,GHA,Ghana,2024,0,0,<NA>,<NA>,0.1999999999058078570258,both,0.2000000000000000111
mena-campaign-routine-default,"MenA:MenA,routine,with:default",MenA,total,routine,GHA,Ghana,2025,0,0,<NA>,<NA>,0.1999999979558534646262,both,0.2000000000000000111
mena-campaign-routine-default,"MenA:MenA,routine,with:default",MenA,total,routine,GHA,Ghana,2026,0,0,<NA>,<NA>,0.1999999556381919785242,both,0.2000000000000000111
mena-campaign-routine-default,"MenA:MenA,routine,with:default",MenA,total,routine,GIN,Guinea,2021,0,0,default routine age,<NA>,0.0841000000000000080824,both,0.2000000000000000111
mena-campaign-routine-default,"MenA:MenA,routine,with:default",MenA,total,routine,GIN,Guinea,2022,0,0,default routine age,<NA>,0.1999999999998000044243,both,0.2000000000000000111
mena-campaign-routine-default,"MenA:MenA,routine,with:default",MenA,total,routine,GIN,Guinea,2023,0,0,<NA>,<NA>,0.1999999999943125605917,both,0.2000000000000000111
mena-campaign-routine-default,"MenA:MenA,routine,with:default",MenA,total,routine,GIN,Guinea,2024,0,0,<NA>,<NA>,0.1999999998382607779845,both,0.2000000000000000111
mena-campaign-routine-default,"MenA:MenA,routine,with:default",MenA,total,routine,GIN,Guinea,2025,0,0,<NA>,<NA>,0.1999999954004759439297,both,0.2000000000000000111
mena-campaign-routine-default,"MenA:MenA,routine,with:default",MenA,total,routine,GIN,Guinea,2026,0,0,<NA>,<NA>,0.1999998691992005417362,both,0.2000000000000000111
mena-campaign-routine-default,"MenA:MenA,routine,with:default",MenA,total,routine,GMB,Gambia,2019,0,0,default routine age,<NA>,0.3547000000000000152767,both,1
mena-campaign-routine-default,"MenA:MenA,routine,with:default",MenA,total,routine,GMB,Gambia,2021,0,0,default routine age,<NA>,0.7330999999999999738876,both,1
mena-campaign-routine-default,"MenA:MenA,routine,with:default",MenA,total,routine,GMB,Gambia,2022,0,0,default routine age,<NA>,0.6637999999999999456435,both,1
mena-campaign-routine-default,"MenA:MenA,routine,with:default",MenA,total,routine,GMB,Gambia,2023,0,0,<NA>,<NA>,0.6804637355329394843295,both,1
mena-campaign-routine-default,"MenA:MenA,routine,with:default",MenA,total,routine,GMB,Gambia,2024,0,0,<NA>,<NA>,0.6963015338799428688432,both,1
mena-campaign-routine-default,"MenA:MenA,routine,with:default",MenA,total,routine,GMB,Gambia,2025,0,0,<NA>,<NA>,0.7113543325747198053932,both,1
mena-campaign-routine-default,"MenA:MenA,routine,with:default",MenA,total,routine,GMB,Gambia,2026,0,0,<NA>,<NA>,0.7256610400842490316009,both,1
mena-campaign-routine-default,"MenA:MenA,routine,with:default",MenA,total,routine,GNB,Guinea-Bissau,2024,0,0,<NA>,<NA>,0.0414846606849903556946,both,0.2000000000000000111
mena-campaign-routine-default,"MenA:MenA,routine,with:default",MenA,total,routine,GNB,Guinea-Bissau,2025,0,0,<NA>,<NA>,0.0905687308469190349713,both,0.2000000000000000111
mena-campaign-routine-default,"MenA:MenA,routine,with:default",MenA,total,routine,GNB,Guinea-Bissau,2026,0,0,<NA>,<NA>,0.1244539820549712128006,both,0.2000000000000000111
mena-campaign-routine-default,"MenA:MenA,routine,with:default",MenA,total,routine,KEN,Kenya,2025,0,0,<NA>,<NA>,0.0239999999999999762135,both,0.1000000000000000056
mena-campaign-routine-default,"MenA:MenA,routine,with:default",MenA,total,routine,KEN,Kenya,2026,0,0,<NA>,<NA>,0.0538697496213168119938,both,0.1000000000000000056
mena-campaign-routine-default,"MenA:MenA,routine,with:default",MenA,total,routine,MLI,Mali,2017,0,0,default routine age,<NA>,0.7299999999999999822364,both,1
mena-campaign-routine-default,"MenA:MenA,routine,with:default",MenA,total,routine,MLI,Mali,2018,0,0,default routine age,<NA>,0.9499999999999999555911,both,1
mena-campaign-routine-default,"MenA:MenA,routine,with:default",MenA,total,routine,MLI,Mali,2019,0,0,default routine age,<NA>,0.9231000000000000316192,both,1
mena-campaign-routine-default,"MenA:MenA,routine,with:default",MenA,total,routine,MLI,Mali,2020,0,0,default routine age,<NA>,0.7913999999999999923617,both,1
mena-campaign-routine-default,"MenA:MenA,routine,with:default",MenA,total,routine,MLI,Mali,2021,0,0,default routine age,<NA>,0.8909999999999999031886,both,1
mena-campaign-routine-default,"MenA:MenA,routine,with:default",MenA,total,routine,MLI,Mali,2022,0,0,default routine age,<NA>,0.9228000000000000646594,both,1
mena-campaign-routine-default,"MenA:MenA,routine,with:default",MenA,total,routine,MLI,Mali,2023,0,0,<NA>,<NA>,0.9228000000000000646594,both,1
mena-campaign-routine-default,"MenA:MenA,routine,with:default",MenA,total,routine,MLI,Mali,2024,0,0,<NA>,<NA>,0.9228000000000000646594,both,1
mena-campaign-routine-default,"MenA:MenA,routine,with:default",MenA,total,routine,MLI,Mali,2025,0,0,<NA>,<NA>,0.9228000000000000646594,both,1
mena-campaign-routine-default,"MenA:MenA,routine,with:default",MenA,total,routine,MLI,Mali,2026,0,0,<NA>,<NA>,0.9228000000000000646594,both,1
mena-campaign-routine-default,"MenA:MenA,routine,with:default",MenA,total,routine,MRT,Mauritania,2024,0,0,<NA>,<NA>,0.0428307442135253610416,both,0.2000000000000000111
mena-campaign-routine-default,"MenA:MenA,routine,with:default",MenA,total,routine,MRT,Mauritania,2025,0,0,<NA>,<NA>,0.0939866867849466630647,both,0.2000000000000000111
mena-campaign-routine-default,"MenA:MenA,routine,with:default",MenA,total,routine,MRT,Mauritania,2026,0,0,<NA>,<NA>,0.1284922326405762149637,both,0.2000000000000000111
mena-campaign-routine-default,"MenA:MenA,routine,with:default",MenA,total,routine,NER,Niger,2017,0,0,default routine age,<NA>,0.1426000000000000045297,both,1
mena-campaign-routine-default,"MenA:MenA,routine,with:default",MenA,total,routine,NER,Niger,2018,0,0,default routine age,<NA>,0.954999999999999960032,both,1
mena-campaign-routine-default,"MenA:MenA,routine,with:default",MenA,total,routine,NER,Niger,2019,0,0,default routine age,<NA>,0.9399999999999999467093,both,1
mena-campaign-routine-default,"MenA:MenA,routine,with:default",MenA,total,routine,NER,Niger,2020,0,0,default routine age,<NA>,0.9440000000000000612843,both,1
mena-campaign-routine-default,"MenA:MenA,routine,with:default",MenA,total,routine,NER,Niger,2021,0,0,default routine age,<NA>,0.9673999999999999266365,both,1
mena-campaign-routine-default,"MenA:MenA,routine,with:default",MenA,total,routine,NER,Niger,2022,0,0,default routine age,<NA>,0.9651999999999999468869,both,1
mena-campaign-routine-default,"MenA:MenA,routine,with:default",MenA,total,routine,NER,Niger,2023,0,0,<NA>,<NA>,0.9651999999999999468869,both,1
mena-campaign-routine-default,"MenA:MenA,routine,with:default",MenA,total,routine,NER,Niger,2024,0,0,<NA>,<NA>,0.9651999999999999468869,both,1
mena-campaign-routine-default,"MenA:MenA,routine,with:default",MenA,total,routine,NER,Niger,2025,0,0,<NA>,<NA>,0.9651999999999999468869,both,1
mena-campaign-routine-default,"MenA:MenA,routine,with:default",MenA,total,routine,NER,Niger,2026,0,0,<NA>,<NA>,0.9651999999999999468869,both,1
mena-campaign-routine-default,"MenA:MenA,routine,with:default",MenA,total,routine,NGA,Nigeria,2019,0,0,default routine age,<NA>,0.2230999999999999927613,both,0.6999999999999999556
mena-campaign-routine-default,"MenA:MenA,routine,with:default",MenA,total,routine,NGA,Nigeria,2020,0,0,default routine age,<NA>,0.5282000000000000028422,both,0.6999999999999999556
mena-campaign-routine-default,"MenA:MenA,routine,with:default",MenA,total,routine,NGA,Nigeria,2021,0,0,default routine age,<NA>,0.6646999999999999575451,both,0.6999999999999999556
mena-campaign-routine-default,"MenA:MenA,routine,with:default",MenA,total,routine,NGA,Nigeria,2022,0,0,default routine age,<NA>,0.6999999999992999599741,both,0.6999999999999999556
mena-campaign-routine-default,"MenA:MenA,routine,with:default",MenA,total,routine,NGA,Nigeria,2023,0,0,<NA>,<NA>,0.6999999999809810580231,both,0.6999999999999999556
mena-campaign-routine-default,"MenA:MenA,routine,with:default",MenA,total,routine,NGA,Nigeria,2024,0,0,<NA>,<NA>,0.6999999994832506455822,both,0.6999999999999999556
mena-campaign-routine-default,"MenA:MenA,routine,with:default",MenA,total,routine,NGA,Nigeria,2025,0,0,<NA>,<NA>,0.6999999859597220153162,both,0.6999999999999999556
mena-campaign-routine-default,"MenA:MenA,routine,with:default",MenA,total,routine,NGA,Nigeria,2026,0,0,<NA>,<NA>,0.6999996185202749243714,both,0.6999999999999999556
mena-campaign-routine-default,"MenA:MenA,routine,with:default",MenA,total,routine,SDN,Sudan,2017,0,0,default routine age,<NA>,0.8199999999999999511502,both,1
mena-campaign-routine-default,"MenA:MenA,routine,with:default",MenA,total,routine,SDN,Sudan,2018,0,0,default routine age,<NA>,0.8409999999999999698019,both,1
mena-campaign-routine-default,"MenA:MenA,routine,with:default",MenA,total,routine,SDN,Sudan,2019,0,0,default routine age,<NA>,0.857999999999999984901,both,1
mena-campaign-routine-default,"MenA:MenA,routine,with:default",MenA,total,routine,SDN,Sudan,2020,0,0,default routine age,<NA>,0.8423999999999999266365,both,1
mena-campaign-routine-default,"MenA:MenA,routine,with:default",MenA,total,routine,SDN,Sudan,2021,0,0,default routine age,<NA>,0.7998000000000000664357,both,1
mena-campaign-routine-default,"MenA:MenA,routine,with:default",MenA,total,routine,SDN,Sudan,2022,0,0,use default routine age for this projection,<NA>,0.6398400000000000753531,both,1
mena-campaign-routine-default,"MenA:MenA,routine,with:default",MenA,total,routine,SDN,Sudan,2023,0,0,<NA>,<NA>,0.6829237826551137757747,both,1
mena-campaign-routine-default,"MenA:MenA,routine,with:default",MenA,total,routine,SDN,Sudan,2024,0,0,<NA>,<NA>,0.7208537105571369840717,both,1
mena-campaign-routine-default,"MenA:MenA,routine,with:default",MenA,total,routine,SDN,Sudan,2025,0,0,<NA>,<NA>,0.7542463084673373119315,both,1
mena-campaign-routine-default,"MenA:MenA,routine,with:default",MenA,total,routine,SDN,Sudan,2026,0,0,<NA>,<NA>,0.7836443499841218018886,both,1
mena-campaign-routine-default,"MenA:MenA,routine,with:default",MenA,total,routine,SSD,South Sudan,2023,0,0,<NA>,<NA>,0.0973333333333332301196,both,0.5
mena-campaign-routine-default,"MenA:MenA,routine,with:default",MenA,total,routine,SSD,South Sudan,2024,0,0,<NA>,<NA>,0.2105960147705863150236,both,0.5
mena-campaign-routine-default,"MenA:MenA,routine,with:default",MenA,total,routine,SSD,South Sudan,2025,0,0,<NA>,<NA>,0.2919999999999999817923,both,0.5
mena-campaign-routine-default,"MenA:MenA,routine,with:default",MenA,total,routine,SSD,South Sudan,2026,0,0,<NA>,<NA>,0.3063759275193533859749,both,0.5
mena-campaign-routine-default,"MenA:MenA,routine,with:default",MenA,total,routine,TCD,Chad,2018,0,0,default routine age,<NA>,0.7034000000000000252243,both,1
mena-campaign-routine-default,"MenA:MenA,routine,with:default",MenA,total,routine,TCD,Chad,2019,0,0,default routine age,<NA>,0.6990000000000000657252,both,1
mena-campaign-routine-default,"MenA:MenA,routine,with:default",MenA,total,routine,TCD,Chad,2020,0,0,default routine age,<NA>,0.7456999999999999184652,both,1
mena-campaign-routine-default,"MenA:MenA,routine,with:default",MenA,total,routine,TCD,Chad,2021,0,0,default routine age,<NA>,0.8225000000000000088818,both,1
mena-campaign-routine-default,"MenA:MenA,routine,with:default",MenA,total,routine,TCD,Chad,2022,0,0,default routine age,<NA>,0.8336000000000000076383,both,1
mena-campaign-routine-default,"MenA:MenA,routine,with:default",MenA,total,routine,TCD,Chad,2023,0,0,<NA>,<NA>,0.8336000000000000076383,both,1
mena-campaign-routine-default,"MenA:MenA,routine,with:default",MenA,total,routine,TCD,Chad,2024,0,0,<NA>,<NA>,0.8336000000000000076383,both,1
mena-campaign-routine-default,"MenA:MenA,routine,with:default",MenA,total,routine,TCD,Chad,2025,0,0,<NA>,<NA>,0.8336000000000000076383,both,1
mena-campaign-routine-default,"MenA:MenA,routine,with:default",MenA,total,routine,TCD,Chad,2026,0,0,<NA>,<NA>,0.8336000000000000076383,both,1
mena-campaign-routine-default,"MenA:MenA,routine,with:default",MenA,total,routine,TGO,Togo,2022,0,0,default routine age,<NA>,0.1999999999998000044243,both,0.2000000000000000111
mena-campaign-routine-default,"MenA:MenA,routine,with:default",MenA,total,routine,TGO,Togo,2023,0,0,<NA>,<NA>,0.1999999999948417761519,both,0.2000000000000000111
mena-campaign-routine-default,"MenA:MenA,routine,with:default",MenA,total,routine,TGO,Togo,2024,0,0,<NA>,<NA>,0.1999999998669608758384,both,0.2000000000000000111
mena-campaign-routine-default,"MenA:MenA,routine,with:default",MenA,total,routine,TGO,Togo,2025,0,0,<NA>,<NA>,0.1999999965686984904067,both,0.2000000000000000111
mena-campaign-routine-default,"MenA:MenA,routine,with:default",MenA,total,routine,TGO,Togo,2026,0,0,<NA>,<NA>,0.1999999115009971073498,both,0.2000000000000000111
mena-campaign-routine-default,"MenA:MenA,routine,with:default",MenA,total,routine,TZA,"Tanzania, United Republic of",2026,0,0,<NA>,<NA>,0.0234666666666666426377,both,0.1000000000000000056
mena-campaign-routine-default,"MenA:MenA,routine,with:default",MenA,total,routine,UGA,Uganda,2025,0,0,<NA>,<NA>,0.024415708239069411345,both,0.1000000000000000056
mena-campaign-routine-default,"MenA:MenA,routine,with:default",MenA,total,routine,UGA,Uganda,2026,0,0,<NA>,<NA>,0.0550322656695012499273,both,0.1000000000000000056
mena-campaign-routine-default,"MenA:MenACWYX,campaign,with:default",MenACWYX,total,campaign,BDI,Burundi,2027,1,19,<NA>,7525608.5,0.1900000000000000022204,both,0.2000000000000000111
mena-campaign-routine-default,"MenA:MenACWYX,campaign,with:default",MenACWYX,total,campaign,BEN,Benin,2027,1,19,<NA>,7400247.5,0.1900000000000000022204,both,0.2000000000000000111
mena-campaign-routine-default,"MenA:MenACWYX,campaign,with:default",MenACWYX,total,campaign,BFA,Burkina Faso,2027,1,19,<NA>,12769711.5,0.9499999999999999555911,both,1
mena-campaign-routine-default,"MenA:MenACWYX,campaign,with:default",MenACWYX,total,campaign,CAF,Central African Republic,2027,1,19,<NA>,3551940,0.0950000000000000011102,both,0.1000000000000000056
mena-campaign-routine-default,"MenA:MenACWYX,campaign,with:default",MenACWYX,total,campaign,CIV,Cote d'Ivoire,2027,1,19,<NA>,15197631,0.1900000000000000022204,both,0.2000000000000000111
mena-campaign-routine-default,"MenA:MenACWYX,campaign,with:default",MenACWYX,total,campaign,CMR,Cameroon,2027,1,19,<NA>,15342517,0.1900000000000000022204,both,0.2000000000000000111
mena-campaign-routine-default,"MenA:MenACWYX,campaign,with:default",MenACWYX,total,campaign,COD,"Congo, the Democratic Republic of the",2027,1,19,<NA>,61484138,0.1900000000000000022204,both,0.2000000000000000111
mena-campaign-routine-default,"MenA:MenACWYX,campaign,with:default",MenACWYX,total,campaign,ERI,Eritrea,2027,1,19,<NA>,1838967.5,0.0950000000000000011102,both,0.1000000000000000056
mena-campaign-routine-default,"MenA:MenACWYX,campaign,with:default",MenACWYX,total,campaign,ETH,Ethiopia,2027,1,19,<NA>,63811316,0.9499999999999999555911,both,1
mena-campaign-routine-default,"MenA:MenACWYX,campaign,with:default",MenACWYX,total,campaign,GHA,Ghana,2027,1,19,<NA>,15733342,0.1900000000000000022204,both,0.2000000000000000111
mena-campaign-routine-default,"MenA:MenACWYX,campaign,with:default",MenACWYX,total,campaign,GIN,Guinea,2027,1,19,<NA>,7407433,0.1900000000000000022204,both,0.2000000000000000111
mena-campaign-routine-default,"MenA:MenACWYX,campaign,with:default",MenACWYX,total,campaign,GMB,Gambia,2027,1,19,<NA>,1496046,0.9499999999999999555911,both,1
mena-campaign-routine-default,"MenA:MenACWYX,campaign,with:default",MenACWYX,total,campaign,GNB,Guinea-Bissau,2027,1,19,<NA>,1076496.5,0.1900000000000000022204,both,0.2000000000000000111
mena-campaign-routine-default,"MenA:MenACWYX,campaign,with:default",MenACWYX,total,campaign,KEN,Kenya,2027,1,19,<NA>,26163647,0.0950000000000000011102,both,0.1000000000000000056
mena-campaign-routine-default,"MenA:MenACWYX,campaign,with:default",MenACWYX,total,campaign,MLI,Mali,2027,1,19,<NA>,14068418.5,0.9499999999999999555911,both,1
mena-campaign-routine-default,"MenA:MenACWYX,campaign,with:default",MenACWYX,total,campaign,MRT,Mauritania,2027,1,19,<NA>,2570084,0.1900000000000000022204,both,0.2000000000000000111
mena-campaign-routine-default,"MenA:MenACWYX,campaign,with:default",MenACWYX,total,campaign,NER,Niger,2027,1,19,<NA>,17368774.5,0.9499999999999999555911,both,1
mena-campaign-routine-default,"MenA:MenACWYX,campaign,with:default",MenACWYX,total,campaign,NGA,Nigeria,2027,1,19,<NA>,121036485.5,0.6650000000000000355271,both,0.6999999999999999556
mena-campaign-routine-default,"MenA:MenACWYX,campaign,with:default",MenACWYX,total,campaign,RWA,Rwanda,2027,1,19,<NA>,6864357,0.1900000000000000022204,both,0.2000000000000000111
mena-campaign-routine-default,"MenA:MenACWYX,campaign,with:default",MenACWYX,total,campaign,SDN,Sudan,2027,1,19,<NA>,25004791.5,0.9499999999999999555911,both,1
mena-campaign-routine-default,"MenA:MenACWYX,campaign,with:default",MenACWYX,total,campaign,SEN,Senegal,2027,1,19,<NA>,9349332.5,0.1900000000000000022204,both,0.2000000000000000111
mena-campaign-routine-default,"MenA:MenACWYX,campaign,with:default",MenACWYX,total,campaign,SSD,South Sudan,2027,1,19,<NA>,5870908.5,0.4749999999999999777955,both,0.5
mena-campaign-routine-default,"MenA:MenACWYX,campaign,with:default",MenACWYX,total,campaign,TCD,Chad,2027,1,19,<NA>,11059501,0.9499999999999999555911,both,1
mena-campaign-routine-default,"MenA:MenACWYX,campaign,with:default",MenACWYX,total,campaign,TGO,Togo,2027,1,19,<NA>,4567521.5,0.1900000000000000022204,both,0.2000000000000000111
mena-campaign-routine-default,"MenA:MenACWYX,campaign,with:default",MenACWYX,total,campaign,TZA,"Tanzania, United Republic of",2027,1,19,<NA>,37523651.5,0.0950000000000000011102,both,0.1000000000000000056
mena-campaign-routine-default,"MenA:MenACWYX,campaign,with:default",MenACWYX,total,campaign,UGA,Uganda,2027,1,19,<NA>,27661405,0.0950000000000000011102,both,0.1000000000000000056
mena-campaign-routine-default,"MenA:MenACWYX,routine,with:default",MenACWYX,total,routine,BDI,Burundi,2027,0,0,<NA>,<NA>,0.1099558401329331636109,both,0.2000000000000000111
mena-campaign-routine-default,"MenA:MenACWYX,routine,with:default",MenACWYX,total,routine,BDI,Burundi,2028,0,0,<NA>,<NA>,0.1463785257938562123226,both,0.2000000000000000111
mena-campaign-routine-default,"MenA:MenACWYX,routine,with:default",MenACWYX,total,routine,BDI,Burundi,2029,0,0,<NA>,<NA>,0.1699037581894492499046,both,0.2000000000000000111
mena-campaign-routine-default,"MenA:MenACWYX,routine,with:default",MenACWYX,total,routine,BDI,Burundi,2030,0,0,<NA>,<NA>,0.1831078166997623934975,both,0.2000000000000000111
mena-campaign-routine-default,"MenA:MenACWYX,routine,with:default",MenACWYX,total,routine,BDI,Burundi,2031,0,0,<NA>,<NA>,0.1851078166997623952739,both,0.2000000000000000111
mena-campaign-routine-default,"MenA:MenACWYX,routine,with:default",MenACWYX,total,routine,BDI,Burundi,2032,0,0,<NA>,<NA>,0.1871078166997623970502,both,0.2000000000000000111
mena-campaign-routine-default,"MenA:MenACWYX,routine,with:default",MenACWYX,total,routine,BDI,Burundi,2033,0,0,<NA>,<NA>,0.1891078166997623988266,both,0.2000000000000000111
mena-campaign-routine-default,"MenA:MenACWYX,routine,with:default",MenACWYX,total,routine,BDI,Burundi,2034,0,0,<NA>,<NA>,0.1900000000000000022204,both,0.2000000000000000111
mena-campaign-routine-default,"MenA:MenACWYX,routine,with:default",MenACWYX,total,routine,BDI,Burundi,2035,0,0,<NA>,<NA>,0.1900000000000000022204,both,0.2000000000000000111
mena-campaign-routine-default,"MenA:MenACWYX,routine,with:default",MenACWYX,total,routine,BDI,Burundi,2036,0,0,<NA>,<NA>,0.1900000000000000022204,both,0.2000000000000000111
mena-campaign-routine-default,"MenA:MenACWYX,routine,with:default",MenACWYX,total,routine,BDI,Burundi,2037,0,0,<NA>,<NA>,0.1900000000000000022204,both,0.2000000000000000111
mena-campaign-routine-default,"MenA:MenACWYX,routine,with:default",MenACWYX,total,routine,BDI,Burundi,2038,0,0,<NA>,<NA>,0.1900000000000000022204,both,0.2000000000000000111
mena-campaign-routine-default,"MenA:MenACWYX,routine,with:default",MenACWYX,total,routine,BDI,Burundi,2039,0,0,<NA>,<NA>,0.1900000000000000022204,both,0.2000000000000000111
mena-campaign-routine-default,"MenA:MenACWYX,routine,with:default",MenACWYX,total,routine,BDI,Burundi,2040,0,0,<NA>,<NA>,0.1900000000000000022204,both,0.2000000000000000111
mena-campaign-routine-default,"MenA:MenACWYX,routine,with:default",MenACWYX,total,routine,BDI,Burundi,2041,0,0,<NA>,<NA>,0.1900000000000000022204,both,0.2000000000000000111
mena-campaign-routine-default,"MenA:MenACWYX,routine,with:default",MenACWYX,total,routine,BDI,Burundi,2042,0,0,<NA>,<NA>,0.1900000000000000022204,both,0.2000000000000000111
mena-campaign-routine-default,"MenA:MenACWYX,routine,with:default",MenACWYX,total,routine,BDI,Burundi,2043,0,0,<NA>,<NA>,0.1900000000000000022204,both,0.2000000000000000111
mena-campaign-routine-default,"MenA:MenACWYX,routine,with:default",MenACWYX,total,routine,BDI,Burundi,2044,0,0,<NA>,<NA>,0.1900000000000000022204,both,0.2000000000000000111
mena-campaign-routine-default,"MenA:MenACWYX,routine,with:default",MenACWYX,total,routine,BDI,Burundi,2045,0,0,<NA>,<NA>,0.1900000000000000022204,both,0.2000000000000000111
mena-campaign-routine-default,"MenA:MenACWYX,routine,with:default",MenACWYX,total,routine,BDI,Burundi,2046,0,0,<NA>,<NA>,0.1900000000000000022204,both,0.2000000000000000111
mena-campaign-routine-default,"MenA:MenACWYX,routine,with:default",MenACWYX,total,routine,BDI,Burundi,2047,0,0,<NA>,<NA>,0.1900000000000000022204,both,0.2000000000000000111
mena-campaign-routine-default,"MenA:MenACWYX,routine,with:default",MenACWYX,total,routine,BDI,Burundi,2048,0,0,<NA>,<NA>,0.1900000000000000022204,both,0.2000000000000000111
mena-campaign-routine-default,"MenA:MenACWYX,routine,with:default",MenACWYX,total,routine,BDI,Burundi,2049,0,0,<NA>,<NA>,0.1900000000000000022204,both,0.2000000000000000111
mena-campaign-routine-default,"MenA:MenACWYX,routine,with:default",MenACWYX,total,routine,BDI,Burundi,2050,0,0,<NA>,<NA>,0.1900000000000000022204,both,0.2000000000000000111
mena-campaign-routine-default,"MenA:MenACWYX,routine,with:default",MenACWYX,total,routine,BDI,Burundi,2051,0,0,<NA>,<NA>,0.1900000000000000022204,both,0.2000000000000000111
mena-campaign-routine-default,"MenA:MenACWYX,routine,with:default",MenACWYX,total,routine,BDI,Burundi,2052,0,0,<NA>,<NA>,0.1900000000000000022204,both,0.2000000000000000111
mena-campaign-routine-default,"MenA:MenACWYX,routine,with:default",MenACWYX,total,routine,BDI,Burundi,2053,0,0,<NA>,<NA>,0.1900000000000000022204,both,0.2000000000000000111
mena-campaign-routine-default,"MenA:MenACWYX,routine,with:default",MenACWYX,total,routine,BDI,Burundi,2054,0,0,<NA>,<NA>,0.1900000000000000022204,both,0.2000000000000000111
mena-campaign-routine-default,"MenA:MenACWYX,routine,with:default",MenACWYX,total,routine,BDI,Burundi,2055,0,0,<NA>,<NA>,0.1900000000000000022204,both,0.2000000000000000111
mena-campaign-routine-default,"MenA:MenACWYX,routine,with:default",MenACWYX,total,routine,BDI,Burundi,2056,0,0,<NA>,<NA>,0.1900000000000000022204,both,0.2000000000000000111
mena-campaign-routine-default,"MenA:MenACWYX,routine,with:default",MenACWYX,total,routine,BDI,Burundi,2057,0,0,<NA>,<NA>,0.1900000000000000022204,both,0.2000000000000000111
mena-campaign-routine-default,"MenA:MenACWYX,routine,with:default",MenACWYX,total,routine,BDI,Burundi,2058,0,0,<NA>,<NA>,0.1900000000000000022204,both,0.2000000000000000111
mena-campaign-routine-default,"MenA:MenACWYX,routine,with:default",MenACWYX,total,routine,BDI,Burundi,2059,0,0,<NA>,<NA>,0.1900000000000000022204,both,0.2000000000000000111
mena-campaign-routine-default,"MenA:MenACWYX,routine,with:default",MenACWYX,total,routine,BDI,Burundi,2060,0,0,<NA>,<NA>,0.1900000000000000022204,both,0.2000000000000000111
mena-campaign-routine-default,"MenA:MenACWYX,routine,with:default",MenACWYX,total,routine,BDI,Burundi,2061,0,0,<NA>,<NA>,0.1900000000000000022204,both,0.2000000000000000111
mena-campaign-routine-default,"MenA:MenACWYX,routine,with:default",MenACWYX,total,routine,BDI,Burundi,2062,0,0,<NA>,<NA>,0.1900000000000000022204,both,0.2000000000000000111
mena-campaign-routine-default,"MenA:MenACWYX,routine,with:default",MenACWYX,total,routine,BDI,Burundi,2063,0,0,<NA>,<NA>,0.1900000000000000022204,both,0.2000000000000000111
mena-campaign-routine-default,"MenA:MenACWYX,routine,with:default",MenACWYX,total,routine,BDI,Burundi,2064,0,0,<NA>,<NA>,0.1900000000000000022204,both,0.2000000000000000111
mena-campaign-routine-default,"MenA:MenACWYX,routine,with:default",MenACWYX,total,routine,BDI,Burundi,2065,0,0,<NA>,<NA>,0.1900000000000000022204,both,0.2000000000000000111
mena-campaign-routine-default,"MenA:MenACWYX,routine,with:default",MenACWYX,total,routine,BDI,Burundi,2066,0,0,<NA>,<NA>,0.1900000000000000022204,both,0.2000000000000000111
mena-campaign-routine-default,"MenA:MenACWYX,routine,with:default",MenACWYX,total,routine,BDI,Burundi,2067,0,0,<NA>,<NA>,0.1900000000000000022204,both,0.2000000000000000111
mena-campaign-routine-default,"MenA:MenACWYX,routine,with:default",MenACWYX,total,routine,BDI,Burundi,2068,0,0,<NA>,<NA>,0.1900000000000000022204,both,0.2000000000000000111
mena-campaign-routine-default,"MenA:MenACWYX,routine,with:default",MenACWYX,total,routine,BDI,Burundi,2069,0,0,<NA>,<NA>,0.1900000000000000022204,both,0.2000000000000000111
mena-campaign-routine-default,"MenA:MenACWYX,routine,with:default",MenACWYX,total,routine,BDI,Burundi,2070,0,0,<NA>,<NA>,0.1900000000000000022204,both,0.2000000000000000111
mena-campaign-routine-default,"MenA:MenACWYX,routine,with:default",MenACWYX,total,routine,BDI,Burundi,2071,0,0,<NA>,<NA>,0.1900000000000000022204,both,0.2000000000000000111
mena-campaign-routine-default,"MenA:MenACWYX,routine,with:default",MenACWYX,total,routine,BDI,Burundi,2072,0,0,<NA>,<NA>,0.1900000000000000022204,both,0.2000000000000000111
mena-campaign-routine-default,"MenA:MenACWYX,routine,with:default",MenACWYX,total,routine,BDI,Burundi,2073,0,0,<NA>,<NA>,0.1900000000000000022204,both,0.2000000000000000111
mena-campaign-routine-default,"MenA:MenACWYX,routine,with:default",MenACWYX,total,routine,BDI,Burundi,2074,0,0,<NA>,<NA>,0.1900000000000000022204,both,0.2000000000000000111
mena-campaign-routine-default,"MenA:MenACWYX,routine,with:default",MenACWYX,total,routine,BDI,Burundi,2075,0,0,<NA>,<NA>,0.1900000000000000022204,both,0.2000000000000000111
mena-campaign-routine-default,"MenA:MenACWYX,routine,with:default",MenACWYX,total,routine,BDI,Burundi,2076,0,0,<NA>,<NA>,0.1900000000000000022204,both,0.2000000000000000111
mena-campaign-routine-default,"MenA:MenACWYX,routine,with:default",MenACWYX,total,routine,BDI,Burundi,2077,0,0,<NA>,<NA>,0.1900000000000000022204,both,0.2000000000000000111
mena-campaign-routine-default,"MenA:MenACWYX,routine,with:default",MenACWYX,total,routine,BDI,Burundi,2078,0,0,<NA>,<NA>,0.1900000000000000022204,both,0.2000000000000000111
mena-campaign-routine-default,"MenA:MenACWYX,routine,with:default",MenACWYX,total,routine,BDI,Burundi,2079,0,0,<NA>,<NA>,0.1900000000000000022204,both,0.2000000000000000111
mena-campaign-routine-default,"MenA:MenACWYX,routine,with:default",MenACWYX,total,routine,BDI,Burundi,2080,0,0,<NA>,<NA>,0.1900000000000000022204,both,0.2000000000000000111
mena-campaign-routine-default,"MenA:MenACWYX,routine,with:default",MenACWYX,total,routine,BDI,Burundi,2081,0,0,<NA>,<NA>,0.1900000000000000022204,both,0.2000000000000000111
mena-campaign-routine-default,"MenA:MenACWYX,routine,with:default",MenACWYX,total,routine,BDI,Burundi,2082,0,0,<NA>,<NA>,0.1900000000000000022204,both,0.2000000000000000111
mena-campaign-routine-default,"MenA:MenACWYX,routine,with:default",MenACWYX,total,routine,BDI,Burundi,2083,0,0,<NA>,<NA>,0.1900000000000000022204,both,0.2000000000000000111
mena-campaign-routine-default,"MenA:MenACWYX,routine,with:default",MenACWYX,total,routine,BDI,Burundi,2084,0,0,<NA>,<NA>,0.1900000000000000022204,both,0.2000000000000000111
mena-campaign-routine-default,"MenA:MenACWYX,routine,with:default",MenACWYX,total,routine,BDI,Burundi,2085,0,0,<NA>,<NA>,0.1900000000000000022204,both,0.2000000000000000111
mena-campaign-routine-default,"MenA:MenACWYX,routine,with:default",MenACWYX,total,routine,BDI,Burundi,2086,0,0,<NA>,<NA>,0.1900000000000000022204,both,0.2000000000000000111
mena-campaign-routine-default,"MenA:MenACWYX,routine,with:default",MenACWYX,total,routine,BDI,Burundi,2087,0,0,<NA>,<NA>,0.1900000000000000022204,both,0.2000000000000000111
mena-campaign-routine-default,"MenA:MenACWYX,routine,with:default",MenACWYX,total,routine,BDI,Burundi,2088,0,0,<NA>,<NA>,0.1900000000000000022204,both,0.2000000000000000111
mena-campaign-routine-default,"MenA:MenACWYX,routine,with:default",MenACWYX,total,routine,BDI,Burundi,2089,0,0,<NA>,<NA>,0.1900000000000000022204,both,0.2000000000000000111
mena-campaign-routine-default,"MenA:MenACWYX,routine,with:default",MenACWYX,total,routine,BDI,Burundi,2090,0,0,<NA>,<NA>,0.1900000000000000022204,both,0.2000000000000000111
mena-campaign-routine-default,"MenA:MenACWYX,routine,with:default",MenACWYX,total,routine,BDI,Burundi,2091,0,0,<NA>,<NA>,0.1900000000000000022204,both,0.2000000000000000111
mena-campaign-routine-default,"MenA:MenACWYX,routine,with:default",MenACWYX,total,routine,BDI,Burundi,2092,0,0,<NA>,<NA>,0.1900000000000000022204,both,0.2000000000000000111
mena-campaign-routine-default,"MenA:MenACWYX,routine,with:default",MenACWYX,total,routine,BDI,Burundi,2093,0,0,<NA>,<NA>,0.1900000000000000022204,both,0.2000000000000000111
mena-campaign-routine-default,"MenA:MenACWYX,routine,with:default",MenACWYX,total,routine,BDI,Burundi,2094,0,0,<NA>,<NA>,0.1900000000000000022204,both,0.2000000000000000111
mena-campaign-routine-default,"MenA:MenACWYX,routine,with:default",MenACWYX,total,routine,BDI,Burundi,2095,0,0,<NA>,<NA>,0.1900000000000000022204,both,0.2000000000000000111
mena-campaign-routine-default,"MenA:MenACWYX,routine,with:default",MenACWYX,total,routine,BDI,Burundi,2096,0,0,<NA>,<NA>,0.1900000000000000022204,both,0.2000000000000000111
mena-campaign-routine-default,"MenA:MenACWYX,routine,with:default",MenACWYX,total,routine,BDI,Burundi,2097,0,0,<NA>,<NA>,0.1900000000000000022204,both,0.2000000000000000111
mena-campaign-routine-default,"MenA:MenACWYX,routine,with:default",MenACWYX,total,routine,BDI,Burundi,2098,0,0,<NA>,<NA>,0.1900000000000000022204,both,0.2000000000000000111
mena-campaign-routine-default,"MenA:MenACWYX,routine,with:default",MenACWYX,total,routine,BDI,Burundi,2099,0,0,<NA>,<NA>,0.1900000000000000022204,both,0.2000000000000000111
mena-campaign-routine-default,"MenA:MenACWYX,routine,with:default",MenACWYX,total,routine,BDI,Burundi,2100,0,0,<NA>,<NA>,0.1900000000000000022204,both,0.2000000000000000111
mena-campaign-routine-default,"MenA:MenACWYX,routine,with:default",MenACWYX,total,routine,BEN,Benin,2027,0,0,<NA>,<NA>,0.140148574519031399177,both,0.2000000000000000111
mena-campaign-routine-default,"MenA:MenACWYX,routine,with:default",MenACWYX,total,routine,BEN,Benin,2028,0,0,<NA>,<NA>,0.146846774972161531192,both,0.2000000000000000111
mena-campaign-routine-default,"MenA:MenACWYX,routine,with:default",MenACWYX,total,routine,BEN,Benin,2029,0,0,<NA>,<NA>,0.1527953543603000063911,both,0.2000000000000000111
mena-campaign-routine-default,"MenA:MenACWYX,routine,with:default",MenACWYX,total,routine,BEN,Benin,2030,0,0,<NA>,<NA>,0.1580782056252916234484,both,0.2000000000000000111
mena-campaign-routine-default,"MenA:MenACWYX,routine,with:default",MenACWYX,total,routine,BEN,Benin,2031,0,0,<NA>,<NA>,0.1600782056252916252248,both,0.2000000000000000111
mena-campaign-routine-default,"MenA:MenACWYX,routine,with:default",MenACWYX,total,routine,BEN,Benin,2032,0,0,<NA>,<NA>,0.1620782056252916270012,both,0.2000000000000000111
mena-campaign-routine-default,"MenA:MenACWYX,routine,with:default",MenACWYX,total,routine,BEN,Benin,2033,0,0,<NA>,<NA>,0.1640782056252916287775,both,0.2000000000000000111
mena-campaign-routine-default,"MenA:MenACWYX,routine,with:default",MenACWYX,total,routine,BEN,Benin,2034,0,0,<NA>,<NA>,0.1660782056252916305539,both,0.2000000000000000111
mena-campaign-routine-default,"MenA:MenACWYX,routine,with:default",MenACWYX,total,routine,BEN,Benin,2035,0,0,<NA>,<NA>,0.1680782056252916323302,both,0.2000000000000000111
mena-campaign-routine-default,"MenA:MenACWYX,routine,with:default",MenACWYX,total,routine,BEN,Benin,2036,0,0,<NA>,<NA>,0.170078205625291606351,both,0.2000000000000000111
mena-campaign-routine-default,"MenA:MenACWYX,routine,with:default",MenACWYX,total,routine,BEN,Benin,2037,0,0,<NA>,<NA>,0.1720782056252916081274,both,0.2000000000000000111
mena-campaign-routine-default,"MenA:MenACWYX,routine,with:default",MenACWYX,total,routine,BEN,Benin,2038,0,0,<NA>,<NA>,0.1740782056252916099037,both,0.2000000000000000111
mena-campaign-routine-default,"MenA:MenACWYX,routine,with:default",MenACWYX,total,routine,BEN,Benin,2039,0,0,<NA>,<NA>,0.1760782056252916116801,both,0.2000000000000000111
mena-campaign-routine-default,"MenA:MenACWYX,routine,with:default",MenACWYX,total,routine,BEN,Benin,2040,0,0,<NA>,<NA>,0.1780782056252916134564,both,0.2000000000000000111
mena-campaign-routine-default,"MenA:MenACWYX,routine,with:default",MenACWYX,total,routine,BEN,Benin,2041,0,0,<NA>,<NA>,0.1800782056252916152328,both,0.2000000000000000111
mena-campaign-routine-default,"MenA:MenACWYX,routine,with:default",MenACWYX,total,routine,BEN,Benin,2042,0,0,<NA>,<NA>,0.1820782056252916170092,both,0.2000000000000000111
mena-campaign-routine-default,"MenA:MenACWYX,routine,with:default",MenACWYX,total,routine,BEN,Benin,2043,0,0,<NA>,<NA>,0.1840782056252916187855,both,0.2000000000000000111
mena-campaign-routine-default,"MenA:MenACWYX,routine,with:default",MenACWYX,total,routine,BEN,Benin,2044,0,0,<NA>,<NA>,0.1860782056252916205619,both,0.2000000000000000111
mena-campaign-routine-default,"MenA:MenACWYX,routine,with:default",MenACWYX,total,routine,BEN,Benin,2045,0,0,<NA>,<NA>,0.1880782056252916223382,both,0.2000000000000000111
mena-campaign-routine-default,"MenA:MenACWYX,routine,with:default",MenACWYX,total,routine,BEN,Benin,2046,0,0,<NA>,<NA>,0.1900000000000000022204,both,0.2000000000000000111
mena-campaign-routine-default,"MenA:MenACWYX,routine,with:default",MenACWYX,total,routine,BEN,Benin,2047,0,0,<NA>,<NA>,0.1900000000000000022204,both,0.2000000000000000111
mena-campaign-routine-default,"MenA:MenACWYX,routine,with:default",MenACWYX,total,routine,BEN,Benin,2048,0,0,<NA>,<NA>,0.1900000000000000022204,both,0.2000000000000000111
mena-campaign-routine-default,"MenA:MenACWYX,routine,with:default",MenACWYX,total,routine,BEN,Benin,2049,0,0,<NA>,<NA>,0.1900000000000000022204,both,0.2000000000000000111
mena-campaign-routine-default,"MenA:MenACWYX,routine,with:default",MenACWYX,total,routine,BEN,Benin,2050,0,0,<NA>,<NA>,0.1900000000000000022204,both,0.2000000000000000111
mena-campaign-routine-default,"MenA:MenACWYX,routine,with:default",MenACWYX,total,routine,BEN,Benin,2051,0,0,<NA>,<NA>,0.1900000000000000022204,both,0.2000000000000000111
mena-campaign-routine-default,"MenA:MenACWYX,routine,with:default",MenACWYX,total,routine,BEN,Benin,2052,0,0,<NA>,<NA>,0.1900000000000000022204,both,0.2000000000000000111
mena-campaign-routine-default,"MenA:MenACWYX,routine,with:default",MenACWYX,total,routine,BEN,Benin,2053,0,0,<NA>,<NA>,0.1900000000000000022204,both,0.2000000000000000111
mena-campaign-routine-default,"MenA:MenACWYX,routine,with:default",MenACWYX,total,routine,BEN,Benin,2054,0,0,<NA>,<NA>,0.1900000000000000022204,both,0.2000000000000000111
mena-campaign-routine-default,"MenA:MenACWYX,routine,with:default",MenACWYX,total,routine,BEN,Benin,2055,0,0,<NA>,<NA>,0.1900000000000000022204,both,0.2000000000000000111
mena-campaign-routine-default,"MenA:MenACWYX,routine,with:default",MenACWYX,total,routine,BEN,Benin,2056,0,0,<NA>,<NA>,0.1900000000000000022204,both,0.2000000000000000111
mena-campaign-routine-default,"MenA:MenACWYX,routine,with:default",MenACWYX,total,routine,BEN,Benin,2057,0,0,<NA>,<NA>,0.1900000000000000022204,both,0.2000000000000000111
mena-campaign-routine-default,"MenA:MenACWYX,routine,with:default",MenACWYX,total,routine,BEN,Benin,2058,0,0,<NA>,<NA>,0.1900000000000000022204,both,0.2000000000000000111
mena-campaign-routine-default,"MenA:MenACWYX,routine,with:default",MenACWYX,total,routine,BEN,Benin,2059,0,0,<NA>,<NA>,0.1900000000000000022204,both,0.2000000000000000111
mena-campaign-routine-default,"MenA:MenACWYX,routine,with:default",MenACWYX,total,routine,BEN,Benin,2060,0,0,<NA>,<NA>,0.1900000000000000022204,both,0.2000000000000000111
mena-campaign-routine-default,"MenA:MenACWYX,routine,with:default",MenACWYX,total,routine,BEN,Benin,2061,0,0,<NA>,<NA>,0.1900000000000000022204,both,0.2000000000000000111
mena-campaign-routine-default,"MenA:MenACWYX,routine,with:default",MenACWYX,total,routine,BEN,Benin,2062,0,0,<NA>,<NA>,0.1900000000000000022204,both,0.2000000000000000111
mena-campaign-routine-default,"MenA:MenACWYX,routine,with:default",MenACWYX,total,routine,BEN,Benin,2063,0,0,<NA>,<NA>,0.1900000000000000022204,both,0.2000000000000000111
mena-campaign-routine-default,"MenA:MenACWYX,routine,with:default",MenACWYX,total,routine,BEN,Benin,2064,0,0,<NA>,<NA>,0.1900000000000000022204,both,0.2000000000000000111
mena-campaign-routine-default,"MenA:MenACWYX,routine,with:default",MenACWYX,total,routine,BEN,Benin,2065,0,0,<NA>,<NA>,0.1900000000000000022204,both,0.2000000000000000111
mena-campaign-routine-default,"MenA:MenACWYX,routine,with:default",MenACWYX,total,routine,BEN,Benin,2066,0,0,<NA>,<NA>,0.1900000000000000022204,both,0.2000000000000000111
mena-campaign-routine-default,"MenA:MenACWYX,routine,with:default",MenACWYX,total,routine,BEN,Benin,2067,0,0,<NA>,<NA>,0.1900000000000000022204,both,0.2000000000000000111
mena-campaign-routine-default,"MenA:MenACWYX,routine,with:default",MenACWYX,total,routine,BEN,Benin,2068,0,0,<NA>,<NA>,0.1900000000000000022204,both,0.2000000000000000111
mena-campaign-routine-default,"MenA:MenACWYX,routine,with:default",MenACWYX,total,routine,BEN,Benin,2069,0,0,<NA>,<NA>,0.1900000000000000022204,both,0.2000000000000000111
mena-campaign-routine-default,"MenA:MenACWYX,routine,with:default",MenACWYX,total,routine,BEN,Benin,2070,0,0,<NA>,<NA>,0.1900000000000000022204,both,0.2000000000000000111
mena-campaign-routine-default,"MenA:MenACWYX,routine,with:default",MenACWYX,total,routine,BEN,Benin,2071,0,0,<NA>,<NA>,0.1900000000000000022204,both,0.2000000000000000111
mena-campaign-routine-default,"MenA:MenACWYX,routine,with:default",MenACWYX,total,routine,BEN,Benin,2072,0,0,<NA>,<NA>,0.1900000000000000022204,both,0.2000000000000000111
mena-campaign-routine-default,"MenA:MenACWYX,routine,with:default",MenACWYX,total,routine,BEN,Benin,2073,0,0,<NA>,<NA>,0.1900000000000000022204,both,0.2000000000000000111
mena-campaign-routine-default,"MenA:MenACWYX,routine,with:default",MenACWYX,total,routine,BEN,Benin,2074,0,0,<NA>,<NA>,0.1900000000000000022204,both,0.2000000000000000111
mena-campaign-routine-default,"MenA:MenACWYX,routine,with:default",MenACWYX,total,routine,BEN,Benin,2075,0,0,<NA>,<NA>,0.1900000000000000022204,both,0.2000000000000000111
mena-campaign-routine-default,"MenA:MenACWYX,routine,with:default",MenACWYX,total,routine,BEN,Benin,2076,0,0,<NA>,<NA>,0.1900000000000000022204,both,0.2000000000000000111
mena-campaign-routine-default,"MenA:MenACWYX,routine,with:default",MenACWYX,total,routine,BEN,Benin,2077,0,0,<NA>,<NA>,0.1900000000000000022204,both,0.2000000000000000111
mena-campaign-routine-default,"MenA:MenACWYX,routine,with:default",MenACWYX,total,routine,BEN,Benin,2078,0,0,<NA>,<NA>,0.1900000000000000022204,both,0.2000000000000000111
mena-campaign-routine-default,"MenA:MenACWYX,routine,with:default",MenACWYX,total,routine,BEN,Benin,2079,0,0,<NA>,<NA>,0.1900000000000000022204,both,0.2000000000000000111
mena-campaign-routine-default,"MenA:MenACWYX,routine,with:default",MenACWYX,total,routine,BEN,Benin,2080,0,0,<NA>,<NA>,0.1900000000000000022204,both,0.2000000000000000111
mena-campaign-routine-default,"MenA:MenACWYX,routine,with:default",MenACWYX,total,routine,BEN,Benin,2081,0,0,<NA>,<NA>,0.1900000000000000022204,both,0.2000000000000000111
mena-campaign-routine-default,"MenA:MenACWYX,routine,with:default",MenACWYX,total,routine,BEN,Benin,2082,0,0,<NA>,<NA>,0.1900000000000000022204,both,0.2000000000000000111
mena-campaign-routine-default,"MenA:MenACWYX,routine,with:default",MenACWYX,total,routine,BEN,Benin,2083,0,0,<NA>,<NA>,0.1900000000000000022204,both,0.2000000000000000111
mena-campaign-routine-default,"MenA:MenACWYX,routine,with:default",MenACWYX,total,routine,BEN,Benin,2084,0,0,<NA>,<NA>,0.1900000000000000022204,both,0.2000000000000000111
mena-campaign-routine-default,"MenA:MenACWYX,routine,with:default",MenACWYX,total,routine,BEN,Benin,2085,0,0,<NA>,<NA>,0.1900000000000000022204,both,0.2000000000000000111
mena-campaign-routine-default,"MenA:MenACWYX,routine,with:default",MenACWYX,total,routine,BEN,Benin,2086,0,0,<NA>,<NA>,0.1900000000000000022204,both,0.2000000000000000111
mena-campaign-routine-default,"MenA:MenACWYX,routine,with:default",MenACWYX,total,routine,BEN,Benin,2087,0,0,<NA>,<NA>,0.1900000000000000022204,both,0.2000000000000000111
mena-campaign-routine-default,"MenA:MenACWYX,routine,with:default",MenACWYX,total,routine,BEN,Benin,2088,0,0,<NA>,<NA>,0.1900000000000000022204,both,0.2000000000000000111
mena-campaign-routine-default,"MenA:MenACWYX,routine,with:default",MenACWYX,total,routine,BEN,Benin,2089,0,0,<NA>,<NA>,0.1900000000000000022204,both,0.2000000000000000111
mena-campaign-routine-default,"MenA:MenACWYX,routine,with:default",MenACWYX,total,routine,BEN,Benin,2090,0,0,<NA>,<NA>,0.1900000000000000022204,both,0.2000000000000000111
mena-campaign-routine-default,"MenA:MenACWYX,routine,with:default",MenACWYX,total,routine,BEN,Benin,2091,0,0,<NA>,<NA>,0.1900000000000000022204,both,0.2000000000000000111
mena-campaign-routine-default,"MenA:MenACWYX,routine,with:default",MenACWYX,total,routine,BEN,Benin,2092,0,0,<NA>,<NA>,0.1900000000000000022204,both,0.2000000000000000111
mena-campaign-routine-default,"MenA:MenACWYX,routine,with:default",MenACWYX,total,routine,BEN,Benin,2093,0,0,<NA>,<NA>,0.1900000000000000022204,both,0.2000000000000000111
mena-campaign-routine-default,"MenA:MenACWYX,routine,with:default",MenACWYX,total,routine,BEN,Benin,2094,0,0,<NA>,<NA>,0.1900000000000000022204,both,0.2000000000000000111
mena-campaign-routine-default,"MenA:MenACWYX,routine,with:default",MenACWYX,total,routine,BEN,Benin,2095,0,0,<NA>,<NA>,0.1900000000000000022204,both,0.2000000000000000111
mena-campaign-routine-default,"MenA:MenACWYX,routine,with:default",MenACWYX,total,routine,BEN,Benin,2096,0,0,<NA>,<NA>,0.1900000000000000022204,both,0.2000000000000000111
mena-campaign-routine-default,"MenA:MenACWYX,routine,with:default",MenACWYX,total,routine,BEN,Benin,2097,0,0,<NA>,<NA>,0.1900000000000000022204,both,0.2000000000000000111
mena-campaign-routine-default,"MenA:MenACWYX,routine,with:default",MenACWYX,total,routine,BEN,Benin,2098,0,0,<NA>,<NA>,0.1900000000000000022204,both,0.2000000000000000111
mena-campaign-routine-default,"MenA:MenACWYX,routine,with:default",MenACWYX,total,routine,BEN,Benin,2099,0,0,<NA>,<NA>,0.1900000000000000022204,both,0.2000000000000000111
mena-campaign-routine-default,"MenA:MenACWYX,routine,with:default",MenACWYX,total,routine,BEN,Benin,2100,0,0,<NA>,<NA>,0.1900000000000000022204,both,0.2000000000000000111
mena-campaign-routine-default,"MenA:MenACWYX,routine,with:default",MenACWYX,total,routine,BFA,Burkina Faso,2027,0,0,<NA>,<NA>,0.8737000000000000321521,both,1
mena-campaign-routine-default,"MenA:MenACWYX,routine,with:default",MenACWYX,total,routine,BFA,Burkina Faso,2028,0,0,<NA>,<NA>,0.8737000000000000321521,both,1
mena-campaign-routine-default,"MenA:MenACWYX,routine,with:default",MenACWYX,total,routine,BFA,Burkina Faso,2029,0,0,<NA>,<NA>,0.8737000000000000321521,both,1
mena-campaign-routine-default,"MenA:MenACWYX,routine,with:default",MenACWYX,total,routine,BFA,Burkina Faso,2030,0,0,<NA>,<NA>,0.8737000000000000321521,both,1
mena-campaign-routine-default,"MenA:MenACWYX,routine,with:default",MenACWYX,total,routine,BFA,Burkina Faso,2031,0,0,<NA>,<NA>,0.8837000000000000410338,both,1
mena-campaign-routine-default,"MenA:MenACWYX,routine,with:default",MenACWYX,total,routine,BFA,Burkina Faso,2032,0,0,<NA>,<NA>,0.8937000000000000499156,both,1
mena-campaign-routine-default,"MenA:MenACWYX,routine,with:default",MenACWYX,total,routine,BFA,Burkina Faso,2033,0,0,<NA>,<NA>,0.9037000000000000587974,both,1
mena-campaign-routine-default,"MenA:MenACWYX,routine,with:default",MenACWYX,total,routine,BFA,Burkina Faso,2034,0,0,<NA>,<NA>,0.9137000000000000676792,both,1
mena-campaign-routine-default,"MenA:MenACWYX,routine,with:default",MenACWYX,total,routine,BFA,Burkina Faso,2035,0,0,<NA>,<NA>,0.923700000000000076561,both,1
mena-campaign-routine-default,"MenA:MenACWYX,routine,with:default",MenACWYX,total,routine,BFA,Burkina Faso,2036,0,0,<NA>,<NA>,0.9336999999999999744205,both,1
mena-campaign-routine-default,"MenA:MenACWYX,routine,with:default",MenACWYX,total,routine,BFA,Burkina Faso,2037,0,0,<NA>,<NA>,0.9436999999999999833022,both,1
mena-campaign-routine-default,"MenA:MenACWYX,routine,with:default",MenACWYX,total,routine,BFA,Burkina Faso,2038,0,0,<NA>,<NA>,0.9499999999999999555911,both,1
mena-campaign-routine-default,"MenA:MenACWYX,routine,with:default",MenACWYX,total,routine,BFA,Burkina Faso,2039,0,0,<NA>,<NA>,0.9499999999999999555911,both,1
mena-campaign-routine-default,"MenA:MenACWYX,routine,with:default",MenACWYX,total,routine,BFA,Burkina Faso,2040,0,0,<NA>,<NA>,0.9499999999999999555911,both,1
mena-campaign-routine-default,"MenA:MenACWYX,routine,with:default",MenACWYX,total,routine,BFA,Burkina Faso,2041,0,0,<NA>,<NA>,0.9499999999999999555911,both,1
mena-campaign-routine-default,"MenA:MenACWYX,routine,with:default",MenACWYX,total,routine,BFA,Burkina Faso,2042,0,0,<NA>,<NA>,0.9499999999999999555911,both,1
mena-campaign-routine-default,"MenA:MenACWYX,routine,with:default",MenACWYX,total,routine,BFA,Burkina Faso,2043,0,0,<NA>,<NA>,0.9499999999999999555911,both,1
mena-campaign-routine-default,"MenA:MenACWYX,routine,with:default",MenACWYX,total,routine,BFA,Burkina Faso,2044,0,0,<NA>,<NA>,0.9499999999999999555911,both,1
mena-campaign-routine-default,"MenA:MenACWYX,routine,with:default",MenACWYX,total,routine,BFA,Burkina Faso,2045,0,0,<NA>,<NA>,0.9499999999999999555911,both,1
mena-campaign-routine-default,"MenA:MenACWYX,routine,with:default",MenACWYX,total,routine,BFA,Burkina Faso,2046,0,0,<NA>,<NA>,0.9499999999999999555911,both,1
mena-campaign-routine-default,"MenA:MenACWYX,routine,with:default",MenACWYX,total,routine,BFA,Burkina Faso,2047,0,0,<NA>,<NA>,0.9499999999999999555911,both,1
mena-campaign-routine-default,"MenA:MenACWYX,routine,with:default",MenACWYX,total,routine,BFA,Burkina Faso,2048,0,0,<NA>,<NA>,0.9499999999999999555911,both,1
mena-campaign-routine-default,"MenA:MenACWYX,routine,with:default",MenACWYX,total,routine,BFA,Burkina Faso,2049,0,0,<NA>,<NA>,0.9499999999999999555911,both,1
mena-campaign-routine-default,"MenA:MenACWYX,routine,with:default",MenACWYX,total,routine,BFA,Burkina Faso,2050,0,0,<NA>,<NA>,0.9499999999999999555911,both,1
mena-campaign-routine-default,"MenA:MenACWYX,routine,with:default",MenACWYX,total,routine,BFA,Burkina Faso,2051,0,0,<NA>,<NA>,0.9499999999999999555911,both,1
mena-campaign-routine-default,"MenA:MenACWYX,routine,with:default",MenACWYX,total,routine,BFA,Burkina Faso,2052,0,0,<NA>,<NA>,0.9499999999999999555911,both,1
mena-campaign-routine-default,"MenA:MenACWYX,routine,with:default",MenACWYX,total,routine,BFA,Burkina Faso,2053,0,0,<NA>,<NA>,0.9499999999999999555911,both,1
mena-campaign-routine-default,"MenA:MenACWYX,routine,with:default",MenACWYX,total,routine,BFA,Burkina Faso,2054,0,0,<NA>,<NA>,0.9499999999999999555911,both,1
mena-campaign-routine-default,"MenA:MenACWYX,routine,with:default",MenACWYX,total,routine,BFA,Burkina Faso,2055,0,0,<NA>,<NA>,0.9499999999999999555911,both,1
mena-campaign-routine-default,"MenA:MenACWYX,routine,with:default",MenACWYX,total,routine,BFA,Burkina Faso,2056,0,0,<NA>,<NA>,0.9499999999999999555911,both,1
mena-campaign-routine-default,"MenA:MenACWYX,routine,with:default",MenACWYX,total,routine,BFA,Burkina Faso,2057,0,0,<NA>,<NA>,0.9499999999999999555911,both,1
mena-campaign-routine-default,"MenA:MenACWYX,routine,with:default",MenACWYX,total,routine,BFA,Burkina Faso,2058,0,0,<NA>,<NA>,0.9499999999999999555911,both,1
mena-campaign-routine-default,"MenA:MenACWYX,routine,with:default",MenACWYX,total,routine,BFA,Burkina Faso,2059,0,0,<NA>,<NA>,0.9499999999999999555911,both,1
mena-campaign-routine-default,"MenA:MenACWYX,routine,with:default",MenACWYX,total,routine,BFA,Burkina Faso,2060,0,0,<NA>,<NA>,0.9499999999999999555911,both,1
mena-campaign-routine-default,"MenA:MenACWYX,routine,with:default",MenACWYX,total,routine,BFA,Burkina Faso,2061,0,0,<NA>,<NA>,0.9499999999999999555911,both,1
mena-campaign-routine-default,"MenA:MenACWYX,routine,with:default",MenACWYX,total,routine,BFA,Burkina Faso,2062,0,0,<NA>,<NA>,0.9499999999999999555911,both,1
mena-campaign-routine-default,"MenA:MenACWYX,routine,with:default",MenACWYX,total,routine,BFA,Burkina Faso,2063,0,0,<NA>,<NA>,0.9499999999999999555911,both,1
mena-campaign-routine-default,"MenA:MenACWYX,routine,with:default",MenACWYX,total,routine,BFA,Burkina Faso,2064,0,0,<NA>,<NA>,0.9499999999999999555911,both,1
mena-campaign-routine-default,"MenA:MenACWYX,routine,with:default",MenACWYX,total,routine,BFA,Burkina Faso,2065,0,0,<NA>,<NA>,0.9499999999999999555911,both,1
mena-campaign-routine-default,"MenA:MenACWYX,routine,with:default",MenACWYX,total,routine,BFA,Burkina Faso,2066,0,0,<NA>,<NA>,0.9499999999999999555911,both,1
mena-campaign-routine-default,"MenA:MenACWYX,routine,with:default",MenACWYX,total,routine,BFA,Burkina Faso,2067,0,0,<NA>,<NA>,0.9499999999999999555911,both,1
mena-campaign-routine-default,"MenA:MenACWYX,routine,with:default",MenACWYX,total,routine,BFA,Burkina Faso,2068,0,0,<NA>,<NA>,0.9499999999999999555911,both,1
mena-campaign-routine-default,"MenA:MenACWYX,routine,with:default",MenACWYX,total,routine,BFA,Burkina Faso,2069,0,0,<NA>,<NA>,0.9499999999999999555911,both,1
mena-campaign-routine-default,"MenA:MenACWYX,routine,with:default",MenACWYX,total,routine,BFA,Burkina Faso,2070,0,0,<NA>,<NA>,0.9499999999999999555911,both,1
mena-campaign-routine-default,"MenA:MenACWYX,routine,with:default",MenACWYX,total,routine,BFA,Burkina Faso,2071,0,0,<NA>,<NA>,0.9499999999999999555911,both,1
mena-campaign-routine-default,"MenA:MenACWYX,routine,with:default",MenACWYX,total,routine,BFA,Burkina Faso,2072,0,0,<NA>,<NA>,0.9499999999999999555911,both,1
mena-campaign-routine-default,"MenA:MenACWYX,routine,with:default",MenACWYX,total,routine,BFA,Burkina Faso,2073,0,0,<NA>,<NA>,0.9499999999999999555911,both,1
mena-campaign-routine-default,"MenA:MenACWYX,routine,with:default",MenACWYX,total,routine,BFA,Burkina Faso,2074,0,0,<NA>,<NA>,0.9499999999999999555911,both,1
mena-campaign-routine-default,"MenA:MenACWYX,routine,with:default",MenACWYX,total,routine,BFA,Burkina Faso,2075,0,0,<NA>,<NA>,0.9499999999999999555911,both,1
mena-campaign-routine-default,"MenA:MenACWYX,routine,with:default",MenACWYX,total,routine,BFA,Burkina Faso,2076,0,0,<NA>,<NA>,0.9499999999999999555911,both,1
mena-campaign-routine-default,"MenA:MenACWYX,routine,with:default",MenACWYX,total,routine,BFA,Burkina Faso,2077,0,0,<NA>,<NA>,0.9499999999999999555911,both,1
mena-campaign-routine-default,"MenA:MenACWYX,routine,with:default",MenACWYX,total,routine,BFA,Burkina Faso,2078,0,0,<NA>,<NA>,0.9499999999999999555911,both,1
mena-campaign-routine-default,"MenA:MenACWYX,routine,with:default",MenACWYX,total,routine,BFA,Burkina Faso,2079,0,0,<NA>,<NA>,0.9499999999999999555911,both,1
mena-campaign-routine-default,"MenA:MenACWYX,routine,with:default",MenACWYX,total,routine,BFA,Burkina Faso,2080,0,0,<NA>,<NA>,0.9499999999999999555911,both,1
mena-campaign-routine-default,"MenA:MenACWYX,routine,with:default",MenACWYX,total,routine,BFA,Burkina Faso,2081,0,0,<NA>,<NA>,0.9499999999999999555911,both,1
mena-campaign-routine-default,"MenA:MenACWYX,routine,with:default",MenACWYX,total,routine,BFA,Burkina Faso,2082,0,0,<NA>,<NA>,0.9499999999999999555911,both,1
mena-campaign-routine-default,"MenA:MenACWYX,routine,with:default",MenACWYX,total,routine,BFA,Burkina Faso,2083,0,0,<NA>,<NA>,0.9499999999999999555911,both,1
mena-campaign-routine-default,"MenA:MenACWYX,routine,with:default",MenACWYX,total,routine,BFA,Burkina Faso,2084,0,0,<NA>,<NA>,0.9499999999999999555911,both,1
mena-campaign-routine-default,"MenA:MenACWYX,routine,with:default",MenACWYX,total,routine,BFA,Burkina Faso,2085,0,0,<NA>,<NA>,0.9499999999999999555911,both,1
mena-campaign-routine-default,"MenA:MenACWYX,routine,with:default",MenACWYX,total,routine,BFA,Burkina Faso,2086,0,0,<NA>,<NA>,0.9499999999999999555911,both,1
mena-campaign-routine-default,"MenA:MenACWYX,routine,with:default",MenACWYX,total,routine,BFA,Burkina Faso,2087,0,0,<NA>,<NA>,0.9499999999999999555911,both,1
mena-campaign-routine-default,"MenA:MenACWYX,routine,with:default",MenACWYX,total,routine,BFA,Burkina Faso,2088,0,0,<NA>,<NA>,0.9499999999999999555911,both,1
mena-campaign-routine-default,"MenA:MenACWYX,routine,with:default",MenACWYX,total,routine,BFA,Burkina Faso,2089,0,0,<NA>,<NA>,0.9499999999999999555911,both,1
mena-campaign-routine-default,"MenA:MenACWYX,routine,with:default",MenACWYX,total,routine,BFA,Burkina Faso,2090,0,0,<NA>,<NA>,0.9499999999999999555911,both,1
mena-campaign-routine-default,"MenA:MenACWYX,routine,with:default",MenACWYX,total,routine,BFA,Burkina Faso,2091,0,0,<NA>,<NA>,0.9499999999999999555911,both,1
mena-campaign-routine-default,"MenA:MenACWYX,routine,with:default",MenACWYX,total,routine,BFA,Burkina Faso,2092,0,0,<NA>,<NA>,0.9499999999999999555911,both,1
mena-campaign-routine-default,"MenA:MenACWYX,routine,with:default",MenACWYX,total,routine,BFA,Burkina Faso,2093,0,0,<NA>,<NA>,0.9499999999999999555911,both,1
mena-campaign-routine-default,"MenA:MenACWYX,routine,with:default",MenACWYX,total,routine,BFA,Burkina Faso,2094,0,0,<NA>,<NA>,0.9499999999999999555911,both,1
mena-campaign-routine-default,"MenA:MenACWYX,routine,with:default",MenACWYX,total,routine,BFA,Burkina Faso,2095,0,0,<NA>,<NA>,0.9499999999999999555911,both,1
mena-campaign-routine-default,"MenA:MenACWYX,routine,with:default",MenACWYX,total,routine,BFA,Burkina Faso,2096,0,0,<NA>,<NA>,0.9499999999999999555911,both,1
mena-campaign-routine-default,"MenA:MenACWYX,routine,with:default",MenACWYX,total,routine,BFA,Burkina Faso,2097,0,0,<NA>,<NA>,0.9499999999999999555911,both,1
mena-campaign-routine-default,"MenA:MenACWYX,routine,with:default",MenACWYX,total,routine,BFA,Burkina Faso,2098,0,0,<NA>,<NA>,0.9499999999999999555911,both,1
mena-campaign-routine-default,"MenA:MenACWYX,routine,with:default",MenACWYX,total,routine,BFA,Burkina Faso,2099,0,0,<NA>,<NA>,0.9499999999999999555911,both,1
mena-campaign-routine-default,"MenA:MenACWYX,routine,with:default",MenACWYX,total,routine,BFA,Burkina Faso,2100,0,0,<NA>,<NA>,0.9499999999999999555911,both,1
mena-campaign-routine-default,"MenA:MenACWYX,routine,with:default",MenACWYX,total,routine,CAF,Central African Republic,2027,0,0,<NA>,<NA>,0.0999994815701489292437,both,0.1000000000000000056
mena-campaign-routine-default,"MenA:MenACWYX,routine,with:default",MenACWYX,total,routine,CAF,Central African Republic,2028,0,0,<NA>,<NA>,0.0999885809513908624391,both,0.1000000000000000056
mena-campaign-routine-default,"MenA:MenACWYX,routine,with:default",MenACWYX,total,routine,CAF,Central African Republic,2029,0,0,<NA>,<NA>,0.0997484815527747009645,both,0.1000000000000000056
mena-campaign-routine-default,"MenA:MenACWYX,routine,with:default",MenACWYX,total,routine,CAF,Central African Republic,2030,0,0,<NA>,<NA>,0.0944600000000000022959,both,0.1000000000000000056
mena-campaign-routine-default,"MenA:MenACWYX,routine,with:default",MenACWYX,total,routine,CAF,Central African Republic,2031,0,0,<NA>,<NA>,0.0954600000000000031841,both,0.1000000000000000056
mena-campaign-routine-default,"MenA:MenACWYX,routine,with:default",MenACWYX,total,routine,CAF,Central African Republic,2032,0,0,<NA>,<NA>,0.0964600000000000040723,both,0.1000000000000000056
mena-campaign-routine-default,"MenA:MenACWYX,routine,with:default",MenACWYX,total,routine,CAF,Central African Republic,2033,0,0,<NA>,<NA>,0.0974600000000000049605,both,0.1000000000000000056
mena-campaign-routine-default,"MenA:MenACWYX,routine,with:default",MenACWYX,total,routine,CAF,Central African Republic,2034,0,0,<NA>,<NA>,0.0984600000000000058487,both,0.1000000000000000056
mena-campaign-routine-default,"MenA:MenACWYX,routine,with:default",MenACWYX,total,routine,CAF,Central African Republic,2035,0,0,<NA>,<NA>,0.0994600000000000067368,both,0.1000000000000000056
mena-campaign-routine-default,"MenA:MenACWYX,routine,with:default",MenACWYX,total,routine,CAF,Central African Republic,2036,0,0,<NA>,<NA>,0.0999999999999000022122,both,0.1000000000000000056
mena-campaign-routine-default,"MenA:MenACWYX,routine,with:default",MenACWYX,total,routine,CAF,Central African Republic,2037,0,0,<NA>,<NA>,0.0999999999999000022122,both,0.1000000000000000056
mena-campaign-routine-default,"MenA:MenACWYX,routine,with:default",MenACWYX,total,routine,CAF,Central African Republic,2038,0,0,<NA>,<NA>,0.0999999999999000022122,both,0.1000000000000000056
mena-campaign-routine-default,"MenA:MenACWYX,routine,with:default",MenACWYX,total,routine,CAF,Central African Republic,2039,0,0,<NA>,<NA>,0.0999999999999000022122,both,0.1000000000000000056
mena-campaign-routine-default,"MenA:MenACWYX,routine,with:default",MenACWYX,total,routine,CAF,Central African Republic,2040,0,0,<NA>,<NA>,0.0999999999999000022122,both,0.1000000000000000056
mena-campaign-routine-default,"MenA:MenACWYX,routine,with:default",MenACWYX,total,routine,CAF,Central African Republic,2041,0,0,<NA>,<NA>,0.0999999999999000022122,both,0.1000000000000000056
mena-campaign-routine-default,"MenA:MenACWYX,routine,with:default",MenACWYX,total,routine,CAF,Central African Republic,2042,0,0,<NA>,<NA>,0.0999999999999000022122,both,0.1000000000000000056
mena-campaign-routine-default,"MenA:MenACWYX,routine,with:default",MenACWYX,total,routine,CAF,Central African Republic,2043,0,0,<NA>,<NA>,0.0999999999999000022122,both,0.1000000000000000056
mena-campaign-routine-default,"MenA:MenACWYX,routine,with:default",MenACWYX,total,routine,CAF,Central African Republic,2044,0,0,<NA>,<NA>,0.0999999999999000022122,both,0.1000000000000000056
mena-campaign-routine-default,"MenA:MenACWYX,routine,with:default",MenACWYX,total,routine,CAF,Central African Republic,2045,0,0,<NA>,<NA>,0.0999999999999000022122,both,0.1000000000000000056
mena-campaign-routine-default,"MenA:MenACWYX,routine,with:default",MenACWYX,total,routine,CAF,Central African Republic,2046,0,0,<NA>,<NA>,0.0999999999999000022122,both,0.1000000000000000056
mena-campaign-routine-default,"MenA:MenACWYX,routine,with:default",MenACWYX,total,routine,CAF,Central African Republic,2047,0,0,<NA>,<NA>,0.0999999999999000022122,both,0.1000000000000000056
mena-campaign-routine-default,"MenA:MenACWYX,routine,with:default",MenACWYX,total,routine,CAF,Central African Republic,2048,0,0,<NA>,<NA>,0.0999999999999000022122,both,0.1000000000000000056
mena-campaign-routine-default,"MenA:MenACWYX,routine,with:default",MenACWYX,total,routine,CAF,Central African Republic,2049,0,0,<NA>,<NA>,0.0999999999999000022122,both,0.1000000000000000056
mena-campaign-routine-default,"MenA:MenACWYX,routine,with:default",MenACWYX,total,routine,CAF,Central African Republic,2050,0,0,<NA>,<NA>,0.0999999999999000022122,both,0.1000000000000000056
mena-campaign-routine-default,"MenA:MenACWYX,routine,with:default",MenACWYX,total,routine,CAF,Central African Republic,2051,0,0,<NA>,<NA>,0.0999999999999000022122,both,0.1000000000000000056
mena-campaign-routine-default,"MenA:MenACWYX,routine,with:default",MenACWYX,total,routine,CAF,Central African Republic,2052,0,0,<NA>,<NA>,0.0999999999999000022122,both,0.1000000000000000056
mena-campaign-routine-default,"MenA:MenACWYX,routine,with:default",MenACWYX,total,routine,CAF,Central African Republic,2053,0,0,<NA>,<NA>,0.0999999999999000022122,both,0.1000000000000000056
mena-campaign-routine-default,"MenA:MenACWYX,routine,with:default",MenACWYX,total,routine,CAF,Central African Republic,2054,0,0,<NA>,<NA>,0.0999999999999000022122,both,0.1000000000000000056
mena-campaign-routine-default,"MenA:MenACWYX,routine,with:default",MenACWYX,total,routine,CAF,Central African Republic,2055,0,0,<NA>,<NA>,0.0999999999999000022122,both,0.1000000000000000056
mena-campaign-routine-default,"MenA:MenACWYX,routine,with:default",MenACWYX,total,routine,CAF,Central African Republic,2056,0,0,<NA>,<NA>,0.0999999999999000022122,both,0.1000000000000000056
mena-campaign-routine-default,"MenA:MenACWYX,routine,with:default",MenACWYX,total,routine,CAF,Central African Republic,2057,0,0,<NA>,<NA>,0.0999999999999000022122,both,0.1000000000000000056
mena-campaign-routine-default,"MenA:MenACWYX,routine,with:default",MenACWYX,total,routine,CAF,Central African Republic,2058,0,0,<NA>,<NA>,0.0999999999999000022122,both,0.1000000000000000056
mena-campaign-routine-default,"MenA:MenACWYX,routine,with:default",MenACWYX,total,routine,CAF,Central African Republic,2059,0,0,<NA>,<NA>,0.0999999999999000022122,both,0.1000000000000000056
mena-campaign-routine-default,"MenA:MenACWYX,routine,with:default",MenACWYX,total,routine,CAF,Central African Republic,2060,0,0,<NA>,<NA>,0.0999999999999000022122,both,0.1000000000000000056
mena-campaign-routine-default,"MenA:MenACWYX,routine,with:default",MenACWYX,total,routine,CAF,Central African Republic,2061,0,0,<NA>,<NA>,0.0999999999999000022122,both,0.1000000000000000056
mena-campaign-routine-default,"MenA:MenACWYX,routine,with:default",MenACWYX,total,routine,CAF,Central African Republic,2062,0,0,<NA>,<NA>,0.0999999999999000022122,both,0.1000000000000000056
mena-campaign-routine-default,"MenA:MenACWYX,routine,with:default",MenACWYX,total,routine,CAF,Central African Republic,2063,0,0,<NA>,<NA>,0.0999999999999000022122,both,0.1000000000000000056
mena-campaign-routine-default,"MenA:MenACWYX,routine,with:default",MenACWYX,total,routine,CAF,Central African Republic,2064,0,0,<NA>,<NA>,0.0999999999999000022122,both,0.1000000000000000056
mena-campaign-routine-default,"MenA:MenACWYX,routine,with:default",MenACWYX,total,routine,CAF,Central African Republic,2065,0,0,<NA>,<NA>,0.0999999999999000022122,both,0.1000000000000000056
mena-campaign-routine-default,"MenA:MenACWYX,routine,with:default",MenACWYX,total,routine,CAF,Central African Republic,2066,0,0,<NA>,<NA>,0.0999999999999000022122,both,0.1000000000000000056
mena-campaign-routine-default,"MenA:MenACWYX,routine,with:default",MenACWYX,total,routine,CAF,Central African Republic,2067,0,0,<NA>,<NA>,0.0999999999999000022122,both,0.1000000000000000056
mena-campaign-routine-default,"MenA:MenACWYX,routine,with:default",MenACWYX,total,routine,CAF,Central African Republic,2068,0,0,<NA>,<NA>,0.0999999999999000022122,both,0.1000000000000000056
mena-campaign-routine-default,"MenA:MenACWYX,routine,with:default",MenACWYX,total,routine,CAF,Central African Republic,2069,0,0,<NA>,<NA>,0.0999999999999000022122,both,0.1000000000000000056
mena-campaign-routine-default,"MenA:MenACWYX,routine,with:default",MenACWYX,total,routine,CAF,Central African Republic,2070,0,0,<NA>,<NA>,0.0999999999999000022122,both,0.1000000000000000056
mena-campaign-routine-default,"MenA:MenACWYX,routine,with:default",MenACWYX,total,routine,CAF,Central African Republic,2071,0,0,<NA>,<NA>,0.0999999999999000022122,both,0.1000000000000000056
mena-campaign-routine-default,"MenA:MenACWYX,routine,with:default",MenACWYX,total,routine,CAF,Central African Republic,2072,0,0,<NA>,<NA>,0.0999999999999000022122,both,0.1000000000000000056
mena-campaign-routine-default,"MenA:MenACWYX,routine,with:default",MenACWYX,total,routine,CAF,Central African Republic,2073,0,0,<NA>,<NA>,0.0999999999999000022122,both,0.1000000000000000056
mena-campaign-routine-default,"MenA:MenACWYX,routine,with:default",MenACWYX,total,routine,CAF,Central African Republic,2074,0,0,<NA>,<NA>,0.0999999999999000022122,both,0.1000000000000000056
mena-campaign-routine-default,"MenA:MenACWYX,routine,with:default",MenACWYX,total,routine,CAF,Central African Republic,2075,0,0,<NA>,<NA>,0.0999999999999000022122,both,0.1000000000000000056
mena-campaign-routine-default,"MenA:MenACWYX,routine,with:default",MenACWYX,total,routine,CAF,Central African Republic,2076,0,0,<NA>,<NA>,0.0999999999999000022122,both,0.1000000000000000056
mena-campaign-routine-default,"MenA:MenACWYX,routine,with:default",MenACWYX,total,routine,CAF,Central African Republic,2077,0,0,<NA>,<NA>,0.0999999999999000022122,both,0.1000000000000000056
mena-campaign-routine-default,"MenA:MenACWYX,routine,with:default",MenACWYX,total,routine,CAF,Central African Republic,2078,0,0,<NA>,<NA>,0.0999999999999000022122,both,0.1000000000000000056
mena-campaign-routine-default,"MenA:MenACWYX,routine,with:default",MenACWYX,total,routine,CAF,Central African Republic,2079,0,0,<NA>,<NA>,0.0999999999999000022122,both,0.1000000000000000056
mena-campaign-routine-default,"MenA:MenACWYX,routine,with:default",MenACWYX,total,routine,CAF,Central African Republic,2080,0,0,<NA>,<NA>,0.0999999999999000022122,both,0.1000000000000000056
mena-campaign-routine-default,"MenA:MenACWYX,routine,with:default",MenACWYX,total,routine,CAF,Central African Republic,2081,0,0,<NA>,<NA>,0.0999999999999000022122,both,0.1000000000000000056
mena-campaign-routine-default,"MenA:MenACWYX,routine,with:default",MenACWYX,total,routine,CAF,Central African Republic,2082,0,0,<NA>,<NA>,0.0999999999999000022122,both,0.1000000000000000056
mena-campaign-routine-default,"MenA:MenACWYX,routine,with:default",MenACWYX,total,routine,CAF,Central African Republic,2083,0,0,<NA>,<NA>,0.0999999999999000022122,both,0.1000000000000000056
mena-campaign-routine-default,"MenA:MenACWYX,routine,with:default",MenACWYX,total,routine,CAF,Central African Republic,2084,0,0,<NA>,<NA>,0.0999999999999000022122,both,0.1000000000000000056
mena-campaign-routine-default,"MenA:MenACWYX,routine,with:default",MenACWYX,total,routine,CAF,Central African Republic,2085,0,0,<NA>,<NA>,0.0999999999999000022122,both,0.1000000000000000056
mena-campaign-routine-default,"MenA:MenACWYX,routine,with:default",MenACWYX,total,routine,CAF,Central African Republic,2086,0,0,<NA>,<NA>,0.0999999999999000022122,both,0.1000000000000000056
mena-campaign-routine-default,"MenA:MenACWYX,routine,with:default",MenACWYX,total,routine,CAF,Central African Republic,2087,0,0,<NA>,<NA>,0.0999999999999000022122,both,0.1000000000000000056
mena-campaign-routine-default,"MenA:MenACWYX,routine,with:default",MenACWYX,total,routine,CAF,Central African Republic,2088,0,0,<NA>,<NA>,0.0999999999999000022122,both,0.1000000000000000056
mena-campaign-routine-default,"MenA:MenACWYX,routine,with:default",MenACWYX,total,routine,CAF,Central African Republic,2089,0,0,<NA>,<NA>,0.0999999999999000022122,both,0.1000000000000000056
mena-campaign-routine-default,"MenA:MenACWYX,routine,with:default",MenACWYX,total,routine,CAF,Central African Republic,2090,0,0,<NA>,<NA>,0.0999999999999000022122,both,0.1000000000000000056
mena-campaign-routine-default,"MenA:MenACWYX,routine,with:default",MenACWYX,total,routine,CAF,Central African Republic,2091,0,0,<NA>,<NA>,0.0999999999999000022122,both,0.1000000000000000056
mena-campaign-routine-default,"MenA:MenACWYX,routine,with:default",MenACWYX,total,routine,CAF,Central African Republic,2092,0,0,<NA>,<NA>,0.0999999999999000022122,both,0.1000000000000000056
mena-campaign-routine-default,"MenA:MenACWYX,routine,with:default",MenACWYX,total,routine,CAF,Central African Republic,2093,0,0,<NA>,<NA>,0.0999999999999000022122,both,0.1000000000000000056
mena-campaign-routine-default,"MenA:MenACWYX,routine,with:default",MenACWYX,total,routine,CAF,Central African Republic,2094,0,0,<NA>,<NA>,0.0999999999999000022122,both,0.1000000000000000056
mena-campaign-routine-default,"MenA:MenACWYX,routine,with:default",MenACWYX,total,routine,CAF,Central African Republic,2095,0,0,<NA>,<NA>,0.0999999999999000022122,both,0.1000000000000000056
mena-campaign-routine-default,"MenA:MenACWYX,routine,with:default",MenACWYX,total,routine,CAF,Central African Republic,2096,0,0,<NA>,<NA>,0.0999999999999000022122,both,0.1000000000000000056
mena-campaign-routine-default,"MenA:MenACWYX,routine,with:default",MenACWYX,total,routine,CAF,Central African Republic,2097,0,0,<NA>,<NA>,0.0999999999999000022122,both,0.1000000000000000056
mena-campaign-routine-default,"MenA:MenACWYX,routine,with:default",MenACWYX,total,routine,CAF,Central African Republic,2098,0,0,<NA>,<NA>,0.0999999999999000022122,both,0.1000000000000000056
mena-campaign-routine-default,"MenA:MenACWYX,routine,with:default",MenACWYX,total,routine,CAF,Central African Republic,2099,0,0,<NA>,<NA>,0.0999999999999000022122,both,0.1000000000000000056
mena-campaign-routine-default,"MenA:MenACWYX,routine,with:default",MenACWYX,total,routine,CAF,Central African Republic,2100,0,0,<NA>,<NA>,0.0999999999999000022122,both,0.1000000000000000056
mena-campaign-routine-default,"MenA:MenACWYX,routine,with:default",MenACWYX,total,routine,CIV,Cote d'Ivoire,2027,0,0,<NA>,<NA>,0.1999980919061705442186,both,0.2000000000000000111
mena-campaign-routine-default,"MenA:MenACWYX,routine,with:default",MenACWYX,total,routine,CIV,Cote d'Ivoire,2028,0,0,<NA>,<NA>,0.1999525194659817206588,both,0.2000000000000000111
mena-campaign-routine-default,"MenA:MenACWYX,routine,with:default",MenACWYX,total,routine,CIV,Cote d'Ivoire,2029,0,0,<NA>,<NA>,0.1988185061573847223215,both,0.2000000000000000111
mena-campaign-routine-default,"MenA:MenACWYX,routine,with:default",MenACWYX,total,routine,CIV,Cote d'Ivoire,2030,0,0,<NA>,<NA>,0.1706000000000000016431,both,0.2000000000000000111
mena-campaign-routine-default,"MenA:MenACWYX,routine,with:default",MenACWYX,total,routine,CIV,Cote d'Ivoire,2031,0,0,<NA>,<NA>,0.1726000000000000034195,both,0.2000000000000000111
mena-campaign-routine-default,"MenA:MenACWYX,routine,with:default",MenACWYX,total,routine,CIV,Cote d'Ivoire,2032,0,0,<NA>,<NA>,0.1746000000000000051958,both,0.2000000000000000111
mena-campaign-routine-default,"MenA:MenACWYX,routine,with:default",MenACWYX,total,routine,CIV,Cote d'Ivoire,2033,0,0,<NA>,<NA>,0.1766000000000000069722,both,0.2000000000000000111
mena-campaign-routine-default,"MenA:MenACWYX,routine,with:default",MenACWYX,total,routine,CIV,Cote d'Ivoire,2034,0,0,<NA>,<NA>,0.1786000000000000087486,both,0.2000000000000000111
mena-campaign-routine-default,"MenA:MenACWYX,routine,with:default",MenACWYX,total,routine,CIV,Cote d'Ivoire,2035,0,0,<NA>,<NA>,0.1806000000000000105249,both,0.2000000000000000111
mena-campaign-routine-default,"MenA:MenACWYX,routine,with:default",MenACWYX,total,routine,CIV,Cote d'Ivoire,2036,0,0,<NA>,<NA>,0.1826000000000000123013,both,0.2000000000000000111
mena-campaign-routine-default,"MenA:MenACWYX,routine,with:default",MenACWYX,total,routine,CIV,Cote d'Ivoire,2037,0,0,<NA>,<NA>,0.1846000000000000140776,both,0.2000000000000000111
mena-campaign-routine-default,"MenA:MenACWYX,routine,with:default",MenACWYX,total,routine,CIV,Cote d'Ivoire,2038,0,0,<NA>,<NA>,0.1865999999999999880984,both,0.2000000000000000111
mena-campaign-routine-default,"MenA:MenACWYX,routine,with:default",MenACWYX,total,routine,CIV,Cote d'Ivoire,2039,0,0,<NA>,<NA>,0.1885999999999999898748,both,0.2000000000000000111
mena-campaign-routine-default,"MenA:MenACWYX,routine,with:default",MenACWYX,total,routine,CIV,Cote d'Ivoire,2040,0,0,<NA>,<NA>,0.1905999999999999916511,both,0.2000000000000000111
mena-campaign-routine-default,"MenA:MenACWYX,routine,with:default",MenACWYX,total,routine,CIV,Cote d'Ivoire,2041,0,0,<NA>,<NA>,0.1925999999999999934275,both,0.2000000000000000111
mena-campaign-routine-default,"MenA:MenACWYX,routine,with:default",MenACWYX,total,routine,CIV,Cote d'Ivoire,2042,0,0,<NA>,<NA>,0.1945999999999999952038,both,0.2000000000000000111
mena-campaign-routine-default,"MenA:MenACWYX,routine,with:default",MenACWYX,total,routine,CIV,Cote d'Ivoire,2043,0,0,<NA>,<NA>,0.1965999999999999969802,both,0.2000000000000000111
mena-campaign-routine-default,"MenA:MenACWYX,routine,with:default",MenACWYX,total,routine,CIV,Cote d'Ivoire,2044,0,0,<NA>,<NA>,0.1985999999999999987566,both,0.2000000000000000111
mena-campaign-routine-default,"MenA:MenACWYX,routine,with:default",MenACWYX,total,routine,CIV,Cote d'Ivoire,2045,0,0,<NA>,<NA>,0.1999999999998000044243,both,0.2000000000000000111
mena-campaign-routine-default,"MenA:MenACWYX,routine,with:default",MenACWYX,total,routine,CIV,Cote d'Ivoire,2046,0,0,<NA>,<NA>,0.1999999999998000044243,both,0.2000000000000000111
mena-campaign-routine-default,"MenA:MenACWYX,routine,with:default",MenACWYX,total,routine,CIV,Cote d'Ivoire,2047,0,0,<NA>,<NA>,0.1999999999998000044243,both,0.2000000000000000111
mena-campaign-routine-default,"MenA:MenACWYX,routine,with:default",MenACWYX,total,routine,CIV,Cote d'Ivoire,2048,0,0,<NA>,<NA>,0.1999999999998000044243,both,0.2000000000000000111
mena-campaign-routine-default,"MenA:MenACWYX,routine,with:default",MenACWYX,total,routine,CIV,Cote d'Ivoire,2049,0,0,<NA>,<NA>,0.1999999999998000044243,both,0.2000000000000000111
mena-campaign-routine-default,"MenA:MenACWYX,routine,with:default",MenACWYX,total,routine,CIV,Cote d'Ivoire,2050,0,0,<NA>,<NA>,0.1999999999998000044243,both,0.2000000000000000111
mena-campaign-routine-default,"MenA:MenACWYX,routine,with:default",MenACWYX,total,routine,CIV,Cote d'Ivoire,2051,0,0,<NA>,<NA>,0.1999999999998000044243,both,0.2000000000000000111
mena-campaign-routine-default,"MenA:MenACWYX,routine,with:default",MenACWYX,total,routine,CIV,Cote d'Ivoire,2052,0,0,<NA>,<NA>,0.1999999999998000044243,both,0.2000000000000000111
mena-campaign-routine-default,"MenA:MenACWYX,routine,with:default",MenACWYX,total,routine,CIV,Cote d'Ivoire,2053,0,0,<NA>,<NA>,0.1999999999998000044243,both,0.2000000000000000111
mena-campaign-routine-default,"MenA:MenACWYX,routine,with:default",MenACWYX,total,routine,CIV,Cote d'Ivoire,2054,0,0,<NA>,<NA>,0.1999999999998000044243,both,0.2000000000000000111
mena-campaign-routine-default,"MenA:MenACWYX,routine,with:default",MenACWYX,total,routine,CIV,Cote d'Ivoire,2055,0,0,<NA>,<NA>,0.1999999999998000044243,both,0.2000000000000000111
mena-campaign-routine-default,"MenA:MenACWYX,routine,with:default",MenACWYX,total,routine,CIV,Cote d'Ivoire,2056,0,0,<NA>,<NA>,0.1999999999998000044243,both,0.2000000000000000111
mena-campaign-routine-default,"MenA:MenACWYX,routine,with:default",MenACWYX,total,routine,CIV,Cote d'Ivoire,2057,0,0,<NA>,<NA>,0.1999999999998000044243,both,0.2000000000000000111
mena-campaign-routine-default,"MenA:MenACWYX,routine,with:default",MenACWYX,total,routine,CIV,Cote d'Ivoire,2058,0,0,<NA>,<NA>,0.1999999999998000044243,both,0.2000000000000000111
mena-campaign-routine-default,"MenA:MenACWYX,routine,with:default",MenACWYX,total,routine,CIV,Cote d'Ivoire,2059,0,0,<NA>,<NA>,0.1999999999998000044243,both,0.2000000000000000111
mena-campaign-routine-default,"MenA:MenACWYX,routine,with:default",MenACWYX,total,routine,CIV,Cote d'Ivoire,2060,0,0,<NA>,<NA>,0.1999999999998000044243,both,0.2000000000000000111
mena-campaign-routine-default,"MenA:MenACWYX,routine,with:default",MenACWYX,total,routine,CIV,Cote d'Ivoire,2061,0,0,<NA>,<NA>,0.1999999999998000044243,both,0.2000000000000000111
mena-campaign-routine-default,"MenA:MenACWYX,routine,with:default",MenACWYX,total,routine,CIV,Cote d'Ivoire,2062,0,0,<NA>,<NA>,0.1999999999998000044243,both,0.2000000000000000111
mena-campaign-routine-default,"MenA:MenACWYX,routine,with:default",MenACWYX,total,routine,CIV,Cote d'Ivoire,2063,0,0,<NA>,<NA>,0.1999999999998000044243,both,0.2000000000000000111
mena-campaign-routine-default,"MenA:MenACWYX,routine,with:default",MenACWYX,total,routine,CIV,Cote d'Ivoire,2064,0,0,<NA>,<NA>,0.1999999999998000044243,both,0.2000000000000000111
mena-campaign-routine-default,"MenA:MenACWYX,routine,with:default",MenACWYX,total,routine,CIV,Cote d'Ivoire,2065,0,0,<NA>,<NA>,0.1999999999998000044243,both,0.2000000000000000111
mena-campaign-routine-default,"MenA:MenACWYX,routine,with:default",MenACWYX,total,routine,CIV,Cote d'Ivoire,2066,0,0,<NA>,<NA>,0.1999999999998000044243,both,0.2000000000000000111
mena-campaign-routine-default,"MenA:MenACWYX,routine,with:default",MenACWYX,total,routine,CIV,Cote d'Ivoire,2067,0,0,<NA>,<NA>,0.1999999999998000044243,both,0.2000000000000000111
mena-campaign-routine-default,"MenA:MenACWYX,routine,with:default",MenACWYX,total,routine,CIV,Cote d'Ivoire,2068,0,0,<NA>,<NA>,0.1999999999998000044243,both,0.2000000000000000111
mena-campaign-routine-default,"MenA:MenACWYX,routine,with:default",MenACWYX,total,routine,CIV,Cote d'Ivoire,2069,0,0,<NA>,<NA>,0.1999999999998000044243,both,0.2000000000000000111
mena-campaign-routine-default,"MenA:MenACWYX,routine,with:default",MenACWYX,total,routine,CIV,Cote d'Ivoire,2070,0,0,<NA>,<NA>,0.1999999999998000044243,both,0.2000000000000000111
mena-campaign-routine-default,"MenA:MenACWYX,routine,with:default",MenACWYX,total,routine,CIV,Cote d'Ivoire,2071,0,0,<NA>,<NA>,0.1999999999998000044243,both,0.2000000000000000111
mena-campaign-routine-default,"MenA:MenACWYX,routine,with:default",MenACWYX,total,routine,CIV,Cote d'Ivoire,2072,0,0,<NA>,<NA>,0.1999999999998000044243,both,0.2000000000000000111
mena-campaign-routine-default,"MenA:MenACWYX,routine,with:default",MenACWYX,total,routine,CIV,Cote d'Ivoire,2073,0,0,<NA>,<NA>,0.1999999999998000044243,both,0.2000000000000000111
mena-campaign-routine-default,"MenA:MenACWYX,routine,with:default",MenACWYX,total,routine,CIV,Cote d'Ivoire,2074,0,0,<NA>,<NA>,0.1999999999998000044243,both,0.2000000000000000111
mena-campaign-routine-default,"MenA:MenACWYX,routine,with:default",MenACWYX,total,routine,CIV,Cote d'Ivoire,2075,0,0,<NA>,<NA>,0.1999999999998000044243,both,0.2000000000000000111
mena-campaign-routine-default,"MenA:MenACWYX,routine,with:default",MenACWYX,total,routine,CIV,Cote d'Ivoire,2076,0,0,<NA>,<NA>,0.1999999999998000044243,both,0.2000000000000000111
mena-campaign-routine-default,"MenA:MenACWYX,routine,with:default",MenACWYX,total,routine,CIV,Cote d'Ivoire,2077,0,0,<NA>,<NA>,0.1999999999998000044243,both,0.2000000000000000111
mena-campaign-routine-default,"MenA:MenACWYX,routine,with:default",MenACWYX,total,routine,CIV,Cote d'Ivoire,2078,0,0,<NA>,<NA>,0.1999999999998000044243,both,0.2000000000000000111
mena-campaign-routine-default,"MenA:MenACWYX,routine,with:default",MenACWYX,total,routine,CIV,Cote d'Ivoire,2079,0,0,<NA>,<NA>,0.1999999999998000044243,both,0.2000000000000000111
mena-campaign-routine-default,"MenA:MenACWYX,routine,with:default",MenACWYX,total,routine,CIV,Cote d'Ivoire,2080,0,0,<NA>,<NA>,0.1999999999998000044243,both,0.2000000000000000111
mena-campaign-routine-default,"MenA:MenACWYX,routine,with:default",MenACWYX,total,routine,CIV,Cote d'Ivoire,2081,0,0,<NA>,<NA>,0.1999999999998000044243,both,0.2000000000000000111
mena-campaign-routine-default,"MenA:MenACWYX,routine,with:default",MenACWYX,total,routine,CIV,Cote d'Ivoire,2082,0,0,<NA>,<NA>,0.1999999999998000044243,both,0.2000000000000000111
mena-campaign-routine-default,"MenA:MenACWYX,routine,with:default",MenACWYX,total,routine,CIV,Cote d'Ivoire,2083,0,0,<NA>,<NA>,0.1999999999998000044243,both,0.2000000000000000111
mena-campaign-routine-default,"MenA:MenACWYX,routine,with:default",MenACWYX,total,routine,CIV,Cote d'Ivoire,2084,0,0,<NA>,<NA>,0.1999999999998000044243,both,0.2000000000000000111
mena-campaign-routine-default,"MenA:MenACWYX,routine,with:default",MenACWYX,total,routine,CIV,Cote d'Ivoire,2085,0,0,<NA>,<NA>,0.1999999999998000044243,both,0.2000000000000000111
mena-campaign-routine-default,"MenA:MenACWYX,routine,with:default",MenACWYX,total,routine,CIV,Cote d'Ivoire,2086,0,0,<NA>,<NA>,0.1999999999998000044243,both,0.2000000000000000111
mena-campaign-routine-default,"MenA:MenACWYX,routine,with:default",MenACWYX,total,routine,CIV,Cote d'Ivoire,2087,0,0,<NA>,<NA>,0.1999999999998000044243,both,0.2000000000000000111
mena-campaign-routine-default,"MenA:MenACWYX,routine,with:default",MenACWYX,total,routine,CIV,Cote d'Ivoire,2088,0,0,<NA>,<NA>,0.1999999999998000044243,both,0.2000000000000000111
mena-campaign-routine-default,"MenA:MenACWYX,routine,with:default",MenACWYX,total,routine,CIV,Cote d'Ivoire,2089,0,0,<NA>,<NA>,0.1999999999998000044243,both,0.2000000000000000111
mena-campaign-routine-default,"MenA:MenACWYX,routine,with:default",MenACWYX,total,routine,CIV,Cote d'Ivoire,2090,0,0,<NA>,<NA>,0.1999999999998000044243,both,0.2000000000000000111
mena-campaign-routine-default,"MenA:MenACWYX,routine,with:default",MenACWYX,total,routine,CIV,Cote d'Ivoire,2091,0,0,<NA>,<NA>,0.1999999999998000044243,both,0.2000000000000000111
mena-campaign-routine-default,"MenA:MenACWYX,routine,with:default",MenACWYX,total,routine,CIV,Cote d'Ivoire,2092,0,0,<NA>,<NA>,0.1999999999998000044243,both,0.2000000000000000111
mena-campaign-routine-default,"MenA:MenACWYX,routine,with:default",MenACWYX,total,routine,CIV,Cote d'Ivoire,2093,0,0,<NA>,<NA>,0.1999999999998000044243,both,0.2000000000000000111
mena-campaign-routine-default,"MenA:MenACWYX,routine,with:default",MenACWYX,total,routine,CIV,Cote d'Ivoire,2094,0,0,<NA>,<NA>,0.1999999999998000044243,both,0.2000000000000000111
mena-campaign-routine-default,"MenA:MenACWYX,routine,with:default",MenACWYX,total,routine,CIV,Cote d'Ivoire,2095,0,0,<NA>,<NA>,0.1999999999998000044243,both,0.2000000000000000111
mena-campaign-routine-default,"MenA:MenACWYX,routine,with:default",MenACWYX,total,routine,CIV,Cote d'Ivoire,2096,0,0,<NA>,<NA>,0.1999999999998000044243,both,0.2000000000000000111
mena-campaign-routine-default,"MenA:MenACWYX,routine,with:default",MenACWYX,total,routine,CIV,Cote d'Ivoire,2097,0,0,<NA>,<NA>,0.1999999999998000044243,both,0.2000000000000000111
mena-campaign-routine-default,"MenA:MenACWYX,routine,with:default",MenACWYX,total,routine,CIV,Cote d'Ivoire,2098,0,0,<NA>,<NA>,0.1999999999998000044243,both,0.2000000000000000111
mena-campaign-routine-default,"MenA:MenACWYX,routine,with:default",MenACWYX,total,routine,CIV,Cote d'Ivoire,2099,0,0,<NA>,<NA>,0.1999999999998000044243,both,0.2000000000000000111
mena-campaign-routine-default,"MenA:MenACWYX,routine,with:default",MenACWYX,total,routine,CIV,Cote d'Ivoire,2100,0,0,<NA>,<NA>,0.1999999999998000044243,both,0.2000000000000000111
mena-campaign-routine-default,"MenA:MenACWYX,routine,with:default",MenACWYX,total,routine,CMR,Cameroon,2027,0,0,<NA>,<NA>,0.1191571539658112383053,both,0.2000000000000000111
mena-campaign-routine-default,"MenA:MenACWYX,routine,with:default",MenACWYX,total,routine,CMR,Cameroon,2028,0,0,<NA>,<NA>,0.1238859252884726286359,both,0.2000000000000000111
mena-campaign-routine-default,"MenA:MenACWYX,routine,with:default",MenACWYX,total,routine,CMR,Cameroon,2029,0,0,<NA>,<NA>,0.1283380947926803794523,both,0.2000000000000000111
mena-campaign-routine-default,"MenA:MenACWYX,routine,with:default",MenACWYX,total,routine,CMR,Cameroon,2030,0,0,<NA>,<NA>,0.1325298418537418088103,both,0.2000000000000000111
mena-campaign-routine-default,"MenA:MenACWYX,routine,with:default",MenACWYX,total,routine,CMR,Cameroon,2031,0,0,<NA>,<NA>,0.1345298418537418105867,both,0.2000000000000000111
mena-campaign-routine-default,"MenA:MenACWYX,routine,with:default",MenACWYX,total,routine,CMR,Cameroon,2032,0,0,<NA>,<NA>,0.1365298418537418123631,both,0.2000000000000000111
mena-campaign-routine-default,"MenA:MenACWYX,routine,with:default",MenACWYX,total,routine,CMR,Cameroon,2033,0,0,<NA>,<NA>,0.1385298418537418141394,both,0.2000000000000000111
mena-campaign-routine-default,"MenA:MenACWYX,routine,with:default",MenACWYX,total,routine,CMR,Cameroon,2034,0,0,<NA>,<NA>,0.1405298418537418159158,both,0.2000000000000000111
mena-campaign-routine-default,"MenA:MenACWYX,routine,with:default",MenACWYX,total,routine,CMR,Cameroon,2035,0,0,<NA>,<NA>,0.1425298418537418176921,both,0.2000000000000000111
mena-campaign-routine-default,"MenA:MenACWYX,routine,with:default",MenACWYX,total,routine,CMR,Cameroon,2036,0,0,<NA>,<NA>,0.1445298418537417917129,both,0.2000000000000000111
mena-campaign-routine-default,"MenA:MenACWYX,routine,with:default",MenACWYX,total,routine,CMR,Cameroon,2037,0,0,<NA>,<NA>,0.1465298418537417934893,both,0.2000000000000000111
mena-campaign-routine-default,"MenA:MenACWYX,routine,with:default",MenACWYX,total,routine,CMR,Cameroon,2038,0,0,<NA>,<NA>,0.1485298418537417952656,both,0.2000000000000000111
mena-campaign-routine-default,"MenA:MenACWYX,routine,with:default",MenACWYX,total,routine,CMR,Cameroon,2039,0,0,<NA>,<NA>,0.150529841853741797042,both,0.2000000000000000111
mena-campaign-routine-default,"MenA:MenACWYX,routine,with:default",MenACWYX,total,routine,CMR,Cameroon,2040,0,0,<NA>,<NA>,0.1525298418537417988183,both,0.2000000000000000111
mena-campaign-routine-default,"MenA:MenACWYX,routine,with:default",MenACWYX,total,routine,CMR,Cameroon,2041,0,0,<NA>,<NA>,0.1545298418537418005947,both,0.2000000000000000111
mena-campaign-routine-default,"MenA:MenACWYX,routine,with:default",MenACWYX,total,routine,CMR,Cameroon,2042,0,0,<NA>,<NA>,0.156529841853741802371,both,0.2000000000000000111
mena-campaign-routine-default,"MenA:MenACWYX,routine,with:default",MenACWYX,total,routine,CMR,Cameroon,2043,0,0,<NA>,<NA>,0.1585298418537418041474,both,0.2000000000000000111
mena-campaign-routine-default,"MenA:MenACWYX,routine,with:default",MenACWYX,total,routine,CMR,Cameroon,2044,0,0,<NA>,<NA>,0.1605298418537418059238,both,0.2000000000000000111
mena-campaign-routine-default,"MenA:MenACWYX,routine,with:default",MenACWYX,total,routine,CMR,Cameroon,2045,0,0,<NA>,<NA>,0.1625298418537418077001,both,0.2000000000000000111
mena-campaign-routine-default,"MenA:MenACWYX,routine,with:default",MenACWYX,total,routine,CMR,Cameroon,2046,0,0,<NA>,<NA>,0.1645298418537418094765,both,0.2000000000000000111
mena-campaign-routine-default,"MenA:MenACWYX,routine,with:default",MenACWYX,total,routine,CMR,Cameroon,2047,0,0,<NA>,<NA>,0.1665298418537418112528,both,0.2000000000000000111
mena-campaign-routine-default,"MenA:MenACWYX,routine,with:default",MenACWYX,total,routine,CMR,Cameroon,2048,0,0,<NA>,<NA>,0.1685298418537418130292,both,0.2000000000000000111
mena-campaign-routine-default,"MenA:MenACWYX,routine,with:default",MenACWYX,total,routine,CMR,Cameroon,2049,0,0,<NA>,<NA>,0.1705298418537418148055,both,0.2000000000000000111
mena-campaign-routine-default,"MenA:MenACWYX,routine,with:default",MenACWYX,total,routine,CMR,Cameroon,2050,0,0,<NA>,<NA>,0.1725298418537418165819,both,0.2000000000000000111
mena-campaign-routine-default,"MenA:MenACWYX,routine,with:default",MenACWYX,total,routine,CMR,Cameroon,2051,0,0,<NA>,<NA>,0.1745298418537417906027,both,0.2000000000000000111
mena-campaign-routine-default,"MenA:MenACWYX,routine,with:default",MenACWYX,total,routine,CMR,Cameroon,2052,0,0,<NA>,<NA>,0.176529841853741792379,both,0.2000000000000000111
mena-campaign-routine-default,"MenA:MenACWYX,routine,with:default",MenACWYX,total,routine,CMR,Cameroon,2053,0,0,<NA>,<NA>,0.1785298418537417941554,both,0.2000000000000000111
mena-campaign-routine-default,"MenA:MenACWYX,routine,with:default",MenACWYX,total,routine,CMR,Cameroon,2054,0,0,<NA>,<NA>,0.1805298418537417959318,both,0.2000000000000000111
mena-campaign-routine-default,"MenA:MenACWYX,routine,with:default",MenACWYX,total,routine,CMR,Cameroon,2055,0,0,<NA>,<NA>,0.1825298418537417977081,both,0.2000000000000000111
mena-campaign-routine-default,"MenA:MenACWYX,routine,with:default",MenACWYX,total,routine,CMR,Cameroon,2056,0,0,<NA>,<NA>,0.1845298418537417994845,both,0.2000000000000000111
mena-campaign-routine-default,"MenA:MenACWYX,routine,with:default",MenACWYX,total,routine,CMR,Cameroon,2057,0,0,<NA>,<NA>,0.1865298418537418012608,both,0.2000000000000000111
mena-campaign-routine-default,"MenA:MenACWYX,routine,with:default",MenACWYX,total,routine,CMR,Cameroon,2058,0,0,<NA>,<NA>,0.1885298418537418030372,both,0.2000000000000000111
mena-campaign-routine-default,"MenA:MenACWYX,routine,with:default",MenACWYX,total,routine,CMR,Cameroon,2059,0,0,<NA>,<NA>,0.1900000000000000022204,both,0.2000000000000000111
mena-campaign-routine-default,"MenA:MenACWYX,routine,with:default",MenACWYX,total,routine,CMR,Cameroon,2060,0,0,<NA>,<NA>,0.1900000000000000022204,both,0.2000000000000000111
mena-campaign-routine-default,"MenA:MenACWYX,routine,with:default",MenACWYX,total,routine,CMR,Cameroon,2061,0,0,<NA>,<NA>,0.1900000000000000022204,both,0.2000000000000000111
mena-campaign-routine-default,"MenA:MenACWYX,routine,with:default",MenACWYX,total,routine,CMR,Cameroon,2062,0,0,<NA>,<NA>,0.1900000000000000022204,both,0.2000000000000000111
mena-campaign-routine-default,"MenA:MenACWYX,routine,with:default",MenACWYX,total,routine,CMR,Cameroon,2063,0,0,<NA>,<NA>,0.1900000000000000022204,both,0.2000000000000000111
mena-campaign-routine-default,"MenA:MenACWYX,routine,with:default",MenACWYX,total,routine,CMR,Cameroon,2064,0,0,<NA>,<NA>,0.1900000000000000022204,both,0.2000000000000000111
mena-campaign-routine-default,"MenA:MenACWYX,routine,with:default",MenACWYX,total,routine,CMR,Cameroon,2065,0,0,<NA>,<NA>,0.1900000000000000022204,both,0.2000000000000000111
mena-campaign-routine-default,"MenA:MenACWYX,routine,with:default",MenACWYX,total,routine,CMR,Cameroon,2066,0,0,<NA>,<NA>,0.1900000000000000022204,both,0.2000000000000000111
mena-campaign-routine-default,"MenA:MenACWYX,routine,with:default",MenACWYX,total,routine,CMR,Cameroon,2067,0,0,<NA>,<NA>,0.1900000000000000022204,both,0.2000000000000000111
mena-campaign-routine-default,"MenA:MenACWYX,routine,with:default",MenACWYX,total,routine,CMR,Cameroon,2068,0,0,<NA>,<NA>,0.1900000000000000022204,both,0.2000000000000000111
mena-campaign-routine-default,"MenA:MenACWYX,routine,with:default",MenACWYX,total,routine,CMR,Cameroon,2069,0,0,<NA>,<NA>,0.1900000000000000022204,both,0.2000000000000000111
mena-campaign-routine-default,"MenA:MenACWYX,routine,with:default",MenACWYX,total,routine,CMR,Cameroon,2070,0,0,<NA>,<NA>,0.1900000000000000022204,both,0.2000000000000000111
mena-campaign-routine-default,"MenA:MenACWYX,routine,with:default",MenACWYX,total,routine,CMR,Cameroon,2071,0,0,<NA>,<NA>,0.1900000000000000022204,both,0.2000000000000000111
mena-campaign-routine-default,"MenA:MenACWYX,routine,with:default",MenACWYX,total,routine,CMR,Cameroon,2072,0,0,<NA>,<NA>,0.1900000000000000022204,both,0.2000000000000000111
mena-campaign-routine-default,"MenA:MenACWYX,routine,with:default",MenACWYX,total,routine,CMR,Cameroon,2073,0,0,<NA>,<NA>,0.1900000000000000022204,both,0.2000000000000000111
mena-campaign-routine-default,"MenA:MenACWYX,routine,with:default",MenACWYX,total,routine,CMR,Cameroon,2074,0,0,<NA>,<NA>,0.1900000000000000022204,both,0.2000000000000000111
mena-campaign-routine-default,"MenA:MenACWYX,routine,with:default",MenACWYX,total,routine,CMR,Cameroon,2075,0,0,<NA>,<NA>,0.1900000000000000022204,both,0.2000000000000000111
mena-campaign-routine-default,"MenA:MenACWYX,routine,with:default",MenACWYX,total,routine,CMR,Cameroon,2076,0,0,<NA>,<NA>,0.1900000000000000022204,both,0.2000000000000000111
mena-campaign-routine-default,"MenA:MenACWYX,routine,with:default",MenACWYX,total,routine,CMR,Cameroon,2077,0,0,<NA>,<NA>,0.1900000000000000022204,both,0.2000000000000000111
mena-campaign-routine-default,"MenA:MenACWYX,routine,with:default",MenACWYX,total,routine,CMR,Cameroon,2078,0,0,<NA>,<NA>,0.1900000000000000022204,both,0.2000000000000000111
mena-campaign-routine-default,"MenA:MenACWYX,routine,with:default",MenACWYX,total,routine,CMR,Cameroon,2079,0,0,<NA>,<NA>,0.1900000000000000022204,both,0.2000000000000000111
mena-campaign-routine-default,"MenA:MenACWYX,routine,with:default",MenACWYX,total,routine,CMR,Cameroon,2080,0,0,<NA>,<NA>,0.1900000000000000022204,both,0.2000000000000000111
mena-campaign-routine-default,"MenA:MenACWYX,routine,with:default",MenACWYX,total,routine,CMR,Cameroon,2081,0,0,<NA>,<NA>,0.1900000000000000022204,both,0.2000000000000000111
mena-campaign-routine-default,"MenA:MenACWYX,routine,with:default",MenACWYX,total,routine,CMR,Cameroon,2082,0,0,<NA>,<NA>,0.1900000000000000022204,both,0.2000000000000000111
mena-campaign-routine-default,"MenA:MenACWYX,routine,with:default",MenACWYX,total,routine,CMR,Cameroon,2083,0,0,<NA>,<NA>,0.1900000000000000022204,both,0.2000000000000000111
mena-campaign-routine-default,"MenA:MenACWYX,routine,with:default",MenACWYX,total,routine,CMR,Cameroon,2084,0,0,<NA>,<NA>,0.1900000000000000022204,both,0.2000000000000000111
mena-campaign-routine-default,"MenA:MenACWYX,routine,with:default",MenACWYX,total,routine,CMR,Cameroon,2085,0,0,<NA>,<NA>,0.1900000000000000022204,both,0.2000000000000000111
mena-campaign-routine-default,"MenA:MenACWYX,routine,with:default",MenACWYX,total,routine,CMR,Cameroon,2086,0,0,<NA>,<NA>,0.1900000000000000022204,both,0.2000000000000000111
mena-campaign-routine-default,"MenA:MenACWYX,routine,with:default",MenACWYX,total,routine,CMR,Cameroon,2087,0,0,<NA>,<NA>,0.1900000000000000022204,both,0.2000000000000000111
mena-campaign-routine-default,"MenA:MenACWYX,routine,with:default",MenACWYX,total,routine,CMR,Cameroon,2088,0,0,<NA>,<NA>,0.1900000000000000022204,both,0.2000000000000000111
mena-campaign-routine-default,"MenA:MenACWYX,routine,with:default",MenACWYX,total,routine,CMR,Cameroon,2089,0,0,<NA>,<NA>,0.1900000000000000022204,both,0.2000000000000000111
mena-campaign-routine-default,"MenA:MenACWYX,routine,with:default",MenACWYX,total,routine,CMR,Cameroon,2090,0,0,<NA>,<NA>,0.1900000000000000022204,both,0.2000000000000000111
mena-campaign-routine-default,"MenA:MenACWYX,routine,with:default",MenACWYX,total,routine,CMR,Cameroon,2091,0,0,<NA>,<NA>,0.1900000000000000022204,both,0.2000000000000000111
mena-campaign-routine-default,"MenA:MenACWYX,routine,with:default",MenACWYX,total,routine,CMR,Cameroon,2092,0,0,<NA>,<NA>,0.1900000000000000022204,both,0.2000000000000000111
mena-campaign-routine-default,"MenA:MenACWYX,routine,with:default",MenACWYX,total,routine,CMR,Cameroon,2093,0,0,<NA>,<NA>,0.1900000000000000022204,both,0.2000000000000000111
mena-campaign-routine-default,"MenA:MenACWYX,routine,with:default",MenACWYX,total,routine,CMR,Cameroon,2094,0,0,<NA>,<NA>,0.1900000000000000022204,both,0.2000000000000000111
mena-campaign-routine-default,"MenA:MenACWYX,routine,with:default",MenACWYX,total,routine,CMR,Cameroon,2095,0,0,<NA>,<NA>,0.1900000000000000022204,both,0.2000000000000000111
mena-campaign-routine-default,"MenA:MenACWYX,routine,with:default",MenACWYX,total,routine,CMR,Cameroon,2096,0,0,<NA>,<NA>,0.1900000000000000022204,both,0.2000000000000000111
mena-campaign-routine-default,"MenA:MenACWYX,routine,with:default",MenACWYX,total,routine,CMR,Cameroon,2097,0,0,<NA>,<NA>,0.1900000000000000022204,both,0.2000000000000000111
mena-campaign-routine-default,"MenA:MenACWYX,routine,with:default",MenACWYX,total,routine,CMR,Cameroon,2098,0,0,<NA>,<NA>,0.1900000000000000022204,both,0.2000000000000000111
mena-campaign-routine-default,"MenA:MenACWYX,routine,with:default",MenACWYX,total,routine,CMR,Cameroon,2099,0,0,<NA>,<NA>,0.1900000000000000022204,both,0.2000000000000000111
mena-campaign-routine-default,"MenA:MenACWYX,routine,with:default",MenACWYX,total,routine,CMR,Cameroon,2100,0,0,<NA>,<NA>,0.1900000000000000022204,both,0.2000000000000000111
mena-campaign-routine-default,"MenA:MenACWYX,routine,with:default",MenACWYX,total,routine,COD,"Congo, the Democratic Republic of the",2027,0,0,<NA>,<NA>,0.1171593784855054914962,both,0.2000000000000000111
mena-campaign-routine-default,"MenA:MenACWYX,routine,with:default",MenACWYX,total,routine,COD,"Congo, the Democratic Republic of the",2028,0,0,<NA>,<NA>,0.1226347296425905758488,both,0.2000000000000000111
mena-campaign-routine-default,"MenA:MenACWYX,routine,with:default",MenACWYX,total,routine,COD,"Congo, the Democratic Republic of the",2029,0,0,<NA>,<NA>,0.1277481874465681010999,both,0.2000000000000000111
mena-campaign-routine-default,"MenA:MenACWYX,routine,with:default",MenACWYX,total,routine,COD,"Congo, the Democratic Republic of the",2030,0,0,<NA>,<NA>,0.1325236712398266125668,both,0.2000000000000000111
mena-campaign-routine-default,"MenA:MenACWYX,routine,with:default",MenACWYX,total,routine,COD,"Congo, the Democratic Republic of the",2031,0,0,<NA>,<NA>,0.1345236712398266143431,both,0.2000000000000000111
mena-campaign-routine-default,"MenA:MenACWYX,routine,with:default",MenACWYX,total,routine,COD,"Congo, the Democratic Republic of the",2032,0,0,<NA>,<NA>,0.1365236712398266161195,both,0.2000000000000000111
mena-campaign-routine-default,"MenA:MenACWYX,routine,with:default",MenACWYX,total,routine,COD,"Congo, the Democratic Republic of the",2033,0,0,<NA>,<NA>,0.1385236712398266178958,both,0.2000000000000000111
mena-campaign-routine-default,"MenA:MenACWYX,routine,with:default",MenACWYX,total,routine,COD,"Congo, the Democratic Republic of the",2034,0,0,<NA>,<NA>,0.1405236712398266196722,both,0.2000000000000000111
mena-campaign-routine-default,"MenA:MenACWYX,routine,with:default",MenACWYX,total,routine,COD,"Congo, the Democratic Republic of the",2035,0,0,<NA>,<NA>,0.1425236712398266214485,both,0.2000000000000000111
mena-campaign-routine-default,"MenA:MenACWYX,routine,with:default",MenACWYX,total,routine,COD,"Congo, the Democratic Republic of the",2036,0,0,<NA>,<NA>,0.1445236712398266232249,both,0.2000000000000000111
mena-campaign-routine-default,"MenA:MenACWYX,routine,with:default",MenACWYX,total,routine,COD,"Congo, the Democratic Republic of the",2037,0,0,<NA>,<NA>,0.1465236712398266250013,both,0.2000000000000000111
mena-campaign-routine-default,"MenA:MenACWYX,routine,with:default",MenACWYX,total,routine,COD,"Congo, the Democratic Republic of the",2038,0,0,<NA>,<NA>,0.148523671239826599022,both,0.2000000000000000111
mena-campaign-routine-default,"MenA:MenACWYX,routine,with:default",MenACWYX,total,routine,COD,"Congo, the Democratic Republic of the",2039,0,0,<NA>,<NA>,0.1505236712398266007984,both,0.2000000000000000111
mena-campaign-routine-default,"MenA:MenACWYX,routine,with:default",MenACWYX,total,routine,COD,"Congo, the Democratic Republic of the",2040,0,0,<NA>,<NA>,0.1525236712398266025748,both,0.2000000000000000111
mena-campaign-routine-default,"MenA:MenACWYX,routine,with:default",MenACWYX,total,routine,COD,"Congo, the Democratic Republic of the",2041,0,0,<NA>,<NA>,0.1545236712398266043511,both,0.2000000000000000111
mena-campaign-routine-default,"MenA:MenACWYX,routine,with:default",MenACWYX,total,routine,COD,"Congo, the Democratic Republic of the",2042,0,0,<NA>,<NA>,0.1565236712398266061275,both,0.2000000000000000111
mena-campaign-routine-default,"MenA:MenACWYX,routine,with:default",MenACWYX,total,routine,COD,"Congo, the Democratic Republic of the",2043,0,0,<NA>,<NA>,0.1585236712398266079038,both,0.2000000000000000111
mena-campaign-routine-default,"MenA:MenACWYX,routine,with:default",MenACWYX,total,routine,COD,"Congo, the Democratic Republic of the",2044,0,0,<NA>,<NA>,0.1605236712398266096802,both,0.2000000000000000111
mena-campaign-routine-default,"MenA:MenACWYX,routine,with:default",MenACWYX,total,routine,COD,"Congo, the Democratic Republic of the",2045,0,0,<NA>,<NA>,0.1625236712398266114565,both,0.2000000000000000111
mena-campaign-routine-default,"MenA:MenACWYX,routine,with:default",MenACWYX,total,routine,COD,"Congo, the Democratic Republic of the",2046,0,0,<NA>,<NA>,0.1645236712398266132329,both,0.2000000000000000111
mena-campaign-routine-default,"MenA:MenACWYX,routine,with:default",MenACWYX,total,routine,COD,"Congo, the Democratic Republic of the",2047,0,0,<NA>,<NA>,0.1665236712398266150092,both,0.2000000000000000111
mena-campaign-routine-default,"MenA:MenACWYX,routine,with:default",MenACWYX,total,routine,COD,"Congo, the Democratic Republic of the",2048,0,0,<NA>,<NA>,0.16852367123982658903,both,0.2000000000000000111
mena-campaign-routine-default,"MenA:MenACWYX,routine,with:default",MenACWYX,total,routine,COD,"Congo, the Democratic Republic of the",2049,0,0,<NA>,<NA>,0.1705236712398265908064,both,0.2000000000000000111
mena-campaign-routine-default,"MenA:MenACWYX,routine,with:default",MenACWYX,total,routine,COD,"Congo, the Democratic Republic of the",2050,0,0,<NA>,<NA>,0.1725236712398265925827,both,0.2000000000000000111
mena-campaign-routine-default,"MenA:MenACWYX,routine,with:default",MenACWYX,total,routine,COD,"Congo, the Democratic Republic of the",2051,0,0,<NA>,<NA>,0.1745236712398265943591,both,0.2000000000000000111
mena-campaign-routine-default,"MenA:MenACWYX,routine,with:default",MenACWYX,total,routine,COD,"Congo, the Democratic Republic of the",2052,0,0,<NA>,<NA>,0.1765236712398265961355,both,0.2000000000000000111
mena-campaign-routine-default,"MenA:MenACWYX,routine,with:default",MenACWYX,total,routine,COD,"Congo, the Democratic Republic of the",2053,0,0,<NA>,<NA>,0.1785236712398265979118,both,0.2000000000000000111
mena-campaign-routine-default,"MenA:MenACWYX,routine,with:default",MenACWYX,total,routine,COD,"Congo, the Democratic Republic of the",2054,0,0,<NA>,<NA>,0.1805236712398265996882,both,0.2000000000000000111
mena-campaign-routine-default,"MenA:MenACWYX,routine,with:default",MenACWYX,total,routine,COD,"Congo, the Democratic Republic of the",2055,0,0,<NA>,<NA>,0.1825236712398266014645,both,0.2000000000000000111
mena-campaign-routine-default,"MenA:MenACWYX,routine,with:default",MenACWYX,total,routine,COD,"Congo, the Democratic Republic of the",2056,0,0,<NA>,<NA>,0.1845236712398266032409,both,0.2000000000000000111
mena-campaign-routine-default,"MenA:MenACWYX,routine,with:default",MenACWYX,total,routine,COD,"Congo, the Democratic Republic of the",2057,0,0,<NA>,<NA>,0.1865236712398266050172,both,0.2000000000000000111
mena-campaign-routine-default,"MenA:MenACWYX,routine,with:default",MenACWYX,total,routine,COD,"Congo, the Democratic Republic of the",2058,0,0,<NA>,<NA>,0.1885236712398266067936,both,0.2000000000000000111
mena-campaign-routine-default,"MenA:MenACWYX,routine,with:default",MenACWYX,total,routine,COD,"Congo, the Democratic Republic of the",2059,0,0,<NA>,<NA>,0.1900000000000000022204,both,0.2000000000000000111
mena-campaign-routine-default,"MenA:MenACWYX,routine,with:default",MenACWYX,total,routine,COD,"Congo, the Democratic Republic of the",2060,0,0,<NA>,<NA>,0.1900000000000000022204,both,0.2000000000000000111
mena-campaign-routine-default,"MenA:MenACWYX,routine,with:default",MenACWYX,total,routine,COD,"Congo, the Democratic Republic of the",2061,0,0,<NA>,<NA>,0.1900000000000000022204,both,0.2000000000000000111
mena-campaign-routine-default,"MenA:MenACWYX,routine,with:default",MenACWYX,total,routine,COD,"Congo, the Democratic Republic of the",2062,0,0,<NA>,<NA>,0.1900000000000000022204,both,0.2000000000000000111
mena-campaign-routine-default,"MenA:MenACWYX,routine,with:default",MenACWYX,total,routine,COD,"Congo, the Democratic Republic of the",2063,0,0,<NA>,<NA>,0.1900000000000000022204,both,0.2000000000000000111
mena-campaign-routine-default,"MenA:MenACWYX,routine,with:default",MenACWYX,total,routine,COD,"Congo, the Democratic Republic of the",2064,0,0,<NA>,<NA>,0.1900000000000000022204,both,0.2000000000000000111
mena-campaign-routine-default,"MenA:MenACWYX,routine,with:default",MenACWYX,total,routine,COD,"Congo, the Democratic Republic of the",2065,0,0,<NA>,<NA>,0.1900000000000000022204,both,0.2000000000000000111
mena-campaign-routine-default,"MenA:MenACWYX,routine,with:default",MenACWYX,total,routine,COD,"Congo, the Democratic Republic of the",2066,0,0,<NA>,<NA>,0.1900000000000000022204,both,0.2000000000000000111
mena-campaign-routine-default,"MenA:MenACWYX,routine,with:default",MenACWYX,total,routine,COD,"Congo, the Democratic Republic of the",2067,0,0,<NA>,<NA>,0.1900000000000000022204,both,0.2000000000000000111
mena-campaign-routine-default,"MenA:MenACWYX,routine,with:default",MenACWYX,total,routine,COD,"Congo, the Democratic Republic of the",2068,0,0,<NA>,<NA>,0.1900000000000000022204,both,0.2000000000000000111
mena-campaign-routine-default,"MenA:MenACWYX,routine,with:default",MenACWYX,total,routine,COD,"Congo, the Democratic Republic of the",2069,0,0,<NA>,<NA>,0.1900000000000000022204,both,0.2000000000000000111
mena-campaign-routine-default,"MenA:MenACWYX,routine,with:default",MenACWYX,total,routine,COD,"Congo, the Democratic Republic of the",2070,0,0,<NA>,<NA>,0.1900000000000000022204,both,0.2000000000000000111
mena-campaign-routine-default,"MenA:MenACWYX,routine,with:default",MenACWYX,total,routine,COD,"Congo, the Democratic Republic of the",2071,0,0,<NA>,<NA>,0.1900000000000000022204,both,0.2000000000000000111
mena-campaign-routine-default,"MenA:MenACWYX,routine,with:default",MenACWYX,total,routine,COD,"Congo, the Democratic Republic of the",2072,0,0,<NA>,<NA>,0.1900000000000000022204,both,0.2000000000000000111
mena-campaign-routine-default,"MenA:MenACWYX,routine,with:default",MenACWYX,total,routine,COD,"Congo, the Democratic Republic of the",2073,0,0,<NA>,<NA>,0.1900000000000000022204,both,0.2000000000000000111
mena-campaign-routine-default,"MenA:MenACWYX,routine,with:default",MenACWYX,total,routine,COD,"Congo, the Democratic Republic of the",2074,0,0,<NA>,<NA>,0.1900000000000000022204,both,0.2000000000000000111
mena-campaign-routine-default,"MenA:MenACWYX,routine,with:default",MenACWYX,total,routine,COD,"Congo, the Democratic Republic of the",2075,0,0,<NA>,<NA>,0.1900000000000000022204,both,0.2000000000000000111
mena-campaign-routine-default,"MenA:MenACWYX,routine,with:default",MenACWYX,total,routine,COD,"Congo, the Democratic Republic of the",2076,0,0,<NA>,<NA>,0.1900000000000000022204,both,0.2000000000000000111
mena-campaign-routine-default,"MenA:MenACWYX,routine,with:default",MenACWYX,total,routine,COD,"Congo, the Democratic Republic of the",2077,0,0,<NA>,<NA>,0.1900000000000000022204,both,0.2000000000000000111
mena-campaign-routine-default,"MenA:MenACWYX,routine,with:default",MenACWYX,total,routine,COD,"Congo, the Democratic Republic of the",2078,0,0,<NA>,<NA>,0.1900000000000000022204,both,0.2000000000000000111
mena-campaign-routine-default,"MenA:MenACWYX,routine,with:default",MenACWYX,total,routine,COD,"Congo, the Democratic Republic of the",2079,0,0,<NA>,<NA>,0.1900000000000000022204,both,0.2000000000000000111
mena-campaign-routine-default,"MenA:MenACWYX,routine,with:default",MenACWYX,total,routine,COD,"Congo, the Democratic Republic of the",2080,0,0,<NA>,<NA>,0.1900000000000000022204,both,0.2000000000000000111
mena-campaign-routine-default,"MenA:MenACWYX,routine,with:default",MenACWYX,total,routine,COD,"Congo, the Democratic Republic of the",2081,0,0,<NA>,<NA>,0.1900000000000000022204,both,0.2000000000000000111
mena-campaign-routine-default,"MenA:MenACWYX,routine,with:default",MenACWYX,total,routine,COD,"Congo, the Democratic Republic of the",2082,0,0,<NA>,<NA>,0.1900000000000000022204,both,0.2000000000000000111
mena-campaign-routine-default,"MenA:MenACWYX,routine,with:default",MenACWYX,total,routine,COD,"Congo, the Democratic Republic of the",2083,0,0,<NA>,<NA>,0.1900000000000000022204,both,0.2000000000000000111
mena-campaign-routine-default,"MenA:MenACWYX,routine,with:default",MenACWYX,total,routine,COD,"Congo, the Democratic Republic of the",2084,0,0,<NA>,<NA>,0.1900000000000000022204,both,0.2000000000000000111
mena-campaign-routine-default,"MenA:MenACWYX,routine,with:default",MenACWYX,total,routine,COD,"Congo, the Democratic Republic of the",2085,0,0,<NA>,<NA>,0.1900000000000000022204,both,0.2000000000000000111
mena-campaign-routine-default,"MenA:MenACWYX,routine,with:default",MenACWYX,total,routine,COD,"Congo, the Democratic Republic of the",2086,0,0,<NA>,<NA>,0.1900000000000000022204,both,0.2000000000000000111
mena-campaign-routine-default,"MenA:MenACWYX,routine,with:default",MenACWYX,total,routine,COD,"Congo, the Democratic Republic of the",2087,0,0,<NA>,<NA>,0.1900000000000000022204,both,0.2000000000000000111
mena-campaign-routine-default,"MenA:MenACWYX,routine,with:default",MenACWYX,total,routine,COD,"Congo, the Democratic Republic of the",2088,0,0,<NA>,<NA>,0.1900000000000000022204,both,0.2000000000000000111
mena-campaign-routine-default,"MenA:MenACWYX,routine,with:default",MenACWYX,total,routine,COD,"Congo, the Democratic Republic of the",2089,0,0,<NA>,<NA>,0.1900000000000000022204,both,0.2000000000000000111
mena-campaign-routine-default,"MenA:MenACWYX,routine,with:default",MenACWYX,total,routine,COD,"Congo, the Democratic Republic of the",2090,0,0,<NA>,<NA>,0.1900000000000000022204,both,0.2000000000000000111
mena-campaign-routine-default,"MenA:MenACWYX,routine,with:default",MenACWYX,total,routine,COD,"Congo, the Democratic Republic of the",2091,0,0,<NA>,<NA>,0.1900000000000000022204,both,0.2000000000000000111
mena-campaign-routine-default,"MenA:MenACWYX,routine,with:default",MenACWYX,total,routine,COD,"Congo, the Democratic Republic of the",2092,0,0,<NA>,<NA>,0.1900000000000000022204,both,0.2000000000000000111
mena-campaign-routine-default,"MenA:MenACWYX,routine,with:default",MenACWYX,total,routine,COD,"Congo, the Democratic Republic of the",2093,0,0,<NA>,<NA>,0.1900000000000000022204,both,0.2000000000000000111
mena-campaign-routine-default,"MenA:MenACWYX,routine,with:default",MenACWYX,total,routine,COD,"Congo, the Democratic Republic of the",2094,0,0,<NA>,<NA>,0.1900000000000000022204,both,0.2000000000000000111
mena-campaign-routine-default,"MenA:MenACWYX,routine,with:default",MenACWYX,total,routine,COD,"Congo, the Democratic Republic of the",2095,0,0,<NA>,<NA>,0.1900000000000000022204,both,0.2000000000000000111
mena-campaign-routine-default,"MenA:MenACWYX,routine,with:default",MenACWYX,total,routine,COD,"Congo, the Democratic Republic of the",2096,0,0,<NA>,<NA>,0.1900000000000000022204,both,0.2000000000000000111
mena-campaign-routine-default,"MenA:MenACWYX,routine,with:default",MenACWYX,total,routine,COD,"Congo, the Democratic Republic of the",2097,0,0,<NA>,<NA>,0.1900000000000000022204,both,0.2000000000000000111
mena-campaign-routine-default,"MenA:MenACWYX,routine,with:default",MenACWYX,total,routine,COD,"Congo, the Democratic Republic of the",2098,0,0,<NA>,<NA>,0.1900000000000000022204,both,0.2000000000000000111
mena-campaign-routine-default,"MenA:MenACWYX,routine,with:default",MenACWYX,total,routine,COD,"Congo, the Democratic Republic of the",2099,0,0,<NA>,<NA>,0.1900000000000000022204,both,0.2000000000000000111
mena-campaign-routine-default,"MenA:MenACWYX,routine,with:default",MenACWYX,total,routine,COD,"Congo, the Democratic Republic of the",2100,0,0,<NA>,<NA>,0.1900000000000000022204,both,0.2000000000000000111
mena-campaign-routine-default,"MenA:MenACWYX,routine,with:default",MenACWYX,total,routine,ERI,Eritrea,2027,0,0,<NA>,<NA>,0.0999992915198155002399,both,0.1000000000000000056
mena-campaign-routine-default,"MenA:MenACWYX,routine,with:default",MenACWYX,total,routine,ERI,Eritrea,2028,0,0,<NA>,<NA>,0.099983389023223775971,both,0.1000000000000000056
mena-campaign-routine-default,"MenA:MenACWYX,routine,with:default",MenACWYX,total,routine,ERI,Eritrea,2029,0,0,<NA>,<NA>,0.0996105402021188468531,both,0.1000000000000000056
mena-campaign-routine-default,"MenA:MenACWYX,routine,with:default",MenACWYX,total,routine,ERI,Eritrea,2030,0,0,<NA>,<NA>,0.0908687528608982109102,both,0.1000000000000000056
mena-campaign-routine-default,"MenA:MenACWYX,routine,with:default",MenACWYX,total,routine,ERI,Eritrea,2031,0,0,<NA>,<NA>,0.0918687528608982117984,both,0.1000000000000000056
mena-campaign-routine-default,"MenA:MenACWYX,routine,with:default",MenACWYX,total,routine,ERI,Eritrea,2032,0,0,<NA>,<NA>,0.0928687528608982126865,both,0.1000000000000000056
mena-campaign-routine-default,"MenA:MenACWYX,routine,with:default",MenACWYX,total,routine,ERI,Eritrea,2033,0,0,<NA>,<NA>,0.0938687528608982135747,both,0.1000000000000000056
mena-campaign-routine-default,"MenA:MenACWYX,routine,with:default",MenACWYX,total,routine,ERI,Eritrea,2034,0,0,<NA>,<NA>,0.0948687528608982144629,both,0.1000000000000000056
mena-campaign-routine-default,"MenA:MenACWYX,routine,with:default",MenACWYX,total,routine,ERI,Eritrea,2035,0,0,<NA>,<NA>,0.0958687528608982153511,both,0.1000000000000000056
mena-campaign-routine-default,"MenA:MenACWYX,routine,with:default",MenACWYX,total,routine,ERI,Eritrea,2036,0,0,<NA>,<NA>,0.0968687528608982023615,both,0.1000000000000000056
mena-campaign-routine-default,"MenA:MenACWYX,routine,with:default",MenACWYX,total,routine,ERI,Eritrea,2037,0,0,<NA>,<NA>,0.0978687528608982032496,both,0.1000000000000000056
mena-campaign-routine-default,"MenA:MenACWYX,routine,with:default",MenACWYX,total,routine,ERI,Eritrea,2038,0,0,<NA>,<NA>,0.0988687528608982041378,both,0.1000000000000000056
mena-campaign-routine-default,"MenA:MenACWYX,routine,with:default",MenACWYX,total,routine,ERI,Eritrea,2039,0,0,<NA>,<NA>,0.099868752860898205026,both,0.1000000000000000056
mena-campaign-routine-default,"MenA:MenACWYX,routine,with:default",MenACWYX,total,routine,ERI,Eritrea,2040,0,0,<NA>,<NA>,0.0999999999999000022122,both,0.1000000000000000056
mena-campaign-routine-default,"MenA:MenACWYX,routine,with:default",MenACWYX,total,routine,ERI,Eritrea,2041,0,0,<NA>,<NA>,0.0999999999999000022122,both,0.1000000000000000056
mena-campaign-routine-default,"MenA:MenACWYX,routine,with:default",MenACWYX,total,routine,ERI,Eritrea,2042,0,0,<NA>,<NA>,0.0999999999999000022122,both,0.1000000000000000056
mena-campaign-routine-default,"MenA:MenACWYX,routine,with:default",MenACWYX,total,routine,ERI,Eritrea,2043,0,0,<NA>,<NA>,0.0999999999999000022122,both,0.1000000000000000056
mena-campaign-routine-default,"MenA:MenACWYX,routine,with:default",MenACWYX,total,routine,ERI,Eritrea,2044,0,0,<NA>,<NA>,0.0999999999999000022122,both,0.1000000000000000056
mena-campaign-routine-default,"MenA:MenACWYX,routine,with:default",MenACWYX,total,routine,ERI,Eritrea,2045,0,0,<NA>,<NA>,0.0999999999999000022122,both,0.1000000000000000056
mena-campaign-routine-default,"MenA:MenACWYX,routine,with:default",MenACWYX,total,routine,ERI,Eritrea,2046,0,0,<NA>,<NA>,0.0999999999999000022122,both,0.1000000000000000056
mena-campaign-routine-default,"MenA:MenACWYX,routine,with:default",MenACWYX,total,routine,ERI,Eritrea,2047,0,0,<NA>,<NA>,0.0999999999999000022122,both,0.1000000000000000056
mena-campaign-routine-default,"MenA:MenACWYX,routine,with:default",MenACWYX,total,routine,ERI,Eritrea,2048,0,0,<NA>,<NA>,0.0999999999999000022122,both,0.1000000000000000056
mena-campaign-routine-default,"MenA:MenACWYX,routine,with:default",MenACWYX,total,routine,ERI,Eritrea,2049,0,0,<NA>,<NA>,0.0999999999999000022122,both,0.1000000000000000056
mena-campaign-routine-default,"MenA:MenACWYX,routine,with:default",MenACWYX,total,routine,ERI,Eritrea,2050,0,0,<NA>,<NA>,0.0999999999999000022122,both,0.1000000000000000056
mena-campaign-routine-default,"MenA:MenACWYX,routine,with:default",MenACWYX,total,routine,ERI,Eritrea,2051,0,0,<NA>,<NA>,0.0999999999999000022122,both,0.1000000000000000056
mena-campaign-routine-default,"MenA:MenACWYX,routine,with:default",MenACWYX,total,routine,ERI,Eritrea,2052,0,0,<NA>,<NA>,0.0999999999999000022122,both,0.1000000000000000056
mena-campaign-routine-default,"MenA:MenACWYX,routine,with:default",MenACWYX,total,routine,ERI,Eritrea,2053,0,0,<NA>,<NA>,0.0999999999999000022122,both,0.1000000000000000056
mena-campaign-routine-default,"MenA:MenACWYX,routine,with:default",MenACWYX,total,routine,ERI,Eritrea,2054,0,0,<NA>,<NA>,0.0999999999999000022122,both,0.1000000000000000056
mena-campaign-routine-default,"MenA:MenACWYX,routine,with:default",MenACWYX,total,routine,ERI,Eritrea,2055,0,0,<NA>,<NA>,0.0999999999999000022122,both,0.1000000000000000056
mena-campaign-routine-default,"MenA:MenACWYX,routine,with:default",MenACWYX,total,routine,ERI,Eritrea,2056,0,0,<NA>,<NA>,0.0999999999999000022122,both,0.1000000000000000056
mena-campaign-routine-default,"MenA:MenACWYX,routine,with:default",MenACWYX,total,routine,ERI,Eritrea,2057,0,0,<NA>,<NA>,0.0999999999999000022122,both,0.1000000000000000056
mena-campaign-routine-default,"MenA:MenACWYX,routine,with:default",MenACWYX,total,routine,ERI,Eritrea,2058,0,0,<NA>,<NA>,0.0999999999999000022122,both,0.1000000000000000056
mena-campaign-routine-default,"MenA:MenACWYX,routine,with:default",MenACWYX,total,routine,ERI,Eritrea,2059,0,0,<NA>,<NA>,0.0999999999999000022122,both,0.1000000000000000056
mena-campaign-routine-default,"MenA:MenACWYX,routine,with:default",MenACWYX,total,routine,ERI,Eritrea,2060,0,0,<NA>,<NA>,0.0999999999999000022122,both,0.1000000000000000056
mena-campaign-routine-default,"MenA:MenACWYX,routine,with:default",MenACWYX,total,routine,ERI,Eritrea,2061,0,0,<NA>,<NA>,0.0999999999999000022122,both,0.1000000000000000056
mena-campaign-routine-default,"MenA:MenACWYX,routine,with:default",MenACWYX,total,routine,ERI,Eritrea,2062,0,0,<NA>,<NA>,0.0999999999999000022122,both,0.1000000000000000056
mena-campaign-routine-default,"MenA:MenACWYX,routine,with:default",MenACWYX,total,routine,ERI,Eritrea,2063,0,0,<NA>,<NA>,0.0999999999999000022122,both,0.1000000000000000056
mena-campaign-routine-default,"MenA:MenACWYX,routine,with:default",MenACWYX,total,routine,ERI,Eritrea,2064,0,0,<NA>,<NA>,0.0999999999999000022122,both,0.1000000000000000056
mena-campaign-routine-default,"MenA:MenACWYX,routine,with:default",MenACWYX,total,routine,ERI,Eritrea,2065,0,0,<NA>,<NA>,0.0999999999999000022122,both,0.1000000000000000056
mena-campaign-routine-default,"MenA:MenACWYX,routine,with:default",MenACWYX,total,routine,ERI,Eritrea,2066,0,0,<NA>,<NA>,0.0999999999999000022122,both,0.1000000000000000056
mena-campaign-routine-default,"MenA:MenACWYX,routine,with:default",MenACWYX,total,routine,ERI,Eritrea,2067,0,0,<NA>,<NA>,0.0999999999999000022122,both,0.1000000000000000056
mena-campaign-routine-default,"MenA:MenACWYX,routine,with:default",MenACWYX,total,routine,ERI,Eritrea,2068,0,0,<NA>,<NA>,0.0999999999999000022122,both,0.1000000000000000056
mena-campaign-routine-default,"MenA:MenACWYX,routine,with:default",MenACWYX,total,routine,ERI,Eritrea,2069,0,0,<NA>,<NA>,0.0999999999999000022122,both,0.1000000000000000056
mena-campaign-routine-default,"MenA:MenACWYX,routine,with:default",MenACWYX,total,routine,ERI,Eritrea,2070,0,0,<NA>,<NA>,0.0999999999999000022122,both,0.1000000000000000056
mena-campaign-routine-default,"MenA:MenACWYX,routine,with:default",MenACWYX,total,routine,ERI,Eritrea,2071,0,0,<NA>,<NA>,0.0999999999999000022122,both,0.1000000000000000056
mena-campaign-routine-default,"MenA:MenACWYX,routine,with:default",MenACWYX,total,routine,ERI,Eritrea,2072,0,0,<NA>,<NA>,0.0999999999999000022122,both,0.1000000000000000056
mena-campaign-routine-default,"MenA:MenACWYX,routine,with:default",MenACWYX,total,routine,ERI,Eritrea,2073,0,0,<NA>,<NA>,0.0999999999999000022122,both,0.1000000000000000056
mena-campaign-routine-default,"MenA:MenACWYX,routine,with:default",MenACWYX,total,routine,ERI,Eritrea,2074,0,0,<NA>,<NA>,0.0999999999999000022122,both,0.1000000000000000056
mena-campaign-routine-default,"MenA:MenACWYX,routine,with:default",MenACWYX,total,routine,ERI,Eritrea,2075,0,0,<NA>,<NA>,0.0999999999999000022122,both,0.1000000000000000056
mena-campaign-routine-default,"MenA:MenACWYX,routine,with:default",MenACWYX,total,routine,ERI,Eritrea,2076,0,0,<NA>,<NA>,0.0999999999999000022122,both,0.1000000000000000056
mena-campaign-routine-default,"MenA:MenACWYX,routine,with:default",MenACWYX,total,routine,ERI,Eritrea,2077,0,0,<NA>,<NA>,0.0999999999999000022122,both,0.1000000000000000056
mena-campaign-routine-default,"MenA:MenACWYX,routine,with:default",MenACWYX,total,routine,ERI,Eritrea,2078,0,0,<NA>,<NA>,0.0999999999999000022122,both,0.1000000000000000056
mena-campaign-routine-default,"MenA:MenACWYX,routine,with:default",MenACWYX,total,routine,ERI,Eritrea,2079,0,0,<NA>,<NA>,0.0999999999999000022122,both,0.1000000000000000056
mena-campaign-routine-default,"MenA:MenACWYX,routine,with:default",MenACWYX,total,routine,ERI,Eritrea,2080,0,0,<NA>,<NA>,0.0999999999999000022122,both,0.1000000000000000056
mena-campaign-routine-default,"MenA:MenACWYX,routine,with:default",MenACWYX,total,routine,ERI,Eritrea,2081,0,0,<NA>,<NA>,0.0999999999999000022122,both,0.1000000000000000056
mena-campaign-routine-default,"MenA:MenACWYX,routine,with:default",MenACWYX,total,routine,ERI,Eritrea,2082,0,0,<NA>,<NA>,0.0999999999999000022122,both,0.1000000000000000056
mena-campaign-routine-default,"MenA:MenACWYX,routine,with:default",MenACWYX,total,routine,ERI,Eritrea,2083,0,0,<NA>,<NA>,0.0999999999999000022122,both,0.1000000000000000056
mena-campaign-routine-default,"MenA:MenACWYX,routine,with:default",MenACWYX,total,routine,ERI,Eritrea,2084,0,0,<NA>,<NA>,0.0999999999999000022122,both,0.1000000000000000056
mena-campaign-routine-default,"MenA:MenACWYX,routine,with:default",MenACWYX,total,routine,ERI,Eritrea,2085,0,0,<NA>,<NA>,0.0999999999999000022122,both,0.1000000000000000056
mena-campaign-routine-default,"MenA:MenACWYX,routine,with:default",MenACWYX,total,routine,ERI,Eritrea,2086,0,0,<NA>,<NA>,0.0999999999999000022122,both,0.1000000000000000056
mena-campaign-routine-default,"MenA:MenACWYX,routine,with:default",MenACWYX,total,routine,ERI,Eritrea,2087,0,0,<NA>,<NA>,0.0999999999999000022122,both,0.1000000000000000056
mena-campaign-routine-default,"MenA:MenACWYX,routine,with:default",MenACWYX,total,routine,ERI,Eritrea,2088,0,0,<NA>,<NA>,0.0999999999999000022122,both,0.1000000000000000056
mena-campaign-routine-default,"MenA:MenACWYX,routine,with:default",MenACWYX,total,routine,ERI,Eritrea,2089,0,0,<NA>,<NA>,0.0999999999999000022122,both,0.1000000000000000056
mena-campaign-routine-default,"MenA:MenACWYX,routine,with:default",MenACWYX,total,routine,ERI,Eritrea,2090,0,0,<NA>,<NA>,0.0999999999999000022122,both,0.1000000000000000056
mena-campaign-routine-default,"MenA:MenACWYX,routine,with:default",MenACWYX,total,routine,ERI,Eritrea,2091,0,0,<NA>,<NA>,0.0999999999999000022122,both,0.1000000000000000056
mena-campaign-routine-default,"MenA:MenACWYX,routine,with:default",MenACWYX,total,routine,ERI,Eritrea,2092,0,0,<NA>,<NA>,0.0999999999999000022122,both,0.1000000000000000056
mena-campaign-routine-default,"MenA:MenACWYX,routine,with:default",MenACWYX,total,routine,ERI,Eritrea,2093,0,0,<NA>,<NA>,0.0999999999999000022122,both,0.1000000000000000056
mena-campaign-routine-default,"MenA:MenACWYX,routine,with:default",MenACWYX,total,routine,ERI,Eritrea,2094,0,0,<NA>,<NA>,0.0999999999999000022122,both,0.1000000000000000056
mena-campaign-routine-default,"MenA:MenACWYX,routine,with:default",MenACWYX,total,routine,ERI,Eritrea,2095,0,0,<NA>,<NA>,0.0999999999999000022122,both,0.1000000000000000056
mena-campaign-routine-default,"MenA:MenACWYX,routine,with:default",MenACWYX,total,routine,ERI,Eritrea,2096,0,0,<NA>,<NA>,0.0999999999999000022122,both,0.1000000000000000056
mena-campaign-routine-default,"MenA:MenACWYX,routine,with:default",MenACWYX,total,routine,ERI,Eritrea,2097,0,0,<NA>,<NA>,0.0999999999999000022122,both,0.1000000000000000056
mena-campaign-routine-default,"MenA:MenACWYX,routine,with:default",MenACWYX,total,routine,ERI,Eritrea,2098,0,0,<NA>,<NA>,0.0999999999999000022122,both,0.1000000000000000056
mena-campaign-routine-default,"MenA:MenACWYX,routine,with:default",MenACWYX,total,routine,ERI,Eritrea,2099,0,0,<NA>,<NA>,0.0999999999999000022122,both,0.1000000000000000056
mena-campaign-routine-default,"MenA:MenACWYX,routine,with:default",MenACWYX,total,routine,ERI,Eritrea,2100,0,0,<NA>,<NA>,0.0999999999999000022122,both,0.1000000000000000056
mena-campaign-routine-default,"MenA:MenACWYX,routine,with:default",MenACWYX,total,routine,ETH,Ethiopia,2027,0,0,<NA>,<NA>,0.6114830431855644565786,both,1
mena-campaign-routine-default,"MenA:MenACWYX,routine,with:default",MenACWYX,total,routine,ETH,Ethiopia,2028,0,0,<NA>,<NA>,0.6429189021154466665564,both,1
mena-campaign-routine-default,"MenA:MenACWYX,routine,with:default",MenACWYX,total,routine,ETH,Ethiopia,2029,0,0,<NA>,<NA>,0.6718112086743792676913,both,1
mena-campaign-routine-default,"MenA:MenACWYX,routine,with:default",MenACWYX,total,routine,ETH,Ethiopia,2030,0,0,<NA>,<NA>,0.6983657679169720244872,both,1
mena-campaign-routine-default,"MenA:MenACWYX,routine,with:default",MenACWYX,total,routine,ETH,Ethiopia,2031,0,0,<NA>,<NA>,0.7083657679169720333689,both,1
mena-campaign-routine-default,"MenA:MenACWYX,routine,with:default",MenACWYX,total,routine,ETH,Ethiopia,2032,0,0,<NA>,<NA>,0.7183657679169720422507,both,1
mena-campaign-routine-default,"MenA:MenACWYX,routine,with:default",MenACWYX,total,routine,ETH,Ethiopia,2033,0,0,<NA>,<NA>,0.7283657679169720511325,both,1
mena-campaign-routine-default,"MenA:MenACWYX,routine,with:default",MenACWYX,total,routine,ETH,Ethiopia,2034,0,0,<NA>,<NA>,0.7383657679169720600143,both,1
mena-campaign-routine-default,"MenA:MenACWYX,routine,with:default",MenACWYX,total,routine,ETH,Ethiopia,2035,0,0,<NA>,<NA>,0.7483657679169720688961,both,1
mena-campaign-routine-default,"MenA:MenACWYX,routine,with:default",MenACWYX,total,routine,ETH,Ethiopia,2036,0,0,<NA>,<NA>,0.7583657679169719667556,both,1
mena-campaign-routine-default,"MenA:MenACWYX,routine,with:default",MenACWYX,total,routine,ETH,Ethiopia,2037,0,0,<NA>,<NA>,0.7683657679169719756374,both,1
mena-campaign-routine-default,"MenA:MenACWYX,routine,with:default",MenACWYX,total,routine,ETH,Ethiopia,2038,0,0,<NA>,<NA>,0.7783657679169719845191,both,1
mena-campaign-routine-default,"MenA:MenACWYX,routine,with:default",MenACWYX,total,routine,ETH,Ethiopia,2039,0,0,<NA>,<NA>,0.7883657679169719934009,both,1
mena-campaign-routine-default,"MenA:MenACWYX,routine,with:default",MenACWYX,total,routine,ETH,Ethiopia,2040,0,0,<NA>,<NA>,0.7983657679169720022827,both,1
mena-campaign-routine-default,"MenA:MenACWYX,routine,with:default",MenACWYX,total,routine,ETH,Ethiopia,2041,0,0,<NA>,<NA>,0.8083657679169720111645,both,1
mena-campaign-routine-default,"MenA:MenACWYX,routine,with:default",MenACWYX,total,routine,ETH,Ethiopia,2042,0,0,<NA>,<NA>,0.8183657679169720200463,both,1
mena-campaign-routine-default,"MenA:MenACWYX,routine,with:default",MenACWYX,total,routine,ETH,Ethiopia,2043,0,0,<NA>,<NA>,0.8283657679169720289281,both,1
mena-campaign-routine-default,"MenA:MenACWYX,routine,with:default",MenACWYX,total,routine,ETH,Ethiopia,2044,0,0,<NA>,<NA>,0.8383657679169720378098,both,1
mena-campaign-routine-default,"MenA:MenACWYX,routine,with:default",MenACWYX,total,routine,ETH,Ethiopia,2045,0,0,<NA>,<NA>,0.8483657679169720466916,both,1
mena-campaign-routine-default,"MenA:MenACWYX,routine,with:default",MenACWYX,total,routine,ETH,Ethiopia,2046,0,0,<NA>,<NA>,0.8583657679169720555734,both,1
mena-campaign-routine-default,"MenA:MenACWYX,routine,with:default",MenACWYX,total,routine,ETH,Ethiopia,2047,0,0,<NA>,<NA>,0.8683657679169720644552,both,1
mena-campaign-routine-default,"MenA:MenACWYX,routine,with:default",MenACWYX,total,routine,ETH,Ethiopia,2048,0,0,<NA>,<NA>,0.878365767916972073337,both,1
mena-campaign-routine-default,"MenA:MenACWYX,routine,with:default",MenACWYX,total,routine,ETH,Ethiopia,2049,0,0,<NA>,<NA>,0.8883657679169720822188,both,1
mena-campaign-routine-default,"MenA:MenACWYX,routine,with:default",MenACWYX,total,routine,ETH,Ethiopia,2050,0,0,<NA>,<NA>,0.8983657679169720911005,both,1
mena-campaign-routine-default,"MenA:MenACWYX,routine,with:default",MenACWYX,total,routine,ETH,Ethiopia,2051,0,0,<NA>,<NA>,0.90836576791697198896,both,1
mena-campaign-routine-default,"MenA:MenACWYX,routine,with:default",MenACWYX,total,routine,ETH,Ethiopia,2052,0,0,<NA>,<NA>,0.9183657679169719978418,both,1
mena-campaign-routine-default,"MenA:MenACWYX,routine,with:default",MenACWYX,total,routine,ETH,Ethiopia,2053,0,0,<NA>,<NA>,0.9283657679169720067236,both,1
mena-campaign-routine-default,"MenA:MenACWYX,routine,with:default",MenACWYX,total,routine,ETH,Ethiopia,2054,0,0,<NA>,<NA>,0.9383657679169720156054,both,1
mena-campaign-routine-default,"MenA:MenACWYX,routine,with:default",MenACWYX,total,routine,ETH,Ethiopia,2055,0,0,<NA>,<NA>,0.9483657679169720244872,both,1
mena-campaign-routine-default,"MenA:MenACWYX,routine,with:default",MenACWYX,total,routine,ETH,Ethiopia,2056,0,0,<NA>,<NA>,0.9499999999999999555911,both,1
mena-campaign-routine-default,"MenA:MenACWYX,routine,with:default",MenACWYX,total,routine,ETH,Ethiopia,2057,0,0,<NA>,<NA>,0.9499999999999999555911,both,1
mena-campaign-routine-default,"MenA:MenACWYX,routine,with:default",MenACWYX,total,routine,ETH,Ethiopia,2058,0,0,<NA>,<NA>,0.9499999999999999555911,both,1
mena-campaign-routine-default,"MenA:MenACWYX,routine,with:default",MenACWYX,total,routine,ETH,Ethiopia,2059,0,0,<NA>,<NA>,0.9499999999999999555911,both,1
mena-campaign-routine-default,"MenA:MenACWYX,routine,with:default",MenACWYX,total,routine,ETH,Ethiopia,2060,0,0,<NA>,<NA>,0.9499999999999999555911,both,1
mena-campaign-routine-default,"MenA:MenACWYX,routine,with:default",MenACWYX,total,routine,ETH,Ethiopia,2061,0,0,<NA>,<NA>,0.9499999999999999555911,both,1
mena-campaign-routine-default,"MenA:MenACWYX,routine,with:default",MenACWYX,total,routine,ETH,Ethiopia,2062,0,0,<NA>,<NA>,0.9499999999999999555911,both,1
mena-campaign-routine-default,"MenA:MenACWYX,routine,with:default",MenACWYX,total,routine,ETH,Ethiopia,2063,0,0,<NA>,<NA>,0.9499999999999999555911,both,1
mena-campaign-routine-default,"MenA:MenACWYX,routine,with:default",MenACWYX,total,routine,ETH,Ethiopia,2064,0,0,<NA>,<NA>,0.9499999999999999555911,both,1
mena-campaign-routine-default,"MenA:MenACWYX,routine,with:default",MenACWYX,total,routine,ETH,Ethiopia,2065,0,0,<NA>,<NA>,0.9499999999999999555911,both,1
mena-campaign-routine-default,"MenA:MenACWYX,routine,with:default",MenACWYX,total,routine,ETH,Ethiopia,2066,0,0,<NA>,<NA>,0.9499999999999999555911,both,1
mena-campaign-routine-default,"MenA:MenACWYX,routine,with:default",MenACWYX,total,routine,ETH,Ethiopia,2067,0,0,<NA>,<NA>,0.9499999999999999555911,both,1
mena-campaign-routine-default,"MenA:MenACWYX,routine,with:default",MenACWYX,total,routine,ETH,Ethiopia,2068,0,0,<NA>,<NA>,0.9499999999999999555911,both,1
mena-campaign-routine-default,"MenA:MenACWYX,routine,with:default",MenACWYX,total,routine,ETH,Ethiopia,2069,0,0,<NA>,<NA>,0.9499999999999999555911,both,1
mena-campaign-routine-default,"MenA:MenACWYX,routine,with:default",MenACWYX,total,routine,ETH,Ethiopia,2070,0,0,<NA>,<NA>,0.9499999999999999555911,both,1
mena-campaign-routine-default,"MenA:MenACWYX,routine,with:default",MenACWYX,total,routine,ETH,Ethiopia,2071,0,0,<NA>,<NA>,0.9499999999999999555911,both,1
mena-campaign-routine-default,"MenA:MenACWYX,routine,with:default",MenACWYX,total,routine,ETH,Ethiopia,2072,0,0,<NA>,<NA>,0.9499999999999999555911,both,1
mena-campaign-routine-default,"MenA:MenACWYX,routine,with:default",MenACWYX,total,routine,ETH,Ethiopia,2073,0,0,<NA>,<NA>,0.9499999999999999555911,both,1
mena-campaign-routine-default,"MenA:MenACWYX,routine,with:default",MenACWYX,total,routine,ETH,Ethiopia,2074,0,0,<NA>,<NA>,0.9499999999999999555911,both,1
mena-campaign-routine-default,"MenA:MenACWYX,routine,with:default",MenACWYX,total,routine,ETH,Ethiopia,2075,0,0,<NA>,<NA>,0.9499999999999999555911,both,1
mena-campaign-routine-default,"MenA:MenACWYX,routine,with:default",MenACWYX,total,routine,ETH,Ethiopia,2076,0,0,<NA>,<NA>,0.9499999999999999555911,both,1
mena-campaign-routine-default,"MenA:MenACWYX,routine,with:default",MenACWYX,total,routine,ETH,Ethiopia,2077,0,0,<NA>,<NA>,0.9499999999999999555911,both,1
mena-campaign-routine-default,"MenA:MenACWYX,routine,with:default",MenACWYX,total,routine,ETH,Ethiopia,2078,0,0,<NA>,<NA>,0.9499999999999999555911,both,1
mena-campaign-routine-default,"MenA:MenACWYX,routine,with:default",MenACWYX,total,routine,ETH,Ethiopia,2079,0,0,<NA>,<NA>,0.9499999999999999555911,both,1
mena-campaign-routine-default,"MenA:MenACWYX,routine,with:default",MenACWYX,total,routine,ETH,Ethiopia,2080,0,0,<NA>,<NA>,0.9499999999999999555911,both,1
mena-campaign-routine-default,"MenA:MenACWYX,routine,with:default",MenACWYX,total,routine,ETH,Ethiopia,2081,0,0,<NA>,<NA>,0.9499999999999999555911,both,1
mena-campaign-routine-default,"MenA:MenACWYX,routine,with:default",MenACWYX,total,routine,ETH,Ethiopia,2082,0,0,<NA>,<NA>,0.9499999999999999555911,both,1
mena-campaign-routine-default,"MenA:MenACWYX,routine,with:default",MenACWYX,total,routine,ETH,Ethiopia,2083,0,0,<NA>,<NA>,0.9499999999999999555911,both,1
mena-campaign-routine-default,"MenA:MenACWYX,routine,with:default",MenACWYX,total,routine,ETH,Ethiopia,2084,0,0,<NA>,<NA>,0.9499999999999999555911,both,1
mena-campaign-routine-default,"MenA:MenACWYX,routine,with:default",MenACWYX,total,routine,ETH,Ethiopia,2085,0,0,<NA>,<NA>,0.9499999999999999555911,both,1
mena-campaign-routine-default,"MenA:MenACWYX,routine,with:default",MenACWYX,total,routine,ETH,Ethiopia,2086,0,0,<NA>,<NA>,0.9499999999999999555911,both,1
mena-campaign-routine-default,"MenA:MenACWYX,routine,with:default",MenACWYX,total,routine,ETH,Ethiopia,2087,0,0,<NA>,<NA>,0.9499999999999999555911,both,1
mena-campaign-routine-default,"MenA:MenACWYX,routine,with:default",MenACWYX,total,routine,ETH,Ethiopia,2088,0,0,<NA>,<NA>,0.9499999999999999555911,both,1
mena-campaign-routine-default,"MenA:MenACWYX,routine,with:default",MenACWYX,total,routine,ETH,Ethiopia,2089,0,0,<NA>,<NA>,0.9499999999999999555911,both,1
mena-campaign-routine-default,"MenA:MenACWYX,routine,with:default",MenACWYX,total,routine,ETH,Ethiopia,2090,0,0,<NA>,<NA>,0.9499999999999999555911,both,1
mena-campaign-routine-default,"MenA:MenACWYX,routine,with:default",MenACWYX,total,routine,ETH,Ethiopia,2091,0,0,<NA>,<NA>,0.9499999999999999555911,both,1
mena-campaign-routine-default,"MenA:MenACWYX,routine,with:default",MenACWYX,total,routine,ETH,Ethiopia,2092,0,0,<NA>,<NA>,0.9499999999999999555911,both,1
mena-campaign-routine-default,"MenA:MenACWYX,routine,with:default",MenACWYX,total,routine,ETH,Ethiopia,2093,0,0,<NA>,<NA>,0.9499999999999999555911,both,1
mena-campaign-routine-default,"MenA:MenACWYX,routine,with:default",MenACWYX,total,routine,ETH,Ethiopia,2094,0,0,<NA>,<NA>,0.9499999999999999555911,both,1
mena-campaign-routine-default,"MenA:MenACWYX,routine,with:default",MenACWYX,total,routine,ETH,Ethiopia,2095,0,0,<NA>,<NA>,0.9499999999999999555911,both,1
mena-campaign-routine-default,"MenA:MenACWYX,routine,with:default",MenACWYX,total,routine,ETH,Ethiopia,2096,0,0,<NA>,<NA>,0.9499999999999999555911,both,1
mena-campaign-routine-default,"MenA:MenACWYX,routine,with:default",MenACWYX,total,routine,ETH,Ethiopia,2097,0,0,<NA>,<NA>,0.9499999999999999555911,both,1
mena-campaign-routine-default,"MenA:MenACWYX,routine,with:default",MenACWYX,total,routine,ETH,Ethiopia,2098,0,0,<NA>,<NA>,0.9499999999999999555911,both,1
mena-campaign-routine-default,"MenA:MenACWYX,routine,with:default",MenACWYX,total,routine,ETH,Ethiopia,2099,0,0,<NA>,<NA>,0.9499999999999999555911,both,1
mena-campaign-routine-default,"MenA:MenACWYX,routine,with:default",MenACWYX,total,routine,ETH,Ethiopia,2100,0,0,<NA>,<NA>,0.9499999999999999555911,both,1
mena-campaign-routine-default,"MenA:MenACWYX,routine,with:default",MenACWYX,total,routine,GHA,Ghana,2027,0,0,<NA>,<NA>,0.1999990372656875736723,both,0.2000000000000000111
mena-campaign-routine-default,"MenA:MenACWYX,routine,with:default",MenACWYX,total,routine,GHA,Ghana,2028,0,0,<NA>,<NA>,0.1999791068624675594023,both,0.2000000000000000111
mena-campaign-routine-default,"MenA:MenACWYX,routine,with:default",MenACWYX,total,routine,GHA,Ghana,2029,0,0,<NA>,<NA>,0.1995465797880973113365,both,0.2000000000000000111
mena-campaign-routine-default,"MenA:MenACWYX,routine,with:default",MenACWYX,total,routine,GHA,Ghana,2030,0,0,<NA>,<NA>,0.1901599322627973986943,both,0.2000000000000000111
mena-campaign-routine-default,"MenA:MenACWYX,routine,with:default",MenACWYX,total,routine,GHA,Ghana,2031,0,0,<NA>,<NA>,0.1921599322627974004707,both,0.2000000000000000111
mena-campaign-routine-default,"MenA:MenACWYX,routine,with:default",MenACWYX,total,routine,GHA,Ghana,2032,0,0,<NA>,<NA>,0.194159932262797402247,both,0.2000000000000000111
mena-campaign-routine-default,"MenA:MenACWYX,routine,with:default",MenACWYX,total,routine,GHA,Ghana,2033,0,0,<NA>,<NA>,0.1961599322627974040234,both,0.2000000000000000111
mena-campaign-routine-default,"MenA:MenACWYX,routine,with:default",MenACWYX,total,routine,GHA,Ghana,2034,0,0,<NA>,<NA>,0.1981599322627974057998,both,0.2000000000000000111
mena-campaign-routine-default,"MenA:MenACWYX,routine,with:default",MenACWYX,total,routine,GHA,Ghana,2035,0,0,<NA>,<NA>,0.1999999999998000044243,both,0.2000000000000000111
mena-campaign-routine-default,"MenA:MenACWYX,routine,with:default",MenACWYX,total,routine,GHA,Ghana,2036,0,0,<NA>,<NA>,0.1999999999998000044243,both,0.2000000000000000111
mena-campaign-routine-default,"MenA:MenACWYX,routine,with:default",MenACWYX,total,routine,GHA,Ghana,2037,0,0,<NA>,<NA>,0.1999999999998000044243,both,0.2000000000000000111
mena-campaign-routine-default,"MenA:MenACWYX,routine,with:default",MenACWYX,total,routine,GHA,Ghana,2038,0,0,<NA>,<NA>,0.1999999999998000044243,both,0.2000000000000000111
mena-campaign-routine-default,"MenA:MenACWYX,routine,with:default",MenACWYX,total,routine,GHA,Ghana,2039,0,0,<NA>,<NA>,0.1999999999998000044243,both,0.2000000000000000111
mena-campaign-routine-default,"MenA:MenACWYX,routine,with:default",MenACWYX,total,routine,GHA,Ghana,2040,0,0,<NA>,<NA>,0.1999999999998000044243,both,0.2000000000000000111
mena-campaign-routine-default,"MenA:MenACWYX,routine,with:default",MenACWYX,total,routine,GHA,Ghana,2041,0,0,<NA>,<NA>,0.1999999999998000044243,both,0.2000000000000000111
mena-campaign-routine-default,"MenA:MenACWYX,routine,with:default",MenACWYX,total,routine,GHA,Ghana,2042,0,0,<NA>,<NA>,0.1999999999998000044243,both,0.2000000000000000111
mena-campaign-routine-default,"MenA:MenACWYX,routine,with:default",MenACWYX,total,routine,GHA,Ghana,2043,0,0,<NA>,<NA>,0.1999999999998000044243,both,0.2000000000000000111
mena-campaign-routine-default,"MenA:MenACWYX,routine,with:default",MenACWYX,total,routine,GHA,Ghana,2044,0,0,<NA>,<NA>,0.1999999999998000044243,both,0.2000000000000000111
mena-campaign-routine-default,"MenA:MenACWYX,routine,with:default",MenACWYX,total,routine,GHA,Ghana,2045,0,0,<NA>,<NA>,0.1999999999998000044243,both,0.2000000000000000111
mena-campaign-routine-default,"MenA:MenACWYX,routine,with:default",MenACWYX,total,routine,GHA,Ghana,2046,0,0,<NA>,<NA>,0.1999999999998000044243,both,0.2000000000000000111
mena-campaign-routine-default,"MenA:MenACWYX,routine,with:default",MenACWYX,total,routine,GHA,Ghana,2047,0,0,<NA>,<NA>,0.1999999999998000044243,both,0.2000000000000000111
mena-campaign-routine-default,"MenA:MenACWYX,routine,with:default",MenACWYX,total,routine,GHA,Ghana,2048,0,0,<NA>,<NA>,0.1999999999998000044243,both,0.2000000000000000111
mena-campaign-routine-default,"MenA:MenACWYX,routine,with:default",MenACWYX,total,routine,GHA,Ghana,2049,0,0,<NA>,<NA>,0.1999999999998000044243,both,0.2000000000000000111
mena-campaign-routine-default,"MenA:MenACWYX,routine,with:default",MenACWYX,total,routine,GHA,Ghana,2050,0,0,<NA>,<NA>,0.1999999999998000044243,both,0.2000000000000000111
mena-campaign-routine-default,"MenA:MenACWYX,routine,with:default",MenACWYX,total,routine,GHA,Ghana,2051,0,0,<NA>,<NA>,0.1999999999998000044243,both,0.2000000000000000111
mena-campaign-routine-default,"MenA:MenACWYX,routine,with:default",MenACWYX,total,routine,GHA,Ghana,2052,0,0,<NA>,<NA>,0.1999999999998000044243,both,0.2000000000000000111
mena-campaign-routine-default,"MenA:MenACWYX,routine,with:default",MenACWYX,total,routine,GHA,Ghana,2053,0,0,<NA>,<NA>,0.1999999999998000044243,both,0.2000000000000000111
mena-campaign-routine-default,"MenA:MenACWYX,routine,with:default",MenACWYX,total,routine,GHA,Ghana,2054,0,0,<NA>,<NA>,0.1999999999998000044243,both,0.2000000000000000111
mena-campaign-routine-default,"MenA:MenACWYX,routine,with:default",MenACWYX,total,routine,GHA,Ghana,2055,0,0,<NA>,<NA>,0.1999999999998000044243,both,0.2000000000000000111
mena-campaign-routine-default,"MenA:MenACWYX,routine,with:default",MenACWYX,total,routine,GHA,Ghana,2056,0,0,<NA>,<NA>,0.1999999999998000044243,both,0.2000000000000000111
mena-campaign-routine-default,"MenA:MenACWYX,routine,with:default",MenACWYX,total,routine,GHA,Ghana,2057,0,0,<NA>,<NA>,0.1999999999998000044243,both,0.2000000000000000111
mena-campaign-routine-default,"MenA:MenACWYX,routine,with:default",MenACWYX,total,routine,GHA,Ghana,2058,0,0,<NA>,<NA>,0.1999999999998000044243,both,0.2000000000000000111
mena-campaign-routine-default,"MenA:MenACWYX,routine,with:default",MenACWYX,total,routine,GHA,Ghana,2059,0,0,<NA>,<NA>,0.1999999999998000044243,both,0.2000000000000000111
mena-campaign-routine-default,"MenA:MenACWYX,routine,with:default",MenACWYX,total,routine,GHA,Ghana,2060,0,0,<NA>,<NA>,0.1999999999998000044243,both,0.2000000000000000111
mena-campaign-routine-default,"MenA:MenACWYX,routine,with:default",MenACWYX,total,routine,GHA,Ghana,2061,0,0,<NA>,<NA>,0.1999999999998000044243,both,0.2000000000000000111
mena-campaign-routine-default,"MenA:MenACWYX,routine,with:default",MenACWYX,total,routine,GHA,Ghana,2062,0,0,<NA>,<NA>,0.1999999999998000044243,both,0.2000000000000000111
mena-campaign-routine-default,"MenA:MenACWYX,routine,with:default",MenACWYX,total,routine,GHA,Ghana,2063,0,0,<NA>,<NA>,0.1999999999998000044243,both,0.2000000000000000111
mena-campaign-routine-default,"MenA:MenACWYX,routine,with:default",MenACWYX,total,routine,GHA,Ghana,2064,0,0,<NA>,<NA>,0.1999999999998000044243,both,0.2000000000000000111
mena-campaign-routine-default,"MenA:MenACWYX,routine,with:default",MenACWYX,total,routine,GHA,Ghana,2065,0,0,<NA>,<NA>,0.1999999999998000044243,both,0.2000000000000000111
mena-campaign-routine-default,"MenA:MenACWYX,routine,with:default",MenACWYX,total,routine,GHA,Ghana,2066,0,0,<NA>,<NA>,0.1999999999998000044243,both,0.2000000000000000111
mena-campaign-routine-default,"MenA:MenACWYX,routine,with:default",MenACWYX,total,routine,GHA,Ghana,2067,0,0,<NA>,<NA>,0.1999999999998000044243,both,0.2000000000000000111
mena-campaign-routine-default,"MenA:MenACWYX,routine,with:default",MenACWYX,total,routine,GHA,Ghana,2068,0,0,<NA>,<NA>,0.1999999999998000044243,both,0.2000000000000000111
mena-campaign-routine-default,"MenA:MenACWYX,routine,with:default",MenACWYX,total,routine,GHA,Ghana,2069,0,0,<NA>,<NA>,0.1999999999998000044243,both,0.2000000000000000111
mena-campaign-routine-default,"MenA:MenACWYX,routine,with:default",MenACWYX,total,routine,GHA,Ghana,2070,0,0,<NA>,<NA>,0.1999999999998000044243,both,0.2000000000000000111
mena-campaign-routine-default,"MenA:MenACWYX,routine,with:default",MenACWYX,total,routine,GHA,Ghana,2071,0,0,<NA>,<NA>,0.1999999999998000044243,both,0.2000000000000000111
mena-campaign-routine-default,"MenA:MenACWYX,routine,with:default",MenACWYX,total,routine,GHA,Ghana,2072,0,0,<NA>,<NA>,0.1999999999998000044243,both,0.2000000000000000111
mena-campaign-routine-default,"MenA:MenACWYX,routine,with:default",MenACWYX,total,routine,GHA,Ghana,2073,0,0,<NA>,<NA>,0.1999999999998000044243,both,0.2000000000000000111
mena-campaign-routine-default,"MenA:MenACWYX,routine,with:default",MenACWYX,total,routine,GHA,Ghana,2074,0,0,<NA>,<NA>,0.1999999999998000044243,both,0.2000000000000000111
mena-campaign-routine-default,"MenA:MenACWYX,routine,with:default",MenACWYX,total,routine,GHA,Ghana,2075,0,0,<NA>,<NA>,0.1999999999998000044243,both,0.2000000000000000111
mena-campaign-routine-default,"MenA:MenACWYX,routine,with:default",MenACWYX,total,routine,GHA,Ghana,2076,0,0,<NA>,<NA>,0.1999999999998000044243,both,0.2000000000000000111
mena-campaign-routine-default,"MenA:MenACWYX,routine,with:default",MenACWYX,total,routine,GHA,Ghana,2077,0,0,<NA>,<NA>,0.1999999999998000044243,both,0.2000000000000000111
mena-campaign-routine-default,"MenA:MenACWYX,routine,with:default",MenACWYX,total,routine,GHA,Ghana,2078,0,0,<NA>,<NA>,0.1999999999998000044243,both,0.2000000000000000111
mena-campaign-routine-default,"MenA:MenACWYX,routine,with:default",MenACWYX,total,routine,GHA,Ghana,2079,0,0,<NA>,<NA>,0.1999999999998000044243,both,0.2000000000000000111
mena-campaign-routine-default,"MenA:MenACWYX,routine,with:default",MenACWYX,total,routine,GHA,Ghana,2080,0,0,<NA>,<NA>,0.1999999999998000044243,both,0.2000000000000000111
mena-campaign-routine-default,"MenA:MenACWYX,routine,with:default",MenACWYX,total,routine,GHA,Ghana,2081,0,0,<NA>,<NA>,0.1999999999998000044243,both,0.2000000000000000111
mena-campaign-routine-default,"MenA:MenACWYX,routine,with:default",MenACWYX,total,routine,GHA,Ghana,2082,0,0,<NA>,<NA>,0.1999999999998000044243,both,0.2000000000000000111
mena-campaign-routine-default,"MenA:MenACWYX,routine,with:default",MenACWYX,total,routine,GHA,Ghana,2083,0,0,<NA>,<NA>,0.1999999999998000044243,both,0.2000000000000000111
mena-campaign-routine-default,"MenA:MenACWYX,routine,with:default",MenACWYX,total,routine,GHA,Ghana,2084,0,0,<NA>,<NA>,0.1999999999998000044243,both,0.2000000000000000111
mena-campaign-routine-default,"MenA:MenACWYX,routine,with:default",MenACWYX,total,routine,GHA,Ghana,2085,0,0,<NA>,<NA>,0.1999999999998000044243,both,0.2000000000000000111
mena-campaign-routine-default,"MenA:MenACWYX,routine,with:default",MenACWYX,total,routine,GHA,Ghana,2086,0,0,<NA>,<NA>,0.1999999999998000044243,both,0.2000000000000000111
mena-campaign-routine-default,"MenA:MenACWYX,routine,with:default",MenACWYX,total,routine,GHA,Ghana,2087,0,0,<NA>,<NA>,0.1999999999998000044243,both,0.2000000000000000111
mena-campaign-routine-default,"MenA:MenACWYX,routine,with:default",MenACWYX,total,routine,GHA,Ghana,2088,0,0,<NA>,<NA>,0.1999999999998000044243,both,0.2000000000000000111
mena-campaign-routine-default,"MenA:MenACWYX,routine,with:default",MenACWYX,total,routine,GHA,Ghana,2089,0,0,<NA>,<NA>,0.1999999999998000044243,both,0.2000000000000000111
mena-campaign-routine-default,"MenA:MenACWYX,routine,with:default",MenACWYX,total,routine,GHA,Ghana,2090,0,0,<NA>,<NA>,0.1999999999998000044243,both,0.2000000000000000111
mena-campaign-routine-default,"MenA:MenACWYX,routine,with:default",MenACWYX,total,routine,GHA,Ghana,2091,0,0,<NA>,<NA>,0.1999999999998000044243,both,0.2000000000000000111
mena-campaign-routine-default,"MenA:MenACWYX,routine,with:default",MenACWYX,total,routine,GHA,Ghana,2092,0,0,<NA>,<NA>,0.1999999999998000044243,both,0.2000000000000000111
mena-campaign-routine-default,"MenA:MenACWYX,routine,with:default",MenACWYX,total,routine,GHA,Ghana,2093,0,0,<NA>,<NA>,0.1999999999998000044243,both,0.2000000000000000111
mena-campaign-routine-default,"MenA:MenACWYX,routine,with:default",MenACWYX,total,routine,GHA,Ghana,2094,0,0,<NA>,<NA>,0.1999999999998000044243,both,0.2000000000000000111
mena-campaign-routine-default,"MenA:MenACWYX,routine,with:default",MenACWYX,total,routine,GHA,Ghana,2095,0,0,<NA>,<NA>,0.1999999999998000044243,both,0.2000000000000000111
mena-campaign-routine-default,"MenA:MenACWYX,routine,with:default",MenACWYX,total,routine,GHA,Ghana,2096,0,0,<NA>,<NA>,0.1999999999998000044243,both,0.2000000000000000111
mena-campaign-routine-default,"MenA:MenACWYX,routine,with:default",MenACWYX,total,routine,GHA,Ghana,2097,0,0,<NA>,<NA>,0.1999999999998000044243,both,0.2000000000000000111
mena-campaign-routine-default,"MenA:MenACWYX,routine,with:default",MenACWYX,total,routine,GHA,Ghana,2098,0,0,<NA>,<NA>,0.1999999999998000044243,both,0.2000000000000000111
mena-campaign-routine-default,"MenA:MenACWYX,routine,with:default",MenACWYX,total,routine,GHA,Ghana,2099,0,0,<NA>,<NA>,0.1999999999998000044243,both,0.2000000000000000111
mena-campaign-routine-default,"MenA:MenACWYX,routine,with:default",MenACWYX,total,routine,GHA,Ghana,2100,0,0,<NA>,<NA>,0.1999999999998000044243,both,0.2000000000000000111
mena-campaign-routine-default,"MenA:MenACWYX,routine,with:default",MenACWYX,total,routine,GIN,Guinea,2027,0,0,<NA>,<NA>,0.1999962803001171518513,both,0.2000000000000000111
mena-campaign-routine-default,"MenA:MenACWYX,routine,with:default",MenACWYX,total,routine,GIN,Guinea,2028,0,0,<NA>,<NA>,0.1998942195516087705354,both,0.2000000000000000111
mena-campaign-routine-default,"MenA:MenACWYX,routine,with:default",MenACWYX,total,routine,GIN,Guinea,2029,0,0,<NA>,<NA>,0.1969918263262648572276,both,0.2000000000000000111
mena-campaign-routine-default,"MenA:MenACWYX,routine,with:default",MenACWYX,total,routine,GIN,Guinea,2030,0,0,<NA>,<NA>,0.1144538618527718015772,both,0.2000000000000000111
mena-campaign-routine-default,"MenA:MenACWYX,routine,with:default",MenACWYX,total,routine,GIN,Guinea,2031,0,0,<NA>,<NA>,0.1164538618527718033535,both,0.2000000000000000111
mena-campaign-routine-default,"MenA:MenACWYX,routine,with:default",MenACWYX,total,routine,GIN,Guinea,2032,0,0,<NA>,<NA>,0.1184538618527718051299,both,0.2000000000000000111
mena-campaign-routine-default,"MenA:MenACWYX,routine,with:default",MenACWYX,total,routine,GIN,Guinea,2033,0,0,<NA>,<NA>,0.1204538618527718069062,both,0.2000000000000000111
mena-campaign-routine-default,"MenA:MenACWYX,routine,with:default",MenACWYX,total,routine,GIN,Guinea,2034,0,0,<NA>,<NA>,0.1224538618527718086826,both,0.2000000000000000111
mena-campaign-routine-default,"MenA:MenACWYX,routine,with:default",MenACWYX,total,routine,GIN,Guinea,2035,0,0,<NA>,<NA>,0.1244538618527718104589,both,0.2000000000000000111
mena-campaign-routine-default,"MenA:MenACWYX,routine,with:default",MenACWYX,total,routine,GIN,Guinea,2036,0,0,<NA>,<NA>,0.1264538618527717983575,both,0.2000000000000000111
mena-campaign-routine-default,"MenA:MenACWYX,routine,with:default",MenACWYX,total,routine,GIN,Guinea,2037,0,0,<NA>,<NA>,0.1284538618527718001339,both,0.2000000000000000111
mena-campaign-routine-default,"MenA:MenACWYX,routine,with:default",MenACWYX,total,routine,GIN,Guinea,2038,0,0,<NA>,<NA>,0.1304538618527718019102,both,0.2000000000000000111
mena-campaign-routine-default,"MenA:MenACWYX,routine,with:default",MenACWYX,total,routine,GIN,Guinea,2039,0,0,<NA>,<NA>,0.1324538618527718036866,both,0.2000000000000000111
mena-campaign-routine-default,"MenA:MenACWYX,routine,with:default",MenACWYX,total,routine,GIN,Guinea,2040,0,0,<NA>,<NA>,0.1344538618527718054629,both,0.2000000000000000111
mena-campaign-routine-default,"MenA:MenACWYX,routine,with:default",MenACWYX,total,routine,GIN,Guinea,2041,0,0,<NA>,<NA>,0.1364538618527718072393,both,0.2000000000000000111
mena-campaign-routine-default,"MenA:MenACWYX,routine,with:default",MenACWYX,total,routine,GIN,Guinea,2042,0,0,<NA>,<NA>,0.1384538618527718090156,both,0.2000000000000000111
mena-campaign-routine-default,"MenA:MenACWYX,routine,with:default",MenACWYX,total,routine,GIN,Guinea,2043,0,0,<NA>,<NA>,0.140453861852771810792,both,0.2000000000000000111
mena-campaign-routine-default,"MenA:MenACWYX,routine,with:default",MenACWYX,total,routine,GIN,Guinea,2044,0,0,<NA>,<NA>,0.1424538618527718125684,both,0.2000000000000000111
mena-campaign-routine-default,"MenA:MenACWYX,routine,with:default",MenACWYX,total,routine,GIN,Guinea,2045,0,0,<NA>,<NA>,0.1444538618527718143447,both,0.2000000000000000111
mena-campaign-routine-default,"MenA:MenACWYX,routine,with:default",MenACWYX,total,routine,GIN,Guinea,2046,0,0,<NA>,<NA>,0.1464538618527718161211,both,0.2000000000000000111
mena-campaign-routine-default,"MenA:MenACWYX,routine,with:default",MenACWYX,total,routine,GIN,Guinea,2047,0,0,<NA>,<NA>,0.1484538618527718178974,both,0.2000000000000000111
mena-campaign-routine-default,"MenA:MenACWYX,routine,with:default",MenACWYX,total,routine,GIN,Guinea,2048,0,0,<NA>,<NA>,0.1504538618527718196738,both,0.2000000000000000111
mena-campaign-routine-default,"MenA:MenACWYX,routine,with:default",MenACWYX,total,routine,GIN,Guinea,2049,0,0,<NA>,<NA>,0.1524538618527718214501,both,0.2000000000000000111
mena-campaign-routine-default,"MenA:MenACWYX,routine,with:default",MenACWYX,total,routine,GIN,Guinea,2050,0,0,<NA>,<NA>,0.1544538618527718232265,both,0.2000000000000000111
mena-campaign-routine-default,"MenA:MenACWYX,routine,with:default",MenACWYX,total,routine,GIN,Guinea,2051,0,0,<NA>,<NA>,0.1564538618527717972473,both,0.2000000000000000111
mena-campaign-routine-default,"MenA:MenACWYX,routine,with:default",MenACWYX,total,routine,GIN,Guinea,2052,0,0,<NA>,<NA>,0.1584538618527717990236,both,0.2000000000000000111
mena-campaign-routine-default,"MenA:MenACWYX,routine,with:default",MenACWYX,total,routine,GIN,Guinea,2053,0,0,<NA>,<NA>,0.1604538618527718008,both,0.2000000000000000111
mena-campaign-routine-default,"MenA:MenACWYX,routine,with:default",MenACWYX,total,routine,GIN,Guinea,2054,0,0,<NA>,<NA>,0.1624538618527718025764,both,0.2000000000000000111
mena-campaign-routine-default,"MenA:MenACWYX,routine,with:default",MenACWYX,total,routine,GIN,Guinea,2055,0,0,<NA>,<NA>,0.1644538618527718043527,both,0.2000000000000000111
mena-campaign-routine-default,"MenA:MenACWYX,routine,with:default",MenACWYX,total,routine,GIN,Guinea,2056,0,0,<NA>,<NA>,0.1664538618527718061291,both,0.2000000000000000111
mena-campaign-routine-default,"MenA:MenACWYX,routine,with:default",MenACWYX,total,routine,GIN,Guinea,2057,0,0,<NA>,<NA>,0.1684538618527718079054,both,0.2000000000000000111
mena-campaign-routine-default,"MenA:MenACWYX,routine,with:default",MenACWYX,total,routine,GIN,Guinea,2058,0,0,<NA>,<NA>,0.1704538618527718096818,both,0.2000000000000000111
mena-campaign-routine-default,"MenA:MenACWYX,routine,with:default",MenACWYX,total,routine,GIN,Guinea,2059,0,0,<NA>,<NA>,0.1724538618527717837026,both,0.2000000000000000111
mena-campaign-routine-default,"MenA:MenACWYX,routine,with:default",MenACWYX,total,routine,GIN,Guinea,2060,0,0,<NA>,<NA>,0.1744538618527717854789,both,0.2000000000000000111
mena-campaign-routine-default,"MenA:MenACWYX,routine,with:default",MenACWYX,total,routine,GIN,Guinea,2061,0,0,<NA>,<NA>,0.1764538618527717872553,both,0.2000000000000000111
mena-campaign-routine-default,"MenA:MenACWYX,routine,with:default",MenACWYX,total,routine,GIN,Guinea,2062,0,0,<NA>,<NA>,0.1784538618527717890316,both,0.2000000000000000111
mena-campaign-routine-default,"MenA:MenACWYX,routine,with:default",MenACWYX,total,routine,GIN,Guinea,2063,0,0,<NA>,<NA>,0.180453861852771790808,both,0.2000000000000000111
mena-campaign-routine-default,"MenA:MenACWYX,routine,with:default",MenACWYX,total,routine,GIN,Guinea,2064,0,0,<NA>,<NA>,0.1824538618527717925843,both,0.2000000000000000111
mena-campaign-routine-default,"MenA:MenACWYX,routine,with:default",MenACWYX,total,routine,GIN,Guinea,2065,0,0,<NA>,<NA>,0.1844538618527717943607,both,0.2000000000000000111
mena-campaign-routine-default,"MenA:MenACWYX,routine,with:default",MenACWYX,total,routine,GIN,Guinea,2066,0,0,<NA>,<NA>,0.1864538618527717961371,both,0.2000000000000000111
mena-campaign-routine-default,"MenA:MenACWYX,routine,with:default",MenACWYX,total,routine,GIN,Guinea,2067,0,0,<NA>,<NA>,0.1884538618527717979134,both,0.2000000000000000111
mena-campaign-routine-default,"MenA:MenACWYX,routine,with:default",MenACWYX,total,routine,GIN,Guinea,2068,0,0,<NA>,<NA>,0.1904538618527717996898,both,0.2000000000000000111
mena-campaign-routine-default,"MenA:MenACWYX,routine,with:default",MenACWYX,total,routine,GIN,Guinea,2069,0,0,<NA>,<NA>,0.1924538618527718014661,both,0.2000000000000000111
mena-campaign-routine-default,"MenA:MenACWYX,routine,with:default",MenACWYX,total,routine,GIN,Guinea,2070,0,0,<NA>,<NA>,0.1944538618527718032425,both,0.2000000000000000111
mena-campaign-routine-default,"MenA:MenACWYX,routine,with:default",MenACWYX,total,routine,GIN,Guinea,2071,0,0,<NA>,<NA>,0.1964538618527718050188,both,0.2000000000000000111
mena-campaign-routine-default,"MenA:MenACWYX,routine,with:default",MenACWYX,total,routine,GIN,Guinea,2072,0,0,<NA>,<NA>,0.1984538618527718067952,both,0.2000000000000000111
mena-campaign-routine-default,"MenA:MenACWYX,routine,with:default",MenACWYX,total,routine,GIN,Guinea,2073,0,0,<NA>,<NA>,0.1999999999998000044243,both,0.2000000000000000111
mena-campaign-routine-default,"MenA:MenACWYX,routine,with:default",MenACWYX,total,routine,GIN,Guinea,2074,0,0,<NA>,<NA>,0.1999999999998000044243,both,0.2000000000000000111
mena-campaign-routine-default,"MenA:MenACWYX,routine,with:default",MenACWYX,total,routine,GIN,Guinea,2075,0,0,<NA>,<NA>,0.1999999999998000044243,both,0.2000000000000000111
mena-campaign-routine-default,"MenA:MenACWYX,routine,with:default",MenACWYX,total,routine,GIN,Guinea,2076,0,0,<NA>,<NA>,0.1999999999998000044243,both,0.2000000000000000111
mena-campaign-routine-default,"MenA:MenACWYX,routine,with:default",MenACWYX,total,routine,GIN,Guinea,2077,0,0,<NA>,<NA>,0.1999999999998000044243,both,0.2000000000000000111
mena-campaign-routine-default,"MenA:MenACWYX,routine,with:default",MenACWYX,total,routine,GIN,Guinea,2078,0,0,<NA>,<NA>,0.1999999999998000044243,both,0.2000000000000000111
mena-campaign-routine-default,"MenA:MenACWYX,routine,with:default",MenACWYX,total,routine,GIN,Guinea,2079,0,0,<NA>,<NA>,0.1999999999998000044243,both,0.2000000000000000111
mena-campaign-routine-default,"MenA:MenACWYX,routine,with:default",MenACWYX,total,routine,GIN,Guinea,2080,0,0,<NA>,<NA>,0.1999999999998000044243,both,0.2000000000000000111
mena-campaign-routine-default,"MenA:MenACWYX,routine,with:default",MenACWYX,total,routine,GIN,Guinea,2081,0,0,<NA>,<NA>,0.1999999999998000044243,both,0.2000000000000000111
mena-campaign-routine-default,"MenA:MenACWYX,routine,with:default",MenACWYX,total,routine,GIN,Guinea,2082,0,0,<NA>,<NA>,0.1999999999998000044243,both,0.2000000000000000111
mena-campaign-routine-default,"MenA:MenACWYX,routine,with:default",MenACWYX,total,routine,GIN,Guinea,2083,0,0,<NA>,<NA>,0.1999999999998000044243,both,0.2000000000000000111
mena-campaign-routine-default,"MenA:MenACWYX,routine,with:default",MenACWYX,total,routine,GIN,Guinea,2084,0,0,<NA>,<NA>,0.1999999999998000044243,both,0.2000000000000000111
mena-campaign-routine-default,"MenA:MenACWYX,routine,with:default",MenACWYX,total,routine,GIN,Guinea,2085,0,0,<NA>,<NA>,0.1999999999998000044243,both,0.2000000000000000111
mena-campaign-routine-default,"MenA:MenACWYX,routine,with:default",MenACWYX,total,routine,GIN,Guinea,2086,0,0,<NA>,<NA>,0.1999999999998000044243,both,0.2000000000000000111
mena-campaign-routine-default,"MenA:MenACWYX,routine,with:default",MenACWYX,total,routine,GIN,Guinea,2087,0,0,<NA>,<NA>,0.1999999999998000044243,both,0.2000000000000000111
mena-campaign-routine-default,"MenA:MenACWYX,routine,with:default",MenACWYX,total,routine,GIN,Guinea,2088,0,0,<NA>,<NA>,0.1999999999998000044243,both,0.2000000000000000111
mena-campaign-routine-default,"MenA:MenACWYX,routine,with:default",MenACWYX,total,routine,GIN,Guinea,2089,0,0,<NA>,<NA>,0.1999999999998000044243,both,0.2000000000000000111
mena-campaign-routine-default,"MenA:MenACWYX,routine,with:default",MenACWYX,total,routine,GIN,Guinea,2090,0,0,<NA>,<NA>,0.1999999999998000044243,both,0.2000000000000000111
mena-campaign-routine-default,"MenA:MenACWYX,routine,with:default",MenACWYX,total,routine,GIN,Guinea,2091,0,0,<NA>,<NA>,0.1999999999998000044243,both,0.2000000000000000111
mena-campaign-routine-default,"MenA:MenACWYX,routine,with:default",MenACWYX,total,routine,GIN,Guinea,2092,0,0,<NA>,<NA>,0.1999999999998000044243,both,0.2000000000000000111
mena-campaign-routine-default,"MenA:MenACWYX,routine,with:default",MenACWYX,total,routine,GIN,Guinea,2093,0,0,<NA>,<NA>,0.1999999999998000044243,both,0.2000000000000000111
mena-campaign-routine-default,"MenA:MenACWYX,routine,with:default",MenACWYX,total,routine,GIN,Guinea,2094,0,0,<NA>,<NA>,0.1999999999998000044243,both,0.2000000000000000111
mena-campaign-routine-default,"MenA:MenACWYX,routine,with:default",MenACWYX,total,routine,GIN,Guinea,2095,0,0,<NA>,<NA>,0.1999999999998000044243,both,0.2000000000000000111
mena-campaign-routine-default,"MenA:MenACWYX,routine,with:default",MenACWYX,total,routine,GIN,Guinea,2096,0,0,<NA>,<NA>,0.1999999999998000044243,both,0.2000000000000000111
mena-campaign-routine-default,"MenA:MenACWYX,routine,with:default",MenACWYX,total,routine,GIN,Guinea,2097,0,0,<NA>,<NA>,0.1999999999998000044243,both,0.2000000000000000111
mena-campaign-routine-default,"MenA:MenACWYX,routine,with:default",MenACWYX,total,routine,GIN,Guinea,2098,0,0,<NA>,<NA>,0.1999999999998000044243,both,0.2000000000000000111
mena-campaign-routine-default,"MenA:MenACWYX,routine,with:default",MenACWYX,total,routine,GIN,Guinea,2099,0,0,<NA>,<NA>,0.1999999999998000044243,both,0.2000000000000000111
mena-campaign-routine-default,"MenA:MenACWYX,routine,with:default",MenACWYX,total,routine,GIN,Guinea,2100,0,0,<NA>,<NA>,0.1999999999998000044243,both,0.2000000000000000111
mena-campaign-routine-default,"MenA:MenACWYX,routine,with:default",MenACWYX,total,routine,GMB,Gambia,2027,0,0,<NA>,<NA>,0.7392586363793643977615,both,1
mena-campaign-routine-default,"MenA:MenACWYX,routine,with:default",MenACWYX,total,routine,GMB,Gambia,2028,0,0,<NA>,<NA>,0.7521822685205669101194,both,1
mena-campaign-routine-default,"MenA:MenACWYX,routine,with:default",MenACWYX,total,routine,GMB,Gambia,2029,0,0,<NA>,<NA>,0.7644653415061299916999,both,1
mena-campaign-routine-default,"MenA:MenACWYX,routine,with:default",MenACWYX,total,routine,GMB,Gambia,2030,0,0,<NA>,<NA>,0.7761396046173230089948,both,1
mena-campaign-routine-default,"MenA:MenACWYX,routine,with:default",MenACWYX,total,routine,GMB,Gambia,2031,0,0,<NA>,<NA>,0.7861396046173230178766,both,1
mena-campaign-routine-default,"MenA:MenACWYX,routine,with:default",MenACWYX,total,routine,GMB,Gambia,2032,0,0,<NA>,<NA>,0.7961396046173230267584,both,1
mena-campaign-routine-default,"MenA:MenACWYX,routine,with:default",MenACWYX,total,routine,GMB,Gambia,2033,0,0,<NA>,<NA>,0.8061396046173230356402,both,1
mena-campaign-routine-default,"MenA:MenACWYX,routine,with:default",MenACWYX,total,routine,GMB,Gambia,2034,0,0,<NA>,<NA>,0.816139604617323044522,both,1
mena-campaign-routine-default,"MenA:MenACWYX,routine,with:default",MenACWYX,total,routine,GMB,Gambia,2035,0,0,<NA>,<NA>,0.8261396046173230534038,both,1
mena-campaign-routine-default,"MenA:MenACWYX,routine,with:default",MenACWYX,total,routine,GMB,Gambia,2036,0,0,<NA>,<NA>,0.8361396046173230622855,both,1
mena-campaign-routine-default,"MenA:MenACWYX,routine,with:default",MenACWYX,total,routine,GMB,Gambia,2037,0,0,<NA>,<NA>,0.8461396046173230711673,both,1
mena-campaign-routine-default,"MenA:MenACWYX,routine,with:default",MenACWYX,total,routine,GMB,Gambia,2038,0,0,<NA>,<NA>,0.8561396046173229690268,both,1
mena-campaign-routine-default,"MenA:MenACWYX,routine,with:default",MenACWYX,total,routine,GMB,Gambia,2039,0,0,<NA>,<NA>,0.8661396046173229779086,both,1
mena-campaign-routine-default,"MenA:MenACWYX,routine,with:default",MenACWYX,total,routine,GMB,Gambia,2040,0,0,<NA>,<NA>,0.8761396046173229867904,both,1
mena-campaign-routine-default,"MenA:MenACWYX,routine,with:default",MenACWYX,total,routine,GMB,Gambia,2041,0,0,<NA>,<NA>,0.8861396046173229956722,both,1
mena-campaign-routine-default,"MenA:MenACWYX,routine,with:default",MenACWYX,total,routine,GMB,Gambia,2042,0,0,<NA>,<NA>,0.896139604617323004554,both,1
mena-campaign-routine-default,"MenA:MenACWYX,routine,with:default",MenACWYX,total,routine,GMB,Gambia,2043,0,0,<NA>,<NA>,0.9061396046173230134357,both,1
mena-campaign-routine-default,"MenA:MenACWYX,routine,with:default",MenACWYX,total,routine,GMB,Gambia,2044,0,0,<NA>,<NA>,0.9161396046173230223175,both,1
mena-campaign-routine-default,"MenA:MenACWYX,routine,with:default",MenACWYX,total,routine,GMB,Gambia,2045,0,0,<NA>,<NA>,0.9261396046173230311993,both,1
mena-campaign-routine-default,"MenA:MenACWYX,routine,with:default",MenACWYX,total,routine,GMB,Gambia,2046,0,0,<NA>,<NA>,0.9361396046173230400811,both,1
mena-campaign-routine-default,"MenA:MenACWYX,routine,with:default",MenACWYX,total,routine,GMB,Gambia,2047,0,0,<NA>,<NA>,0.9461396046173230489629,both,1
mena-campaign-routine-default,"MenA:MenACWYX,routine,with:default",MenACWYX,total,routine,GMB,Gambia,2048,0,0,<NA>,<NA>,0.9499999999999999555911,both,1
mena-campaign-routine-default,"MenA:MenACWYX,routine,with:default",MenACWYX,total,routine,GMB,Gambia,2049,0,0,<NA>,<NA>,0.9499999999999999555911,both,1
mena-campaign-routine-default,"MenA:MenACWYX,routine,with:default",MenACWYX,total,routine,GMB,Gambia,2050,0,0,<NA>,<NA>,0.9499999999999999555911,both,1
mena-campaign-routine-default,"MenA:MenACWYX,routine,with:default",MenACWYX,total,routine,GMB,Gambia,2051,0,0,<NA>,<NA>,0.9499999999999999555911,both,1
mena-campaign-routine-default,"MenA:MenACWYX,routine,with:default",MenACWYX,total,routine,GMB,Gambia,2052,0,0,<NA>,<NA>,0.9499999999999999555911,both,1
mena-campaign-routine-default,"MenA:MenACWYX,routine,with:default",MenACWYX,total,routine,GMB,Gambia,2053,0,0,<NA>,<NA>,0.9499999999999999555911,both,1
mena-campaign-routine-default,"MenA:MenACWYX,routine,with:default",MenACWYX,total,routine,GMB,Gambia,2054,0,0,<NA>,<NA>,0.9499999999999999555911,both,1
mena-campaign-routine-default,"MenA:MenACWYX,routine,with:default",MenACWYX,total,routine,GMB,Gambia,2055,0,0,<NA>,<NA>,0.9499999999999999555911,both,1
mena-campaign-routine-default,"MenA:MenACWYX,routine,with:default",MenACWYX,total,routine,GMB,Gambia,2056,0,0,<NA>,<NA>,0.9499999999999999555911,both,1
mena-campaign-routine-default,"MenA:MenACWYX,routine,with:default",MenACWYX,total,routine,GMB,Gambia,2057,0,0,<NA>,<NA>,0.9499999999999999555911,both,1
mena-campaign-routine-default,"MenA:MenACWYX,routine,with:default",MenACWYX,total,routine,GMB,Gambia,2058,0,0,<NA>,<NA>,0.9499999999999999555911,both,1
mena-campaign-routine-default,"MenA:MenACWYX,routine,with:default",MenACWYX,total,routine,GMB,Gambia,2059,0,0,<NA>,<NA>,0.9499999999999999555911,both,1
mena-campaign-routine-default,"MenA:MenACWYX,routine,with:default",MenACWYX,total,routine,GMB,Gambia,2060,0,0,<NA>,<NA>,0.9499999999999999555911,both,1
mena-campaign-routine-default,"MenA:MenACWYX,routine,with:default",MenACWYX,total,routine,GMB,Gambia,2061,0,0,<NA>,<NA>,0.9499999999999999555911,both,1
mena-campaign-routine-default,"MenA:MenACWYX,routine,with:default",MenACWYX,total,routine,GMB,Gambia,2062,0,0,<NA>,<NA>,0.9499999999999999555911,both,1
mena-campaign-routine-default,"MenA:MenACWYX,routine,with:default",MenACWYX,total,routine,GMB,Gambia,2063,0,0,<NA>,<NA>,0.9499999999999999555911,both,1
mena-campaign-routine-default,"MenA:MenACWYX,routine,with:default",MenACWYX,total,routine,GMB,Gambia,2064,0,0,<NA>,<NA>,0.9499999999999999555911,both,1
mena-campaign-routine-default,"MenA:MenACWYX,routine,with:default",MenACWYX,total,routine,GMB,Gambia,2065,0,0,<NA>,<NA>,0.9499999999999999555911,both,1
mena-campaign-routine-default,"MenA:MenACWYX,routine,with:default",MenACWYX,total,routine,GMB,Gambia,2066,0,0,<NA>,<NA>,0.9499999999999999555911,both,1
mena-campaign-routine-default,"MenA:MenACWYX,routine,with:default",MenACWYX,total,routine,GMB,Gambia,2067,0,0,<NA>,<NA>,0.9499999999999999555911,both,1
mena-campaign-routine-default,"MenA:MenACWYX,routine,with:default",MenACWYX,total,routine,GMB,Gambia,2068,0,0,<NA>,<NA>,0.9499999999999999555911,both,1
mena-campaign-routine-default,"MenA:MenACWYX,routine,with:default",MenACWYX,total,routine,GMB,Gambia,2069,0,0,<NA>,<NA>,0.9499999999999999555911,both,1
mena-campaign-routine-default,"MenA:MenACWYX,routine,with:default",MenACWYX,total,routine,GMB,Gambia,2070,0,0,<NA>,<NA>,0.9499999999999999555911,both,1
mena-campaign-routine-default,"MenA:MenACWYX,routine,with:default",MenACWYX,total,routine,GMB,Gambia,2071,0,0,<NA>,<NA>,0.9499999999999999555911,both,1
mena-campaign-routine-default,"MenA:MenACWYX,routine,with:default",MenACWYX,total,routine,GMB,Gambia,2072,0,0,<NA>,<NA>,0.9499999999999999555911,both,1
mena-campaign-routine-default,"MenA:MenACWYX,routine,with:default",MenACWYX,total,routine,GMB,Gambia,2073,0,0,<NA>,<NA>,0.9499999999999999555911,both,1
mena-campaign-routine-default,"MenA:MenACWYX,routine,with:default",MenACWYX,total,routine,GMB,Gambia,2074,0,0,<NA>,<NA>,0.9499999999999999555911,both,1
mena-campaign-routine-default,"MenA:MenACWYX,routine,with:default",MenACWYX,total,routine,GMB,Gambia,2075,0,0,<NA>,<NA>,0.9499999999999999555911,both,1
mena-campaign-routine-default,"MenA:MenACWYX,routine,with:default",MenACWYX,total,routine,GMB,Gambia,2076,0,0,<NA>,<NA>,0.9499999999999999555911,both,1
mena-campaign-routine-default,"MenA:MenACWYX,routine,with:default",MenACWYX,total,routine,GMB,Gambia,2077,0,0,<NA>,<NA>,0.9499999999999999555911,both,1
mena-campaign-routine-default,"MenA:MenACWYX,routine,with:default",MenACWYX,total,routine,GMB,Gambia,2078,0,0,<NA>,<NA>,0.9499999999999999555911,both,1
mena-campaign-routine-default,"MenA:MenACWYX,routine,with:default",MenACWYX,total,routine,GMB,Gambia,2079,0,0,<NA>,<NA>,0.9499999999999999555911,both,1
mena-campaign-routine-default,"MenA:MenACWYX,routine,with:default",MenACWYX,total,routine,GMB,Gambia,2080,0,0,<NA>,<NA>,0.9499999999999999555911,both,1
mena-campaign-routine-default,"MenA:MenACWYX,routine,with:default",MenACWYX,total,routine,GMB,Gambia,2081,0,0,<NA>,<NA>,0.9499999999999999555911,both,1
mena-campaign-routine-default,"MenA:MenACWYX,routine,with:default",MenACWYX,total,routine,GMB,Gambia,2082,0,0,<NA>,<NA>,0.9499999999999999555911,both,1
mena-campaign-routine-default,"MenA:MenACWYX,routine,with:default",MenACWYX,total,routine,GMB,Gambia,2083,0,0,<NA>,<NA>,0.9499999999999999555911,both,1
mena-campaign-routine-default,"MenA:MenACWYX,routine,with:default",MenACWYX,total,routine,GMB,Gambia,2084,0,0,<NA>,<NA>,0.9499999999999999555911,both,1
mena-campaign-routine-default,"MenA:MenACWYX,routine,with:default",MenACWYX,total,routine,GMB,Gambia,2085,0,0,<NA>,<NA>,0.9499999999999999555911,both,1
mena-campaign-routine-default,"MenA:MenACWYX,routine,with:default",MenACWYX,total,routine,GMB,Gambia,2086,0,0,<NA>,<NA>,0.9499999999999999555911,both,1
mena-campaign-routine-default,"MenA:MenACWYX,routine,with:default",MenACWYX,total,routine,GMB,Gambia,2087,0,0,<NA>,<NA>,0.9499999999999999555911,both,1
mena-campaign-routine-default,"MenA:MenACWYX,routine,with:default",MenACWYX,total,routine,GMB,Gambia,2088,0,0,<NA>,<NA>,0.9499999999999999555911,both,1
mena-campaign-routine-default,"MenA:MenACWYX,routine,with:default",MenACWYX,total,routine,GMB,Gambia,2089,0,0,<NA>,<NA>,0.9499999999999999555911,both,1
mena-campaign-routine-default,"MenA:MenACWYX,routine,with:default",MenACWYX,total,routine,GMB,Gambia,2090,0,0,<NA>,<NA>,0.9499999999999999555911,both,1
mena-campaign-routine-default,"MenA:MenACWYX,routine,with:default",MenACWYX,total,routine,GMB,Gambia,2091,0,0,<NA>,<NA>,0.9499999999999999555911,both,1
mena-campaign-routine-default,"MenA:MenACWYX,routine,with:default",MenACWYX,total,routine,GMB,Gambia,2092,0,0,<NA>,<NA>,0.9499999999999999555911,both,1
mena-campaign-routine-default,"MenA:MenACWYX,routine,with:default",MenACWYX,total,routine,GMB,Gambia,2093,0,0,<NA>,<NA>,0.9499999999999999555911,both,1
mena-campaign-routine-default,"MenA:MenACWYX,routine,with:default",MenACWYX,total,routine,GMB,Gambia,2094,0,0,<NA>,<NA>,0.9499999999999999555911,both,1
mena-campaign-routine-default,"MenA:MenACWYX,routine,with:default",MenACWYX,total,routine,GMB,Gambia,2095,0,0,<NA>,<NA>,0.9499999999999999555911,both,1
mena-campaign-routine-default,"MenA:MenACWYX,routine,with:default",MenACWYX,total,routine,GMB,Gambia,2096,0,0,<NA>,<NA>,0.9499999999999999555911,both,1
mena-campaign-routine-default,"MenA:MenACWYX,routine,with:default",MenACWYX,total,routine,GMB,Gambia,2097,0,0,<NA>,<NA>,0.9499999999999999555911,both,1
mena-campaign-routine-default,"MenA:MenACWYX,routine,with:default",MenACWYX,total,routine,GMB,Gambia,2098,0,0,<NA>,<NA>,0.9499999999999999555911,both,1
mena-campaign-routine-default,"MenA:MenACWYX,routine,with:default",MenACWYX,total,routine,GMB,Gambia,2099,0,0,<NA>,<NA>,0.9499999999999999555911,both,1
mena-campaign-routine-default,"MenA:MenACWYX,routine,with:default",MenACWYX,total,routine,GMB,Gambia,2100,0,0,<NA>,<NA>,0.9499999999999999555911,both,1
mena-campaign-routine-default,"MenA:MenACWYX,routine,with:default",MenACWYX,total,routine,GNB,Guinea-Bissau,2027,0,0,<NA>,<NA>,0.1353842232925817901101,both,0.2000000000000000111
mena-campaign-routine-default,"MenA:MenACWYX,routine,with:default",MenACWYX,total,routine,GNB,Guinea-Bissau,2028,0,0,<NA>,<NA>,0.1447330420176345944228,both,0.2000000000000000111
mena-campaign-routine-default,"MenA:MenACWYX,routine,with:default",MenACWYX,total,routine,GNB,Guinea-Bissau,2029,0,0,<NA>,<NA>,0.1527292435335861342516,both,0.2000000000000000111
mena-campaign-routine-default,"MenA:MenACWYX,routine,with:default",MenACWYX,total,routine,GNB,Guinea-Bissau,2030,0,0,<NA>,<NA>,0.1595685288555234171426,both,0.2000000000000000111
mena-campaign-routine-default,"MenA:MenACWYX,routine,with:default",MenACWYX,total,routine,GNB,Guinea-Bissau,2031,0,0,<NA>,<NA>,0.1615685288555234189189,both,0.2000000000000000111
mena-campaign-routine-default,"MenA:MenACWYX,routine,with:default",MenACWYX,total,routine,GNB,Guinea-Bissau,2032,0,0,<NA>,<NA>,0.1635685288555234206953,both,0.2000000000000000111
mena-campaign-routine-default,"MenA:MenACWYX,routine,with:default",MenACWYX,total,routine,GNB,Guinea-Bissau,2033,0,0,<NA>,<NA>,0.1655685288555234224717,both,0.2000000000000000111
mena-campaign-routine-default,"MenA:MenACWYX,routine,with:default",MenACWYX,total,routine,GNB,Guinea-Bissau,2034,0,0,<NA>,<NA>,0.167568528855523424248,both,0.2000000000000000111
mena-campaign-routine-default,"MenA:MenACWYX,routine,with:default",MenACWYX,total,routine,GNB,Guinea-Bissau,2035,0,0,<NA>,<NA>,0.1695685288555234260244,both,0.2000000000000000111
mena-campaign-routine-default,"MenA:MenACWYX,routine,with:default",MenACWYX,total,routine,GNB,Guinea-Bissau,2036,0,0,<NA>,<NA>,0.1715685288555234278007,both,0.2000000000000000111
mena-campaign-routine-default,"MenA:MenACWYX,routine,with:default",MenACWYX,total,routine,GNB,Guinea-Bissau,2037,0,0,<NA>,<NA>,0.1735685288555234295771,both,0.2000000000000000111
mena-campaign-routine-default,"MenA:MenACWYX,routine,with:default",MenACWYX,total,routine,GNB,Guinea-Bissau,2038,0,0,<NA>,<NA>,0.1755685288555234035979,both,0.2000000000000000111
mena-campaign-routine-default,"MenA:MenACWYX,routine,with:default",MenACWYX,total,routine,GNB,Guinea-Bissau,2039,0,0,<NA>,<NA>,0.1775685288555234053742,both,0.2000000000000000111
mena-campaign-routine-default,"MenA:MenACWYX,routine,with:default",MenACWYX,total,routine,GNB,Guinea-Bissau,2040,0,0,<NA>,<NA>,0.1795685288555234071506,both,0.2000000000000000111
mena-campaign-routine-default,"MenA:MenACWYX,routine,with:default",MenACWYX,total,routine,GNB,Guinea-Bissau,2041,0,0,<NA>,<NA>,0.1815685288555234089269,both,0.2000000000000000111
mena-campaign-routine-default,"MenA:MenACWYX,routine,with:default",MenACWYX,total,routine,GNB,Guinea-Bissau,2042,0,0,<NA>,<NA>,0.1835685288555234107033,both,0.2000000000000000111
mena-campaign-routine-default,"MenA:MenACWYX,routine,with:default",MenACWYX,total,routine,GNB,Guinea-Bissau,2043,0,0,<NA>,<NA>,0.1855685288555234124797,both,0.2000000000000000111
mena-campaign-routine-default,"MenA:MenACWYX,routine,with:default",MenACWYX,total,routine,GNB,Guinea-Bissau,2044,0,0,<NA>,<NA>,0.187568528855523414256,both,0.2000000000000000111
mena-campaign-routine-default,"MenA:MenACWYX,routine,with:default",MenACWYX,total,routine,GNB,Guinea-Bissau,2045,0,0,<NA>,<NA>,0.1895685288555234160324,both,0.2000000000000000111
mena-campaign-routine-default,"MenA:MenACWYX,routine,with:default",MenACWYX,total,routine,GNB,Guinea-Bissau,2046,0,0,<NA>,<NA>,0.1900000000000000022204,both,0.2000000000000000111
mena-campaign-routine-default,"MenA:MenACWYX,routine,with:default",MenACWYX,total,routine,GNB,Guinea-Bissau,2047,0,0,<NA>,<NA>,0.1900000000000000022204,both,0.2000000000000000111
mena-campaign-routine-default,"MenA:MenACWYX,routine,with:default",MenACWYX,total,routine,GNB,Guinea-Bissau,2048,0,0,<NA>,<NA>,0.1900000000000000022204,both,0.2000000000000000111
mena-campaign-routine-default,"MenA:MenACWYX,routine,with:default",MenACWYX,total,routine,GNB,Guinea-Bissau,2049,0,0,<NA>,<NA>,0.1900000000000000022204,both,0.2000000000000000111
mena-campaign-routine-default,"MenA:MenACWYX,routine,with:default",MenACWYX,total,routine,GNB,Guinea-Bissau,2050,0,0,<NA>,<NA>,0.1900000000000000022204,both,0.2000000000000000111
mena-campaign-routine-default,"MenA:MenACWYX,routine,with:default",MenACWYX,total,routine,GNB,Guinea-Bissau,2051,0,0,<NA>,<NA>,0.1900000000000000022204,both,0.2000000000000000111
mena-campaign-routine-default,"MenA:MenACWYX,routine,with:default",MenACWYX,total,routine,GNB,Guinea-Bissau,2052,0,0,<NA>,<NA>,0.1900000000000000022204,both,0.2000000000000000111
mena-campaign-routine-default,"MenA:MenACWYX,routine,with:default",MenACWYX,total,routine,GNB,Guinea-Bissau,2053,0,0,<NA>,<NA>,0.1900000000000000022204,both,0.2000000000000000111
mena-campaign-routine-default,"MenA:MenACWYX,routine,with:default",MenACWYX,total,routine,GNB,Guinea-Bissau,2054,0,0,<NA>,<NA>,0.1900000000000000022204,both,0.2000000000000000111
mena-campaign-routine-default,"MenA:MenACWYX,routine,with:default",MenACWYX,total,routine,GNB,Guinea-Bissau,2055,0,0,<NA>,<NA>,0.1900000000000000022204,both,0.2000000000000000111
mena-campaign-routine-default,"MenA:MenACWYX,routine,with:default",MenACWYX,total,routine,GNB,Guinea-Bissau,2056,0,0,<NA>,<NA>,0.1900000000000000022204,both,0.2000000000000000111
mena-campaign-routine-default,"MenA:MenACWYX,routine,with:default",MenACWYX,total,routine,GNB,Guinea-Bissau,2057,0,0,<NA>,<NA>,0.1900000000000000022204,both,0.2000000000000000111
mena-campaign-routine-default,"MenA:MenACWYX,routine,with:default",MenACWYX,total,routine,GNB,Guinea-Bissau,2058,0,0,<NA>,<NA>,0.1900000000000000022204,both,0.2000000000000000111
mena-campaign-routine-default,"MenA:MenACWYX,routine,with:default",MenACWYX,total,routine,GNB,Guinea-Bissau,2059,0,0,<NA>,<NA>,0.1900000000000000022204,both,0.2000000000000000111
mena-campaign-routine-default,"MenA:MenACWYX,routine,with:default",MenACWYX,total,routine,GNB,Guinea-Bissau,2060,0,0,<NA>,<NA>,0.1900000000000000022204,both,0.2000000000000000111
mena-campaign-routine-default,"MenA:MenACWYX,routine,with:default",MenACWYX,total,routine,GNB,Guinea-Bissau,2061,0,0,<NA>,<NA>,0.1900000000000000022204,both,0.2000000000000000111
mena-campaign-routine-default,"MenA:MenACWYX,routine,with:default",MenACWYX,total,routine,GNB,Guinea-Bissau,2062,0,0,<NA>,<NA>,0.1900000000000000022204,both,0.2000000000000000111
mena-campaign-routine-default,"MenA:MenACWYX,routine,with:default",MenACWYX,total,routine,GNB,Guinea-Bissau,2063,0,0,<NA>,<NA>,0.1900000000000000022204,both,0.2000000000000000111
mena-campaign-routine-default,"MenA:MenACWYX,routine,with:default",MenACWYX,total,routine,GNB,Guinea-Bissau,2064,0,0,<NA>,<NA>,0.1900000000000000022204,both,0.2000000000000000111
mena-campaign-routine-default,"MenA:MenACWYX,routine,with:default",MenACWYX,total,routine,GNB,Guinea-Bissau,2065,0,0,<NA>,<NA>,0.1900000000000000022204,both,0.2000000000000000111
mena-campaign-routine-default,"MenA:MenACWYX,routine,with:default",MenACWYX,total,routine,GNB,Guinea-Bissau,2066,0,0,<NA>,<NA>,0.1900000000000000022204,both,0.2000000000000000111
mena-campaign-routine-default,"MenA:MenACWYX,routine,with:default",MenACWYX,total,routine,GNB,Guinea-Bissau,2067,0,0,<NA>,<NA>,0.1900000000000000022204,both,0.2000000000000000111
mena-campaign-routine-default,"MenA:MenACWYX,routine,with:default",MenACWYX,total,routine,GNB,Guinea-Bissau,2068,0,0,<NA>,<NA>,0.1900000000000000022204,both,0.2000000000000000111
mena-campaign-routine-default,"MenA:MenACWYX,routine,with:default",MenACWYX,total,routine,GNB,Guinea-Bissau,2069,0,0,<NA>,<NA>,0.1900000000000000022204,both,0.2000000000000000111
mena-campaign-routine-default,"MenA:MenACWYX,routine,with:default",MenACWYX,total,routine,GNB,Guinea-Bissau,2070,0,0,<NA>,<NA>,0.1900000000000000022204,both,0.2000000000000000111
mena-campaign-routine-default,"MenA:MenACWYX,routine,with:default",MenACWYX,total,routine,GNB,Guinea-Bissau,2071,0,0,<NA>,<NA>,0.1900000000000000022204,both,0.2000000000000000111
mena-campaign-routine-default,"MenA:MenACWYX,routine,with:default",MenACWYX,total,routine,GNB,Guinea-Bissau,2072,0,0,<NA>,<NA>,0.1900000000000000022204,both,0.2000000000000000111
mena-campaign-routine-default,"MenA:MenACWYX,routine,with:default",MenACWYX,total,routine,GNB,Guinea-Bissau,2073,0,0,<NA>,<NA>,0.1900000000000000022204,both,0.2000000000000000111
mena-campaign-routine-default,"MenA:MenACWYX,routine,with:default",MenACWYX,total,routine,GNB,Guinea-Bissau,2074,0,0,<NA>,<NA>,0.1900000000000000022204,both,0.2000000000000000111
mena-campaign-routine-default,"MenA:MenACWYX,routine,with:default",MenACWYX,total,routine,GNB,Guinea-Bissau,2075,0,0,<NA>,<NA>,0.1900000000000000022204,both,0.2000000000000000111
mena-campaign-routine-default,"MenA:MenACWYX,routine,with:default",MenACWYX,total,routine,GNB,Guinea-Bissau,2076,0,0,<NA>,<NA>,0.1900000000000000022204,both,0.2000000000000000111
mena-campaign-routine-default,"MenA:MenACWYX,routine,with:default",MenACWYX,total,routine,GNB,Guinea-Bissau,2077,0,0,<NA>,<NA>,0.1900000000000000022204,both,0.2000000000000000111
mena-campaign-routine-default,"MenA:MenACWYX,routine,with:default",MenACWYX,total,routine,GNB,Guinea-Bissau,2078,0,0,<NA>,<NA>,0.1900000000000000022204,both,0.2000000000000000111
mena-campaign-routine-default,"MenA:MenACWYX,routine,with:default",MenACWYX,total,routine,GNB,Guinea-Bissau,2079,0,0,<NA>,<NA>,0.1900000000000000022204,both,0.2000000000000000111
mena-campaign-routine-default,"MenA:MenACWYX,routine,with:default",MenACWYX,total,routine,GNB,Guinea-Bissau,2080,0,0,<NA>,<NA>,0.1900000000000000022204,both,0.2000000000000000111
mena-campaign-routine-default,"MenA:MenACWYX,routine,with:default",MenACWYX,total,routine,GNB,Guinea-Bissau,2081,0,0,<NA>,<NA>,0.1900000000000000022204,both,0.2000000000000000111
mena-campaign-routine-default,"MenA:MenACWYX,routine,with:default",MenACWYX,total,routine,GNB,Guinea-Bissau,2082,0,0,<NA>,<NA>,0.1900000000000000022204,both,0.2000000000000000111
mena-campaign-routine-default,"MenA:MenACWYX,routine,with:default",MenACWYX,total,routine,GNB,Guinea-Bissau,2083,0,0,<NA>,<NA>,0.1900000000000000022204,both,0.2000000000000000111
mena-campaign-routine-default,"MenA:MenACWYX,routine,with:default",MenACWYX,total,routine,GNB,Guinea-Bissau,2084,0,0,<NA>,<NA>,0.1900000000000000022204,both,0.2000000000000000111
mena-campaign-routine-default,"MenA:MenACWYX,routine,with:default",MenACWYX,total,routine,GNB,Guinea-Bissau,2085,0,0,<NA>,<NA>,0.1900000000000000022204,both,0.2000000000000000111
mena-campaign-routine-default,"MenA:MenACWYX,routine,with:default",MenACWYX,total,routine,GNB,Guinea-Bissau,2086,0,0,<NA>,<NA>,0.1900000000000000022204,both,0.2000000000000000111
mena-campaign-routine-default,"MenA:MenACWYX,routine,with:default",MenACWYX,total,routine,GNB,Guinea-Bissau,2087,0,0,<NA>,<NA>,0.1900000000000000022204,both,0.2000000000000000111
mena-campaign-routine-default,"MenA:MenACWYX,routine,with:default",MenACWYX,total,routine,GNB,Guinea-Bissau,2088,0,0,<NA>,<NA>,0.1900000000000000022204,both,0.2000000000000000111
mena-campaign-routine-default,"MenA:MenACWYX,routine,with:default",MenACWYX,total,routine,GNB,Guinea-Bissau,2089,0,0,<NA>,<NA>,0.1900000000000000022204,both,0.2000000000000000111
mena-campaign-routine-default,"MenA:MenACWYX,routine,with:default",MenACWYX,total,routine,GNB,Guinea-Bissau,2090,0,0,<NA>,<NA>,0.1900000000000000022204,both,0.2000000000000000111
mena-campaign-routine-default,"MenA:MenACWYX,routine,with:default",MenACWYX,total,routine,GNB,Guinea-Bissau,2091,0,0,<NA>,<NA>,0.1900000000000000022204,both,0.2000000000000000111
mena-campaign-routine-default,"MenA:MenACWYX,routine,with:default",MenACWYX,total,routine,GNB,Guinea-Bissau,2092,0,0,<NA>,<NA>,0.1900000000000000022204,both,0.2000000000000000111
mena-campaign-routine-default,"MenA:MenACWYX,routine,with:default",MenACWYX,total,routine,GNB,Guinea-Bissau,2093,0,0,<NA>,<NA>,0.1900000000000000022204,both,0.2000000000000000111
mena-campaign-routine-default,"MenA:MenACWYX,routine,with:default",MenACWYX,total,routine,GNB,Guinea-Bissau,2094,0,0,<NA>,<NA>,0.1900000000000000022204,both,0.2000000000000000111
mena-campaign-routine-default,"MenA:MenACWYX,routine,with:default",MenACWYX,total,routine,GNB,Guinea-Bissau,2095,0,0,<NA>,<NA>,0.1900000000000000022204,both,0.2000000000000000111
mena-campaign-routine-default,"MenA:MenACWYX,routine,with:default",MenACWYX,total,routine,GNB,Guinea-Bissau,2096,0,0,<NA>,<NA>,0.1900000000000000022204,both,0.2000000000000000111
mena-campaign-routine-default,"MenA:MenACWYX,routine,with:default",MenACWYX,total,routine,GNB,Guinea-Bissau,2097,0,0,<NA>,<NA>,0.1900000000000000022204,both,0.2000000000000000111
mena-campaign-routine-default,"MenA:MenACWYX,routine,with:default",MenACWYX,total,routine,GNB,Guinea-Bissau,2098,0,0,<NA>,<NA>,0.1900000000000000022204,both,0.2000000000000000111
mena-campaign-routine-default,"MenA:MenACWYX,routine,with:default",MenACWYX,total,routine,GNB,Guinea-Bissau,2099,0,0,<NA>,<NA>,0.1900000000000000022204,both,0.2000000000000000111
mena-campaign-routine-default,"MenA:MenACWYX,routine,with:default",MenACWYX,total,routine,GNB,Guinea-Bissau,2100,0,0,<NA>,<NA>,0.1900000000000000022204,both,0.2000000000000000111
mena-campaign-routine-default,"MenA:MenACWYX,routine,with:default",MenACWYX,total,routine,KEN,Kenya,2027,0,0,<NA>,<NA>,0.0719999999999999945599,both,0.1000000000000000056
mena-campaign-routine-default,"MenA:MenACWYX,routine,with:default",MenACWYX,total,routine,KEN,Kenya,2028,0,0,<NA>,<NA>,0.0778293204582826414484,both,0.1000000000000000056
mena-campaign-routine-default,"MenA:MenACWYX,routine,with:default",MenACWYX,total,routine,KEN,Kenya,2029,0,0,<NA>,<NA>,0.0824450345949455515315,both,0.1000000000000000056
mena-campaign-routine-default,"MenA:MenACWYX,routine,with:default",MenACWYX,total,routine,KEN,Kenya,2030,0,0,<NA>,<NA>,0.0860998031299501087599,both,0.1000000000000000056
mena-campaign-routine-default,"MenA:MenACWYX,routine,with:default",MenACWYX,total,routine,KEN,Kenya,2031,0,0,<NA>,<NA>,0.087099803129950109648,both,0.1000000000000000056
mena-campaign-routine-default,"MenA:MenACWYX,routine,with:default",MenACWYX,total,routine,KEN,Kenya,2032,0,0,<NA>,<NA>,0.0880998031299501105362,both,0.1000000000000000056
mena-campaign-routine-default,"MenA:MenACWYX,routine,with:default",MenACWYX,total,routine,KEN,Kenya,2033,0,0,<NA>,<NA>,0.0890998031299501114244,both,0.1000000000000000056
mena-campaign-routine-default,"MenA:MenACWYX,routine,with:default",MenACWYX,total,routine,KEN,Kenya,2034,0,0,<NA>,<NA>,0.0900998031299501123126,both,0.1000000000000000056
mena-campaign-routine-default,"MenA:MenACWYX,routine,with:default",MenACWYX,total,routine,KEN,Kenya,2035,0,0,<NA>,<NA>,0.0910998031299501132008,both,0.1000000000000000056
mena-campaign-routine-default,"MenA:MenACWYX,routine,with:default",MenACWYX,total,routine,KEN,Kenya,2036,0,0,<NA>,<NA>,0.0920998031299501002112,both,0.1000000000000000056
mena-campaign-routine-default,"MenA:MenACWYX,routine,with:default",MenACWYX,total,routine,KEN,Kenya,2037,0,0,<NA>,<NA>,0.0930998031299501010993,both,0.1000000000000000056
mena-campaign-routine-default,"MenA:MenACWYX,routine,with:default",MenACWYX,total,routine,KEN,Kenya,2038,0,0,<NA>,<NA>,0.0940998031299501019875,both,0.1000000000000000056
mena-campaign-routine-default,"MenA:MenACWYX,routine,with:default",MenACWYX,total,routine,KEN,Kenya,2039,0,0,<NA>,<NA>,0.0950000000000000011102,both,0.1000000000000000056
mena-campaign-routine-default,"MenA:MenACWYX,routine,with:default",MenACWYX,total,routine,KEN,Kenya,2040,0,0,<NA>,<NA>,0.0950000000000000011102,both,0.1000000000000000056
mena-campaign-routine-default,"MenA:MenACWYX,routine,with:default",MenACWYX,total,routine,KEN,Kenya,2041,0,0,<NA>,<NA>,0.0950000000000000011102,both,0.1000000000000000056
mena-campaign-routine-default,"MenA:MenACWYX,routine,with:default",MenACWYX,total,routine,KEN,Kenya,2042,0,0,<NA>,<NA>,0.0950000000000000011102,both,0.1000000000000000056
mena-campaign-routine-default,"MenA:MenACWYX,routine,with:default",MenACWYX,total,routine,KEN,Kenya,2043,0,0,<NA>,<NA>,0.0950000000000000011102,both,0.1000000000000000056
mena-campaign-routine-default,"MenA:MenACWYX,routine,with:default",MenACWYX,total,routine,KEN,Kenya,2044,0,0,<NA>,<NA>,0.0950000000000000011102,both,0.1000000000000000056
mena-campaign-routine-default,"MenA:MenACWYX,routine,with:default",MenACWYX,total,routine,KEN,Kenya,2045,0,0,<NA>,<NA>,0.0950000000000000011102,both,0.1000000000000000056
mena-campaign-routine-default,"MenA:MenACWYX,routine,with:default",MenACWYX,total,routine,KEN,Kenya,2046,0,0,<NA>,<NA>,0.0950000000000000011102,both,0.1000000000000000056
mena-campaign-routine-default,"MenA:MenACWYX,routine,with:default",MenACWYX,total,routine,KEN,Kenya,2047,0,0,<NA>,<NA>,0.0950000000000000011102,both,0.1000000000000000056
mena-campaign-routine-default,"MenA:MenACWYX,routine,with:default",MenACWYX,total,routine,KEN,Kenya,2048,0,0,<NA>,<NA>,0.0950000000000000011102,both,0.1000000000000000056
mena-campaign-routine-default,"MenA:MenACWYX,routine,with:default",MenACWYX,total,routine,KEN,Kenya,2049,0,0,<NA>,<NA>,0.0950000000000000011102,both,0.1000000000000000056
mena-campaign-routine-default,"MenA:MenACWYX,routine,with:default",MenACWYX,total,routine,KEN,Kenya,2050,0,0,<NA>,<NA>,0.0950000000000000011102,both,0.1000000000000000056
mena-campaign-routine-default,"MenA:MenACWYX,routine,with:default",MenACWYX,total,routine,KEN,Kenya,2051,0,0,<NA>,<NA>,0.0950000000000000011102,both,0.1000000000000000056
mena-campaign-routine-default,"MenA:MenACWYX,routine,with:default",MenACWYX,total,routine,KEN,Kenya,2052,0,0,<NA>,<NA>,0.0950000000000000011102,both,0.1000000000000000056
mena-campaign-routine-default,"MenA:MenACWYX,routine,with:default",MenACWYX,total,routine,KEN,Kenya,2053,0,0,<NA>,<NA>,0.0950000000000000011102,both,0.1000000000000000056
mena-campaign-routine-default,"MenA:MenACWYX,routine,with:default",MenACWYX,total,routine,KEN,Kenya,2054,0,0,<NA>,<NA>,0.0950000000000000011102,both,0.1000000000000000056
mena-campaign-routine-default,"MenA:MenACWYX,routine,with:default",MenACWYX,total,routine,KEN,Kenya,2055,0,0,<NA>,<NA>,0.0950000000000000011102,both,0.1000000000000000056
mena-campaign-routine-default,"MenA:MenACWYX,routine,with:default",MenACWYX,total,routine,KEN,Kenya,2056,0,0,<NA>,<NA>,0.0950000000000000011102,both,0.1000000000000000056
mena-campaign-routine-default,"MenA:MenACWYX,routine,with:default",MenACWYX,total,routine,KEN,Kenya,2057,0,0,<NA>,<NA>,0.0950000000000000011102,both,0.1000000000000000056
mena-campaign-routine-default,"MenA:MenACWYX,routine,with:default",MenACWYX,total,routine,KEN,Kenya,2058,0,0,<NA>,<NA>,0.0950000000000000011102,both,0.1000000000000000056
mena-campaign-routine-default,"MenA:MenACWYX,routine,with:default",MenACWYX,total,routine,KEN,Kenya,2059,0,0,<NA>,<NA>,0.0950000000000000011102,both,0.1000000000000000056
mena-campaign-routine-default,"MenA:MenACWYX,routine,with:default",MenACWYX,total,routine,KEN,Kenya,2060,0,0,<NA>,<NA>,0.0950000000000000011102,both,0.1000000000000000056
mena-campaign-routine-default,"MenA:MenACWYX,routine,with:default",MenACWYX,total,routine,KEN,Kenya,2061,0,0,<NA>,<NA>,0.0950000000000000011102,both,0.1000000000000000056
mena-campaign-routine-default,"MenA:MenACWYX,routine,with:default",MenACWYX,total,routine,KEN,Kenya,2062,0,0,<NA>,<NA>,0.0950000000000000011102,both,0.1000000000000000056
mena-campaign-routine-default,"MenA:MenACWYX,routine,with:default",MenACWYX,total,routine,KEN,Kenya,2063,0,0,<NA>,<NA>,0.0950000000000000011102,both,0.1000000000000000056
mena-campaign-routine-default,"MenA:MenACWYX,routine,with:default",MenACWYX,total,routine,KEN,Kenya,2064,0,0,<NA>,<NA>,0.0950000000000000011102,both,0.1000000000000000056
mena-campaign-routine-default,"MenA:MenACWYX,routine,with:default",MenACWYX,total,routine,KEN,Kenya,2065,0,0,<NA>,<NA>,0.0950000000000000011102,both,0.1000000000000000056
mena-campaign-routine-default,"MenA:MenACWYX,routine,with:default",MenACWYX,total,routine,KEN,Kenya,2066,0,0,<NA>,<NA>,0.0950000000000000011102,both,0.1000000000000000056
mena-campaign-routine-default,"MenA:MenACWYX,routine,with:default",MenACWYX,total,routine,KEN,Kenya,2067,0,0,<NA>,<NA>,0.0950000000000000011102,both,0.1000000000000000056
mena-campaign-routine-default,"MenA:MenACWYX,routine,with:default",MenACWYX,total,routine,KEN,Kenya,2068,0,0,<NA>,<NA>,0.0950000000000000011102,both,0.1000000000000000056
mena-campaign-routine-default,"MenA:MenACWYX,routine,with:default",MenACWYX,total,routine,KEN,Kenya,2069,0,0,<NA>,<NA>,0.0950000000000000011102,both,0.1000000000000000056
mena-campaign-routine-default,"MenA:MenACWYX,routine,with:default",MenACWYX,total,routine,KEN,Kenya,2070,0,0,<NA>,<NA>,0.0950000000000000011102,both,0.1000000000000000056
mena-campaign-routine-default,"MenA:MenACWYX,routine,with:default",MenACWYX,total,routine,KEN,Kenya,2071,0,0,<NA>,<NA>,0.0950000000000000011102,both,0.1000000000000000056
mena-campaign-routine-default,"MenA:MenACWYX,routine,with:default",MenACWYX,total,routine,KEN,Kenya,2072,0,0,<NA>,<NA>,0.0950000000000000011102,both,0.1000000000000000056
mena-campaign-routine-default,"MenA:MenACWYX,routine,with:default",MenACWYX,total,routine,KEN,Kenya,2073,0,0,<NA>,<NA>,0.0950000000000000011102,both,0.1000000000000000056
mena-campaign-routine-default,"MenA:MenACWYX,routine,with:default",MenACWYX,total,routine,KEN,Kenya,2074,0,0,<NA>,<NA>,0.0950000000000000011102,both,0.1000000000000000056
mena-campaign-routine-default,"MenA:MenACWYX,routine,with:default",MenACWYX,total,routine,KEN,Kenya,2075,0,0,<NA>,<NA>,0.0950000000000000011102,both,0.1000000000000000056
mena-campaign-routine-default,"MenA:MenACWYX,routine,with:default",MenACWYX,total,routine,KEN,Kenya,2076,0,0,<NA>,<NA>,0.0950000000000000011102,both,0.1000000000000000056
mena-campaign-routine-default,"MenA:MenACWYX,routine,with:default",MenACWYX,total,routine,KEN,Kenya,2077,0,0,<NA>,<NA>,0.0950000000000000011102,both,0.1000000000000000056
mena-campaign-routine-default,"MenA:MenACWYX,routine,with:default",MenACWYX,total,routine,KEN,Kenya,2078,0,0,<NA>,<NA>,0.0950000000000000011102,both,0.1000000000000000056
mena-campaign-routine-default,"MenA:MenACWYX,routine,with:default",MenACWYX,total,routine,KEN,Kenya,2079,0,0,<NA>,<NA>,0.0950000000000000011102,both,0.1000000000000000056
mena-campaign-routine-default,"MenA:MenACWYX,routine,with:default",MenACWYX,total,routine,KEN,Kenya,2080,0,0,<NA>,<NA>,0.0950000000000000011102,both,0.1000000000000000056
mena-campaign-routine-default,"MenA:MenACWYX,routine,with:default",MenACWYX,total,routine,KEN,Kenya,2081,0,0,<NA>,<NA>,0.0950000000000000011102,both,0.1000000000000000056
mena-campaign-routine-default,"MenA:MenACWYX,routine,with:default",MenACWYX,total,routine,KEN,Kenya,2082,0,0,<NA>,<NA>,0.0950000000000000011102,both,0.1000000000000000056
mena-campaign-routine-default,"MenA:MenACWYX,routine,with:default",MenACWYX,total,routine,KEN,Kenya,2083,0,0,<NA>,<NA>,0.0950000000000000011102,both,0.1000000000000000056
mena-campaign-routine-default,"MenA:MenACWYX,routine,with:default",MenACWYX,total,routine,KEN,Kenya,2084,0,0,<NA>,<NA>,0.0950000000000000011102,both,0.1000000000000000056
mena-campaign-routine-default,"MenA:MenACWYX,routine,with:default",MenACWYX,total,routine,KEN,Kenya,2085,0,0,<NA>,<NA>,0.0950000000000000011102,both,0.1000000000000000056
mena-campaign-routine-default,"MenA:MenACWYX,routine,with:default",MenACWYX,total,routine,KEN,Kenya,2086,0,0,<NA>,<NA>,0.0950000000000000011102,both,0.1000000000000000056
mena-campaign-routine-default,"MenA:MenACWYX,routine,with:default",MenACWYX,total,routine,KEN,Kenya,2087,0,0,<NA>,<NA>,0.0950000000000000011102,both,0.1000000000000000056
mena-campaign-routine-default,"MenA:MenACWYX,routine,with:default",MenACWYX,total,routine,KEN,Kenya,2088,0,0,<NA>,<NA>,0.0950000000000000011102,both,0.1000000000000000056
mena-campaign-routine-default,"MenA:MenACWYX,routine,with:default",MenACWYX,total,routine,KEN,Kenya,2089,0,0,<NA>,<NA>,0.0950000000000000011102,both,0.1000000000000000056
mena-campaign-routine-default,"MenA:MenACWYX,routine,with:default",MenACWYX,total,routine,KEN,Kenya,2090,0,0,<NA>,<NA>,0.0950000000000000011102,both,0.1000000000000000056
mena-campaign-routine-default,"MenA:MenACWYX,routine,with:default",MenACWYX,total,routine,KEN,Kenya,2091,0,0,<NA>,<NA>,0.0950000000000000011102,both,0.1000000000000000056
mena-campaign-routine-default,"MenA:MenACWYX,routine,with:default",MenACWYX,total,routine,KEN,Kenya,2092,0,0,<NA>,<NA>,0.0950000000000000011102,both,0.1000000000000000056
mena-campaign-routine-default,"MenA:MenACWYX,routine,with:default",MenACWYX,total,routine,KEN,Kenya,2093,0,0,<NA>,<NA>,0.0950000000000000011102,both,0.1000000000000000056
mena-campaign-routine-default,"MenA:MenACWYX,routine,with:default",MenACWYX,total,routine,KEN,Kenya,2094,0,0,<NA>,<NA>,0.0950000000000000011102,both,0.1000000000000000056
mena-campaign-routine-default,"MenA:MenACWYX,routine,with:default",MenACWYX,total,routine,KEN,Kenya,2095,0,0,<NA>,<NA>,0.0950000000000000011102,both,0.1000000000000000056
mena-campaign-routine-default,"MenA:MenACWYX,routine,with:default",MenACWYX,total,routine,KEN,Kenya,2096,0,0,<NA>,<NA>,0.0950000000000000011102,both,0.1000000000000000056
mena-campaign-routine-default,"MenA:MenACWYX,routine,with:default",MenACWYX,total,routine,KEN,Kenya,2097,0,0,<NA>,<NA>,0.0950000000000000011102,both,0.1000000000000000056
mena-campaign-routine-default,"MenA:MenACWYX,routine,with:default",MenACWYX,total,routine,KEN,Kenya,2098,0,0,<NA>,<NA>,0.0950000000000000011102,both,0.1000000000000000056
mena-campaign-routine-default,"MenA:MenACWYX,routine,with:default",MenACWYX,total,routine,KEN,Kenya,2099,0,0,<NA>,<NA>,0.0950000000000000011102,both,0.1000000000000000056
mena-campaign-routine-default,"MenA:MenACWYX,routine,with:default",MenACWYX,total,routine,KEN,Kenya,2100,0,0,<NA>,<NA>,0.0950000000000000011102,both,0.1000000000000000056
mena-campaign-routine-default,"MenA:MenACWYX,routine,with:default",MenACWYX,total,routine,MLI,Mali,2027,0,0,<NA>,<NA>,0.9227999999999999536371,both,1
mena-campaign-routine-default,"MenA:MenACWYX,routine,with:default",MenACWYX,total,routine,MLI,Mali,2028,0,0,<NA>,<NA>,0.9227999999999999536371,both,1
mena-campaign-routine-default,"MenA:MenACWYX,routine,with:default",MenACWYX,total,routine,MLI,Mali,2029,0,0,<NA>,<NA>,0.9227999999999999536371,both,1
mena-campaign-routine-default,"MenA:MenACWYX,routine,with:default",MenACWYX,total,routine,MLI,Mali,2030,0,0,<NA>,<NA>,0.9227999999999999536371,both,1
mena-campaign-routine-default,"MenA:MenACWYX,routine,with:default",MenACWYX,total,routine,MLI,Mali,2031,0,0,<NA>,<NA>,0.9327999999999999625189,both,1
mena-campaign-routine-default,"MenA:MenACWYX,routine,with:default",MenACWYX,total,routine,MLI,Mali,2032,0,0,<NA>,<NA>,0.9427999999999999714007,both,1
mena-campaign-routine-default,"MenA:MenACWYX,routine,with:default",MenACWYX,total,routine,MLI,Mali,2033,0,0,<NA>,<NA>,0.9499999999999999555911,both,1
mena-campaign-routine-default,"MenA:MenACWYX,routine,with:default",MenACWYX,total,routine,MLI,Mali,2034,0,0,<NA>,<NA>,0.9499999999999999555911,both,1
mena-campaign-routine-default,"MenA:MenACWYX,routine,with:default",MenACWYX,total,routine,MLI,Mali,2035,0,0,<NA>,<NA>,0.9499999999999999555911,both,1
mena-campaign-routine-default,"MenA:MenACWYX,routine,with:default",MenACWYX,total,routine,MLI,Mali,2036,0,0,<NA>,<NA>,0.9499999999999999555911,both,1
mena-campaign-routine-default,"MenA:MenACWYX,routine,with:default",MenACWYX,total,routine,MLI,Mali,2037,0,0,<NA>,<NA>,0.9499999999999999555911,both,1
mena-campaign-routine-default,"MenA:MenACWYX,routine,with:default",MenACWYX,total,routine,MLI,Mali,2038,0,0,<NA>,<NA>,0.9499999999999999555911,both,1
mena-campaign-routine-default,"MenA:MenACWYX,routine,with:default",MenACWYX,total,routine,MLI,Mali,2039,0,0,<NA>,<NA>,0.9499999999999999555911,both,1
mena-campaign-routine-default,"MenA:MenACWYX,routine,with:default",MenACWYX,total,routine,MLI,Mali,2040,0,0,<NA>,<NA>,0.9499999999999999555911,both,1
mena-campaign-routine-default,"MenA:MenACWYX,routine,with:default",MenACWYX,total,routine,MLI,Mali,2041,0,0,<NA>,<NA>,0.9499999999999999555911,both,1
mena-campaign-routine-default,"MenA:MenACWYX,routine,with:default",MenACWYX,total,routine,MLI,Mali,2042,0,0,<NA>,<NA>,0.9499999999999999555911,both,1
mena-campaign-routine-default,"MenA:MenACWYX,routine,with:default",MenACWYX,total,routine,MLI,Mali,2043,0,0,<NA>,<NA>,0.9499999999999999555911,both,1
mena-campaign-routine-default,"MenA:MenACWYX,routine,with:default",MenACWYX,total,routine,MLI,Mali,2044,0,0,<NA>,<NA>,0.9499999999999999555911,both,1
mena-campaign-routine-default,"MenA:MenACWYX,routine,with:default",MenACWYX,total,routine,MLI,Mali,2045,0,0,<NA>,<NA>,0.9499999999999999555911,both,1
mena-campaign-routine-default,"MenA:MenACWYX,routine,with:default",MenACWYX,total,routine,MLI,Mali,2046,0,0,<NA>,<NA>,0.9499999999999999555911,both,1
mena-campaign-routine-default,"MenA:MenACWYX,routine,with:default",MenACWYX,total,routine,MLI,Mali,2047,0,0,<NA>,<NA>,0.9499999999999999555911,both,1
mena-campaign-routine-default,"MenA:MenACWYX,routine,with:default",MenACWYX,total,routine,MLI,Mali,2048,0,0,<NA>,<NA>,0.9499999999999999555911,both,1
mena-campaign-routine-default,"MenA:MenACWYX,routine,with:default",MenACWYX,total,routine,MLI,Mali,2049,0,0,<NA>,<NA>,0.9499999999999999555911,both,1
mena-campaign-routine-default,"MenA:MenACWYX,routine,with:default",MenACWYX,total,routine,MLI,Mali,2050,0,0,<NA>,<NA>,0.9499999999999999555911,both,1
mena-campaign-routine-default,"MenA:MenACWYX,routine,with:default",MenACWYX,total,routine,MLI,Mali,2051,0,0,<NA>,<NA>,0.9499999999999999555911,both,1
mena-campaign-routine-default,"MenA:MenACWYX,routine,with:default",MenACWYX,total,routine,MLI,Mali,2052,0,0,<NA>,<NA>,0.9499999999999999555911,both,1
mena-campaign-routine-default,"MenA:MenACWYX,routine,with:default",MenACWYX,total,routine,MLI,Mali,2053,0,0,<NA>,<NA>,0.9499999999999999555911,both,1
mena-campaign-routine-default,"MenA:MenACWYX,routine,with:default",MenACWYX,total,routine,MLI,Mali,2054,0,0,<NA>,<NA>,0.9499999999999999555911,both,1
mena-campaign-routine-default,"MenA:MenACWYX,routine,with:default",MenACWYX,total,routine,MLI,Mali,2055,0,0,<NA>,<NA>,0.9499999999999999555911,both,1
mena-campaign-routine-default,"MenA:MenACWYX,routine,with:default",MenACWYX,total,routine,MLI,Mali,2056,0,0,<NA>,<NA>,0.9499999999999999555911,both,1
mena-campaign-routine-default,"MenA:MenACWYX,routine,with:default",MenACWYX,total,routine,MLI,Mali,2057,0,0,<NA>,<NA>,0.9499999999999999555911,both,1
mena-campaign-routine-default,"MenA:MenACWYX,routine,with:default",MenACWYX,total,routine,MLI,Mali,2058,0,0,<NA>,<NA>,0.9499999999999999555911,both,1
mena-campaign-routine-default,"MenA:MenACWYX,routine,with:default",MenACWYX,total,routine,MLI,Mali,2059,0,0,<NA>,<NA>,0.9499999999999999555911,both,1
mena-campaign-routine-default,"MenA:MenACWYX,routine,with:default",MenACWYX,total,routine,MLI,Mali,2060,0,0,<NA>,<NA>,0.9499999999999999555911,both,1
mena-campaign-routine-default,"MenA:MenACWYX,routine,with:default",MenACWYX,total,routine,MLI,Mali,2061,0,0,<NA>,<NA>,0.9499999999999999555911,both,1
mena-campaign-routine-default,"MenA:MenACWYX,routine,with:default",MenACWYX,total,routine,MLI,Mali,2062,0,0,<NA>,<NA>,0.9499999999999999555911,both,1
mena-campaign-routine-default,"MenA:MenACWYX,routine,with:default",MenACWYX,total,routine,MLI,Mali,2063,0,0,<NA>,<NA>,0.9499999999999999555911,both,1
mena-campaign-routine-default,"MenA:MenACWYX,routine,with:default",MenACWYX,total,routine,MLI,Mali,2064,0,0,<NA>,<NA>,0.9499999999999999555911,both,1
mena-campaign-routine-default,"MenA:MenACWYX,routine,with:default",MenACWYX,total,routine,MLI,Mali,2065,0,0,<NA>,<NA>,0.9499999999999999555911,both,1
mena-campaign-routine-default,"MenA:MenACWYX,routine,with:default",MenACWYX,total,routine,MLI,Mali,2066,0,0,<NA>,<NA>,0.9499999999999999555911,both,1
mena-campaign-routine-default,"MenA:MenACWYX,routine,with:default",MenACWYX,total,routine,MLI,Mali,2067,0,0,<NA>,<NA>,0.9499999999999999555911,both,1
mena-campaign-routine-default,"MenA:MenACWYX,routine,with:default",MenACWYX,total,routine,MLI,Mali,2068,0,0,<NA>,<NA>,0.9499999999999999555911,both,1
mena-campaign-routine-default,"MenA:MenACWYX,routine,with:default",MenACWYX,total,routine,MLI,Mali,2069,0,0,<NA>,<NA>,0.9499999999999999555911,both,1
mena-campaign-routine-default,"MenA:MenACWYX,routine,with:default",MenACWYX,total,routine,MLI,Mali,2070,0,0,<NA>,<NA>,0.9499999999999999555911,both,1
mena-campaign-routine-default,"MenA:MenACWYX,routine,with:default",MenACWYX,total,routine,MLI,Mali,2071,0,0,<NA>,<NA>,0.9499999999999999555911,both,1
mena-campaign-routine-default,"MenA:MenACWYX,routine,with:default",MenACWYX,total,routine,MLI,Mali,2072,0,0,<NA>,<NA>,0.9499999999999999555911,both,1
mena-campaign-routine-default,"MenA:MenACWYX,routine,with:default",MenACWYX,total,routine,MLI,Mali,2073,0,0,<NA>,<NA>,0.9499999999999999555911,both,1
mena-campaign-routine-default,"MenA:MenACWYX,routine,with:default",MenACWYX,total,routine,MLI,Mali,2074,0,0,<NA>,<NA>,0.9499999999999999555911,both,1
mena-campaign-routine-default,"MenA:MenACWYX,routine,with:default",MenACWYX,total,routine,MLI,Mali,2075,0,0,<NA>,<NA>,0.9499999999999999555911,both,1
mena-campaign-routine-default,"MenA:MenACWYX,routine,with:default",MenACWYX,total,routine,MLI,Mali,2076,0,0,<NA>,<NA>,0.9499999999999999555911,both,1
mena-campaign-routine-default,"MenA:MenACWYX,routine,with:default",MenACWYX,total,routine,MLI,Mali,2077,0,0,<NA>,<NA>,0.9499999999999999555911,both,1
mena-campaign-routine-default,"MenA:MenACWYX,routine,with:default",MenACWYX,total,routine,MLI,Mali,2078,0,0,<NA>,<NA>,0.9499999999999999555911,both,1
mena-campaign-routine-default,"MenA:MenACWYX,routine,with:default",MenACWYX,total,routine,MLI,Mali,2079,0,0,<NA>,<NA>,0.9499999999999999555911,both,1
mena-campaign-routine-default,"MenA:MenACWYX,routine,with:default",MenACWYX,total,routine,MLI,Mali,2080,0,0,<NA>,<NA>,0.9499999999999999555911,both,1
mena-campaign-routine-default,"MenA:MenACWYX,routine,with:default",MenACWYX,total,routine,MLI,Mali,2081,0,0,<NA>,<NA>,0.9499999999999999555911,both,1
mena-campaign-routine-default,"MenA:MenACWYX,routine,with:default",MenACWYX,total,routine,MLI,Mali,2082,0,0,<NA>,<NA>,0.9499999999999999555911,both,1
mena-campaign-routine-default,"MenA:MenACWYX,routine,with:default",MenACWYX,total,routine,MLI,Mali,2083,0,0,<NA>,<NA>,0.9499999999999999555911,both,1
mena-campaign-routine-default,"MenA:MenACWYX,routine,with:default",MenACWYX,total,routine,MLI,Mali,2084,0,0,<NA>,<NA>,0.9499999999999999555911,both,1
mena-campaign-routine-default,"MenA:MenACWYX,routine,with:default",MenACWYX,total,routine,MLI,Mali,2085,0,0,<NA>,<NA>,0.9499999999999999555911,both,1
mena-campaign-routine-default,"MenA:MenACWYX,routine,with:default",MenACWYX,total,routine,MLI,Mali,2086,0,0,<NA>,<NA>,0.9499999999999999555911,both,1
mena-campaign-routine-default,"MenA:MenACWYX,routine,with:default",MenACWYX,total,routine,MLI,Mali,2087,0,0,<NA>,<NA>,0.9499999999999999555911,both,1
mena-campaign-routine-default,"MenA:MenACWYX,routine,with:default",MenACWYX,total,routine,MLI,Mali,2088,0,0,<NA>,<NA>,0.9499999999999999555911,both,1
mena-campaign-routine-default,"MenA:MenACWYX,routine,with:default",MenACWYX,total,routine,MLI,Mali,2089,0,0,<NA>,<NA>,0.9499999999999999555911,both,1
mena-campaign-routine-default,"MenA:MenACWYX,routine,with:default",MenACWYX,total,routine,MLI,Mali,2090,0,0,<NA>,<NA>,0.9499999999999999555911,both,1
mena-campaign-routine-default,"MenA:MenACWYX,routine,with:default",MenACWYX,total,routine,MLI,Mali,2091,0,0,<NA>,<NA>,0.9499999999999999555911,both,1
mena-campaign-routine-default,"MenA:MenACWYX,routine,with:default",MenACWYX,total,routine,MLI,Mali,2092,0,0,<NA>,<NA>,0.9499999999999999555911,both,1
mena-campaign-routine-default,"MenA:MenACWYX,routine,with:default",MenACWYX,total,routine,MLI,Mali,2093,0,0,<NA>,<NA>,0.9499999999999999555911,both,1
mena-campaign-routine-default,"MenA:MenACWYX,routine,with:default",MenACWYX,total,routine,MLI,Mali,2094,0,0,<NA>,<NA>,0.9499999999999999555911,both,1
mena-campaign-routine-default,"MenA:MenACWYX,routine,with:default",MenACWYX,total,routine,MLI,Mali,2095,0,0,<NA>,<NA>,0.9499999999999999555911,both,1
mena-campaign-routine-default,"MenA:MenACWYX,routine,with:default",MenACWYX,total,routine,MLI,Mali,2096,0,0,<NA>,<NA>,0.9499999999999999555911,both,1
mena-campaign-routine-default,"MenA:MenACWYX,routine,with:default",MenACWYX,total,routine,MLI,Mali,2097,0,0,<NA>,<NA>,0.9499999999999999555911,both,1
mena-campaign-routine-default,"MenA:MenACWYX,routine,with:default",MenACWYX,total,routine,MLI,Mali,2098,0,0,<NA>,<NA>,0.9499999999999999555911,both,1
mena-campaign-routine-default,"MenA:MenACWYX,routine,with:default",MenACWYX,total,routine,MLI,Mali,2099,0,0,<NA>,<NA>,0.9499999999999999555911,both,1
mena-campaign-routine-default,"MenA:MenACWYX,routine,with:default",MenACWYX,total,routine,MLI,Mali,2100,0,0,<NA>,<NA>,0.9499999999999999555911,both,1
mena-campaign-routine-default,"MenA:MenACWYX,routine,with:default",MenACWYX,total,routine,MRT,Mauritania,2027,0,0,<NA>,<NA>,0.1401988155960264548217,both,0.2000000000000000111
mena-campaign-routine-default,"MenA:MenACWYX,routine,with:default",MenACWYX,total,routine,MRT,Mauritania,2028,0,0,<NA>,<NA>,0.1499889062660441918506,both,0.2000000000000000111
mena-campaign-routine-default,"MenA:MenACWYX,routine,with:default",MenACWYX,total,routine,MRT,Mauritania,2029,0,0,<NA>,<NA>,0.158176254845207975297,both,0.2000000000000000111
mena-campaign-routine-default,"MenA:MenACWYX,routine,with:default",MenACWYX,total,routine,MRT,Mauritania,2030,0,0,<NA>,<NA>,0.165023247280326412767,both,0.2000000000000000111
mena-campaign-routine-default,"MenA:MenACWYX,routine,with:default",MenACWYX,total,routine,MRT,Mauritania,2031,0,0,<NA>,<NA>,0.1670232472803264145433,both,0.2000000000000000111
mena-campaign-routine-default,"MenA:MenACWYX,routine,with:default",MenACWYX,total,routine,MRT,Mauritania,2032,0,0,<NA>,<NA>,0.1690232472803264163197,both,0.2000000000000000111
mena-campaign-routine-default,"MenA:MenACWYX,routine,with:default",MenACWYX,total,routine,MRT,Mauritania,2033,0,0,<NA>,<NA>,0.1710232472803264180961,both,0.2000000000000000111
mena-campaign-routine-default,"MenA:MenACWYX,routine,with:default",MenACWYX,total,routine,MRT,Mauritania,2034,0,0,<NA>,<NA>,0.1730232472803264198724,both,0.2000000000000000111
mena-campaign-routine-default,"MenA:MenACWYX,routine,with:default",MenACWYX,total,routine,MRT,Mauritania,2035,0,0,<NA>,<NA>,0.1750232472803264216488,both,0.2000000000000000111
mena-campaign-routine-default,"MenA:MenACWYX,routine,with:default",MenACWYX,total,routine,MRT,Mauritania,2036,0,0,<NA>,<NA>,0.1770232472803264234251,both,0.2000000000000000111
mena-campaign-routine-default,"MenA:MenACWYX,routine,with:default",MenACWYX,total,routine,MRT,Mauritania,2037,0,0,<NA>,<NA>,0.1790232472803264252015,both,0.2000000000000000111
mena-campaign-routine-default,"MenA:MenACWYX,routine,with:default",MenACWYX,total,routine,MRT,Mauritania,2038,0,0,<NA>,<NA>,0.1810232472803263992223,both,0.2000000000000000111
mena-campaign-routine-default,"MenA:MenACWYX,routine,with:default",MenACWYX,total,routine,MRT,Mauritania,2039,0,0,<NA>,<NA>,0.1830232472803264009986,both,0.2000000000000000111
mena-campaign-routine-default,"MenA:MenACWYX,routine,with:default",MenACWYX,total,routine,MRT,Mauritania,2040,0,0,<NA>,<NA>,0.185023247280326402775,both,0.2000000000000000111
mena-campaign-routine-default,"MenA:MenACWYX,routine,with:default",MenACWYX,total,routine,MRT,Mauritania,2041,0,0,<NA>,<NA>,0.1870232472803264045513,both,0.2000000000000000111
mena-campaign-routine-default,"MenA:MenACWYX,routine,with:default",MenACWYX,total,routine,MRT,Mauritania,2042,0,0,<NA>,<NA>,0.1890232472803264063277,both,0.2000000000000000111
mena-campaign-routine-default,"MenA:MenACWYX,routine,with:default",MenACWYX,total,routine,MRT,Mauritania,2043,0,0,<NA>,<NA>,0.1900000000000000022204,both,0.2000000000000000111
mena-campaign-routine-default,"MenA:MenACWYX,routine,with:default",MenACWYX,total,routine,MRT,Mauritania,2044,0,0,<NA>,<NA>,0.1900000000000000022204,both,0.2000000000000000111
mena-campaign-routine-default,"MenA:MenACWYX,routine,with:default",MenACWYX,total,routine,MRT,Mauritania,2045,0,0,<NA>,<NA>,0.1900000000000000022204,both,0.2000000000000000111
mena-campaign-routine-default,"MenA:MenACWYX,routine,with:default",MenACWYX,total,routine,MRT,Mauritania,2046,0,0,<NA>,<NA>,0.1900000000000000022204,both,0.2000000000000000111
mena-campaign-routine-default,"MenA:MenACWYX,routine,with:default",MenACWYX,total,routine,MRT,Mauritania,2047,0,0,<NA>,<NA>,0.1900000000000000022204,both,0.2000000000000000111
mena-campaign-routine-default,"MenA:MenACWYX,routine,with:default",MenACWYX,total,routine,MRT,Mauritania,2048,0,0,<NA>,<NA>,0.1900000000000000022204,both,0.2000000000000000111
mena-campaign-routine-default,"MenA:MenACWYX,routine,with:default",MenACWYX,total,routine,MRT,Mauritania,2049,0,0,<NA>,<NA>,0.1900000000000000022204,both,0.2000000000000000111
mena-campaign-routine-default,"MenA:MenACWYX,routine,with:default",MenACWYX,total,routine,MRT,Mauritania,2050,0,0,<NA>,<NA>,0.1900000000000000022204,both,0.2000000000000000111
mena-campaign-routine-default,"MenA:MenACWYX,routine,with:default",MenACWYX,total,routine,MRT,Mauritania,2051,0,0,<NA>,<NA>,0.1900000000000000022204,both,0.2000000000000000111
mena-campaign-routine-default,"MenA:MenACWYX,routine,with:default",MenACWYX,total,routine,MRT,Mauritania,2052,0,0,<NA>,<NA>,0.1900000000000000022204,both,0.2000000000000000111
mena-campaign-routine-default,"MenA:MenACWYX,routine,with:default",MenACWYX,total,routine,MRT,Mauritania,2053,0,0,<NA>,<NA>,0.1900000000000000022204,both,0.2000000000000000111
mena-campaign-routine-default,"MenA:MenACWYX,routine,with:default",MenACWYX,total,routine,MRT,Mauritania,2054,0,0,<NA>,<NA>,0.1900000000000000022204,both,0.2000000000000000111
mena-campaign-routine-default,"MenA:MenACWYX,routine,with:default",MenACWYX,total,routine,MRT,Mauritania,2055,0,0,<NA>,<NA>,0.1900000000000000022204,both,0.2000000000000000111
mena-campaign-routine-default,"MenA:MenACWYX,routine,with:default",MenACWYX,total,routine,MRT,Mauritania,2056,0,0,<NA>,<NA>,0.1900000000000000022204,both,0.2000000000000000111
mena-campaign-routine-default,"MenA:MenACWYX,routine,with:default",MenACWYX,total,routine,MRT,Mauritania,2057,0,0,<NA>,<NA>,0.1900000000000000022204,both,0.2000000000000000111
mena-campaign-routine-default,"MenA:MenACWYX,routine,with:default",MenACWYX,total,routine,MRT,Mauritania,2058,0,0,<NA>,<NA>,0.1900000000000000022204,both,0.2000000000000000111
mena-campaign-routine-default,"MenA:MenACWYX,routine,with:default",MenACWYX,total,routine,MRT,Mauritania,2059,0,0,<NA>,<NA>,0.1900000000000000022204,both,0.2000000000000000111
mena-campaign-routine-default,"MenA:MenACWYX,routine,with:default",MenACWYX,total,routine,MRT,Mauritania,2060,0,0,<NA>,<NA>,0.1900000000000000022204,both,0.2000000000000000111
mena-campaign-routine-default,"MenA:MenACWYX,routine,with:default",MenACWYX,total,routine,MRT,Mauritania,2061,0,0,<NA>,<NA>,0.1900000000000000022204,both,0.2000000000000000111
mena-campaign-routine-default,"MenA:MenACWYX,routine,with:default",MenACWYX,total,routine,MRT,Mauritania,2062,0,0,<NA>,<NA>,0.1900000000000000022204,both,0.2000000000000000111
mena-campaign-routine-default,"MenA:MenACWYX,routine,with:default",MenACWYX,total,routine,MRT,Mauritania,2063,0,0,<NA>,<NA>,0.1900000000000000022204,both,0.2000000000000000111
mena-campaign-routine-default,"MenA:MenACWYX,routine,with:default",MenACWYX,total,routine,MRT,Mauritania,2064,0,0,<NA>,<NA>,0.1900000000000000022204,both,0.2000000000000000111
mena-campaign-routine-default,"MenA:MenACWYX,routine,with:default",MenACWYX,total,routine,MRT,Mauritania,2065,0,0,<NA>,<NA>,0.1900000000000000022204,both,0.2000000000000000111
mena-campaign-routine-default,"MenA:MenACWYX,routine,with:default",MenACWYX,total,routine,MRT,Mauritania,2066,0,0,<NA>,<NA>,0.1900000000000000022204,both,0.2000000000000000111
mena-campaign-routine-default,"MenA:MenACWYX,routine,with:default",MenACWYX,total,routine,MRT,Mauritania,2067,0,0,<NA>,<NA>,0.1900000000000000022204,both,0.2000000000000000111
mena-campaign-routine-default,"MenA:MenACWYX,routine,with:default",MenACWYX,total,routine,MRT,Mauritania,2068,0,0,<NA>,<NA>,0.1900000000000000022204,both,0.2000000000000000111
mena-campaign-routine-default,"MenA:MenACWYX,routine,with:default",MenACWYX,total,routine,MRT,Mauritania,2069,0,0,<NA>,<NA>,0.1900000000000000022204,both,0.2000000000000000111
mena-campaign-routine-default,"MenA:MenACWYX,routine,with:default",MenACWYX,total,routine,MRT,Mauritania,2070,0,0,<NA>,<NA>,0.1900000000000000022204,both,0.2000000000000000111
mena-campaign-routine-default,"MenA:MenACWYX,routine,with:default",MenACWYX,total,routine,MRT,Mauritania,2071,0,0,<NA>,<NA>,0.1900000000000000022204,both,0.2000000000000000111
mena-campaign-routine-default,"MenA:MenACWYX,routine,with:default",MenACWYX,total,routine,MRT,Mauritania,2072,0,0,<NA>,<NA>,0.1900000000000000022204,both,0.2000000000000000111
mena-campaign-routine-default,"MenA:MenACWYX,routine,with:default",MenACWYX,total,routine,MRT,Mauritania,2073,0,0,<NA>,<NA>,0.1900000000000000022204,both,0.2000000000000000111
mena-campaign-routine-default,"MenA:MenACWYX,routine,with:default",MenACWYX,total,routine,MRT,Mauritania,2074,0,0,<NA>,<NA>,0.1900000000000000022204,both,0.2000000000000000111
mena-campaign-routine-default,"MenA:MenACWYX,routine,with:default",MenACWYX,total,routine,MRT,Mauritania,2075,0,0,<NA>,<NA>,0.1900000000000000022204,both,0.2000000000000000111
mena-campaign-routine-default,"MenA:MenACWYX,routine,with:default",MenACWYX,total,routine,MRT,Mauritania,2076,0,0,<NA>,<NA>,0.1900000000000000022204,both,0.2000000000000000111
mena-campaign-routine-default,"MenA:MenACWYX,routine,with:default",MenACWYX,total,routine,MRT,Mauritania,2077,0,0,<NA>,<NA>,0.1900000000000000022204,both,0.2000000000000000111
mena-campaign-routine-default,"MenA:MenACWYX,routine,with:default",MenACWYX,total,routine,MRT,Mauritania,2078,0,0,<NA>,<NA>,0.1900000000000000022204,both,0.2000000000000000111
mena-campaign-routine-default,"MenA:MenACWYX,routine,with:default",MenACWYX,total,routine,MRT,Mauritania,2079,0,0,<NA>,<NA>,0.1900000000000000022204,both,0.2000000000000000111
mena-campaign-routine-default,"MenA:MenACWYX,routine,with:default",MenACWYX,total,routine,MRT,Mauritania,2080,0,0,<NA>,<NA>,0.1900000000000000022204,both,0.2000000000000000111
mena-campaign-routine-default,"MenA:MenACWYX,routine,with:default",MenACWYX,total,routine,MRT,Mauritania,2081,0,0,<NA>,<NA>,0.1900000000000000022204,both,0.2000000000000000111
mena-campaign-routine-default,"MenA:MenACWYX,routine,with:default",MenACWYX,total,routine,MRT,Mauritania,2082,0,0,<NA>,<NA>,0.1900000000000000022204,both,0.2000000000000000111
mena-campaign-routine-default,"MenA:MenACWYX,routine,with:default",MenACWYX,total,routine,MRT,Mauritania,2083,0,0,<NA>,<NA>,0.1900000000000000022204,both,0.2000000000000000111
mena-campaign-routine-default,"MenA:MenACWYX,routine,with:default",MenACWYX,total,routine,MRT,Mauritania,2084,0,0,<NA>,<NA>,0.1900000000000000022204,both,0.2000000000000000111
mena-campaign-routine-default,"MenA:MenACWYX,routine,with:default",MenACWYX,total,routine,MRT,Mauritania,2085,0,0,<NA>,<NA>,0.1900000000000000022204,both,0.2000000000000000111
mena-campaign-routine-default,"MenA:MenACWYX,routine,with:default",MenACWYX,total,routine,MRT,Mauritania,2086,0,0,<NA>,<NA>,0.1900000000000000022204,both,0.2000000000000000111
mena-campaign-routine-default,"MenA:MenACWYX,routine,with:default",MenACWYX,total,routine,MRT,Mauritania,2087,0,0,<NA>,<NA>,0.1900000000000000022204,both,0.2000000000000000111
mena-campaign-routine-default,"MenA:MenACWYX,routine,with:default",MenACWYX,total,routine,MRT,Mauritania,2088,0,0,<NA>,<NA>,0.1900000000000000022204,both,0.2000000000000000111
mena-campaign-routine-default,"MenA:MenACWYX,routine,with:default",MenACWYX,total,routine,MRT,Mauritania,2089,0,0,<NA>,<NA>,0.1900000000000000022204,both,0.2000000000000000111
mena-campaign-routine-default,"MenA:MenACWYX,routine,with:default",MenACWYX,total,routine,MRT,Mauritania,2090,0,0,<NA>,<NA>,0.1900000000000000022204,both,0.2000000000000000111
mena-campaign-routine-default,"MenA:MenACWYX,routine,with:default",MenACWYX,total,routine,MRT,Mauritania,2091,0,0,<NA>,<NA>,0.1900000000000000022204,both,0.2000000000000000111
mena-campaign-routine-default,"MenA:MenACWYX,routine,with:default",MenACWYX,total,routine,MRT,Mauritania,2092,0,0,<NA>,<NA>,0.1900000000000000022204,both,0.2000000000000000111
mena-campaign-routine-default,"MenA:MenACWYX,routine,with:default",MenACWYX,total,routine,MRT,Mauritania,2093,0,0,<NA>,<NA>,0.1900000000000000022204,both,0.2000000000000000111
mena-campaign-routine-default,"MenA:MenACWYX,routine,with:default",MenACWYX,total,routine,MRT,Mauritania,2094,0,0,<NA>,<NA>,0.1900000000000000022204,both,0.2000000000000000111
mena-campaign-routine-default,"MenA:MenACWYX,routine,with:default",MenACWYX,total,routine,MRT,Mauritania,2095,0,0,<NA>,<NA>,0.1900000000000000022204,both,0.2000000000000000111
mena-campaign-routine-default,"MenA:MenACWYX,routine,with:default",MenACWYX,total,routine,MRT,Mauritania,2096,0,0,<NA>,<NA>,0.1900000000000000022204,both,0.2000000000000000111
mena-campaign-routine-default,"MenA:MenACWYX,routine,with:default",MenACWYX,total,routine,MRT,Mauritania,2097,0,0,<NA>,<NA>,0.1900000000000000022204,both,0.2000000000000000111
mena-campaign-routine-default,"MenA:MenACWYX,routine,with:default",MenACWYX,total,routine,MRT,Mauritania,2098,0,0,<NA>,<NA>,0.1900000000000000022204,both,0.2000000000000000111
mena-campaign-routine-default,"MenA:MenACWYX,routine,with:default",MenACWYX,total,routine,MRT,Mauritania,2099,0,0,<NA>,<NA>,0.1900000000000000022204,both,0.2000000000000000111
mena-campaign-routine-default,"MenA:MenACWYX,routine,with:default",MenACWYX,total,routine,MRT,Mauritania,2100,0,0,<NA>,<NA>,0.1900000000000000022204,both,0.2000000000000000111
mena-campaign-routine-default,"MenA:MenACWYX,routine,with:default",MenACWYX,total,routine,NER,Niger,2027,0,0,<NA>,<NA>,0.9651999999999999468869,both,1
mena-campaign-routine-default,"MenA:MenACWYX,routine,with:default",MenACWYX,total,routine,NER,Niger,2028,0,0,<NA>,<NA>,0.9651999999999999468869,both,1
mena-campaign-routine-default,"MenA:MenACWYX,routine,with:default",MenACWYX,total,routine,NER,Niger,2029,0,0,<NA>,<NA>,0.9651999999999999468869,both,1
mena-campaign-routine-default,"MenA:MenACWYX,routine,with:default",MenACWYX,total,routine,NER,Niger,2030,0,0,<NA>,<NA>,0.9651999999999999468869,both,1
mena-campaign-routine-default,"MenA:MenACWYX,routine,with:default",MenACWYX,total,routine,NER,Niger,2031,0,0,<NA>,<NA>,0.9673999999999999266365,both,1
mena-campaign-routine-default,"MenA:MenACWYX,routine,with:default",MenACWYX,total,routine,NER,Niger,2032,0,0,<NA>,<NA>,0.9673999999999999266365,both,1
mena-campaign-routine-default,"MenA:MenACWYX,routine,with:default",MenACWYX,total,routine,NER,Niger,2033,0,0,<NA>,<NA>,0.9673999999999999266365,both,1
mena-campaign-routine-default,"MenA:MenACWYX,routine,with:default",MenACWYX,total,routine,NER,Niger,2034,0,0,<NA>,<NA>,0.9673999999999999266365,both,1
mena-campaign-routine-default,"MenA:MenACWYX,routine,with:default",MenACWYX,total,routine,NER,Niger,2035,0,0,<NA>,<NA>,0.9673999999999999266365,both,1
mena-campaign-routine-default,"MenA:MenACWYX,routine,with:default",MenACWYX,total,routine,NER,Niger,2036,0,0,<NA>,<NA>,0.9673999999999999266365,both,1
mena-campaign-routine-default,"MenA:MenACWYX,routine,with:default",MenACWYX,total,routine,NER,Niger,2037,0,0,<NA>,<NA>,0.9673999999999999266365,both,1
mena-campaign-routine-default,"MenA:MenACWYX,routine,with:default",MenACWYX,total,routine,NER,Niger,2038,0,0,<NA>,<NA>,0.9673999999999999266365,both,1
mena-campaign-routine-default,"MenA:MenACWYX,routine,with:default",MenACWYX,total,routine,NER,Niger,2039,0,0,<NA>,<NA>,0.9673999999999999266365,both,1
mena-campaign-routine-default,"MenA:MenACWYX,routine,with:default",MenACWYX,total,routine,NER,Niger,2040,0,0,<NA>,<NA>,0.9673999999999999266365,both,1
mena-campaign-routine-default,"MenA:MenACWYX,routine,with:default",MenACWYX,total,routine,NER,Niger,2041,0,0,<NA>,<NA>,0.9673999999999999266365,both,1
mena-campaign-routine-default,"MenA:MenACWYX,routine,with:default",MenACWYX,total,routine,NER,Niger,2042,0,0,<NA>,<NA>,0.9673999999999999266365,both,1
mena-campaign-routine-default,"MenA:MenACWYX,routine,with:default",MenACWYX,total,routine,NER,Niger,2043,0,0,<NA>,<NA>,0.9673999999999999266365,both,1
mena-campaign-routine-default,"MenA:MenACWYX,routine,with:default",MenACWYX,total,routine,NER,Niger,2044,0,0,<NA>,<NA>,0.9673999999999999266365,both,1
mena-campaign-routine-default,"MenA:MenACWYX,routine,with:default",MenACWYX,total,routine,NER,Niger,2045,0,0,<NA>,<NA>,0.9673999999999999266365,both,1
mena-campaign-routine-default,"MenA:MenACWYX,routine,with:default",MenACWYX,total,routine,NER,Niger,2046,0,0,<NA>,<NA>,0.9673999999999999266365,both,1
mena-campaign-routine-default,"MenA:MenACWYX,routine,with:default",MenACWYX,total,routine,NER,Niger,2047,0,0,<NA>,<NA>,0.9673999999999999266365,both,1
mena-campaign-routine-default,"MenA:MenACWYX,routine,with:default",MenACWYX,total,routine,NER,Niger,2048,0,0,<NA>,<NA>,0.9673999999999999266365,both,1
mena-campaign-routine-default,"MenA:MenACWYX,routine,with:default",MenACWYX,total,routine,NER,Niger,2049,0,0,<NA>,<NA>,0.9673999999999999266365,both,1
mena-campaign-routine-default,"MenA:MenACWYX,routine,with:default",MenACWYX,total,routine,NER,Niger,2050,0,0,<NA>,<NA>,0.9673999999999999266365,both,1
mena-campaign-routine-default,"MenA:MenACWYX,routine,with:default",MenACWYX,total,routine,NER,Niger,2051,0,0,<NA>,<NA>,0.9673999999999999266365,both,1
mena-campaign-routine-default,"MenA:MenACWYX,routine,with:default",MenACWYX,total,routine,NER,Niger,2052,0,0,<NA>,<NA>,0.9673999999999999266365,both,1
mena-campaign-routine-default,"MenA:MenACWYX,routine,with:default",MenACWYX,total,routine,NER,Niger,2053,0,0,<NA>,<NA>,0.9673999999999999266365,both,1
mena-campaign-routine-default,"MenA:MenACWYX,routine,with:default",MenACWYX,total,routine,NER,Niger,2054,0,0,<NA>,<NA>,0.9673999999999999266365,both,1
mena-campaign-routine-default,"MenA:MenACWYX,routine,with:default",MenACWYX,total,routine,NER,Niger,2055,0,0,<NA>,<NA>,0.9673999999999999266365,both,1
mena-campaign-routine-default,"MenA:MenACWYX,routine,with:default",MenACWYX,total,routine,NER,Niger,2056,0,0,<NA>,<NA>,0.9673999999999999266365,both,1
mena-campaign-routine-default,"MenA:MenACWYX,routine,with:default",MenACWYX,total,routine,NER,Niger,2057,0,0,<NA>,<NA>,0.9673999999999999266365,both,1
mena-campaign-routine-default,"MenA:MenACWYX,routine,with:default",MenACWYX,total,routine,NER,Niger,2058,0,0,<NA>,<NA>,0.9673999999999999266365,both,1
mena-campaign-routine-default,"MenA:MenACWYX,routine,with:default",MenACWYX,total,routine,NER,Niger,2059,0,0,<NA>,<NA>,0.9673999999999999266365,both,1
mena-campaign-routine-default,"MenA:MenACWYX,routine,with:default",MenACWYX,total,routine,NER,Niger,2060,0,0,<NA>,<NA>,0.9673999999999999266365,both,1
mena-campaign-routine-default,"MenA:MenACWYX,routine,with:default",MenACWYX,total,routine,NER,Niger,2061,0,0,<NA>,<NA>,0.9673999999999999266365,both,1
mena-campaign-routine-default,"MenA:MenACWYX,routine,with:default",MenACWYX,total,routine,NER,Niger,2062,0,0,<NA>,<NA>,0.9673999999999999266365,both,1
mena-campaign-routine-default,"MenA:MenACWYX,routine,with:default",MenACWYX,total,routine,NER,Niger,2063,0,0,<NA>,<NA>,0.9673999999999999266365,both,1
mena-campaign-routine-default,"MenA:MenACWYX,routine,with:default",MenACWYX,total,routine,NER,Niger,2064,0,0,<NA>,<NA>,0.9673999999999999266365,both,1
mena-campaign-routine-default,"MenA:MenACWYX,routine,with:default",MenACWYX,total,routine,NER,Niger,2065,0,0,<NA>,<NA>,0.9673999999999999266365,both,1
mena-campaign-routine-default,"MenA:MenACWYX,routine,with:default",MenACWYX,total,routine,NER,Niger,2066,0,0,<NA>,<NA>,0.9673999999999999266365,both,1
mena-campaign-routine-default,"MenA:MenACWYX,routine,with:default",MenACWYX,total,routine,NER,Niger,2067,0,0,<NA>,<NA>,0.9673999999999999266365,both,1
mena-campaign-routine-default,"MenA:MenACWYX,routine,with:default",MenACWYX,total,routine,NER,Niger,2068,0,0,<NA>,<NA>,0.9673999999999999266365,both,1
mena-campaign-routine-default,"MenA:MenACWYX,routine,with:default",MenACWYX,total,routine,NER,Niger,2069,0,0,<NA>,<NA>,0.9673999999999999266365,both,1
mena-campaign-routine-default,"MenA:MenACWYX,routine,with:default",MenACWYX,total,routine,NER,Niger,2070,0,0,<NA>,<NA>,0.9673999999999999266365,both,1
mena-campaign-routine-default,"MenA:MenACWYX,routine,with:default",MenACWYX,total,routine,NER,Niger,2071,0,0,<NA>,<NA>,0.9673999999999999266365,both,1
mena-campaign-routine-default,"MenA:MenACWYX,routine,with:default",MenACWYX,total,routine,NER,Niger,2072,0,0,<NA>,<NA>,0.9673999999999999266365,both,1
mena-campaign-routine-default,"MenA:MenACWYX,routine,with:default",MenACWYX,total,routine,NER,Niger,2073,0,0,<NA>,<NA>,0.9673999999999999266365,both,1
mena-campaign-routine-default,"MenA:MenACWYX,routine,with:default",MenACWYX,total,routine,NER,Niger,2074,0,0,<NA>,<NA>,0.9673999999999999266365,both,1
mena-campaign-routine-default,"MenA:MenACWYX,routine,with:default",MenACWYX,total,routine,NER,Niger,2075,0,0,<NA>,<NA>,0.9673999999999999266365,both,1
mena-campaign-routine-default,"MenA:MenACWYX,routine,with:default",MenACWYX,total,routine,NER,Niger,2076,0,0,<NA>,<NA>,0.9673999999999999266365,both,1
mena-campaign-routine-default,"MenA:MenACWYX,routine,with:default",MenACWYX,total,routine,NER,Niger,2077,0,0,<NA>,<NA>,0.9673999999999999266365,both,1
mena-campaign-routine-default,"MenA:MenACWYX,routine,with:default",MenACWYX,total,routine,NER,Niger,2078,0,0,<NA>,<NA>,0.9673999999999999266365,both,1
mena-campaign-routine-default,"MenA:MenACWYX,routine,with:default",MenACWYX,total,routine,NER,Niger,2079,0,0,<NA>,<NA>,0.9673999999999999266365,both,1
mena-campaign-routine-default,"MenA:MenACWYX,routine,with:default",MenACWYX,total,routine,NER,Niger,2080,0,0,<NA>,<NA>,0.9673999999999999266365,both,1
mena-campaign-routine-default,"MenA:MenACWYX,routine,with:default",MenACWYX,total,routine,NER,Niger,2081,0,0,<NA>,<NA>,0.9673999999999999266365,both,1
mena-campaign-routine-default,"MenA:MenACWYX,routine,with:default",MenACWYX,total,routine,NER,Niger,2082,0,0,<NA>,<NA>,0.9673999999999999266365,both,1
mena-campaign-routine-default,"MenA:MenACWYX,routine,with:default",MenACWYX,total,routine,NER,Niger,2083,0,0,<NA>,<NA>,0.9673999999999999266365,both,1
mena-campaign-routine-default,"MenA:MenACWYX,routine,with:default",MenACWYX,total,routine,NER,Niger,2084,0,0,<NA>,<NA>,0.9673999999999999266365,both,1
mena-campaign-routine-default,"MenA:MenACWYX,routine,with:default",MenACWYX,total,routine,NER,Niger,2085,0,0,<NA>,<NA>,0.9673999999999999266365,both,1
mena-campaign-routine-default,"MenA:MenACWYX,routine,with:default",MenACWYX,total,routine,NER,Niger,2086,0,0,<NA>,<NA>,0.9673999999999999266365,both,1
mena-campaign-routine-default,"MenA:MenACWYX,routine,with:default",MenACWYX,total,routine,NER,Niger,2087,0,0,<NA>,<NA>,0.9673999999999999266365,both,1
mena-campaign-routine-default,"MenA:MenACWYX,routine,with:default",MenACWYX,total,routine,NER,Niger,2088,0,0,<NA>,<NA>,0.9673999999999999266365,both,1
mena-campaign-routine-default,"MenA:MenACWYX,routine,with:default",MenACWYX,total,routine,NER,Niger,2089,0,0,<NA>,<NA>,0.9673999999999999266365,both,1
mena-campaign-routine-default,"MenA:MenACWYX,routine,with:default",MenACWYX,total,routine,NER,Niger,2090,0,0,<NA>,<NA>,0.9673999999999999266365,both,1
mena-campaign-routine-default,"MenA:MenACWYX,routine,with:default",MenACWYX,total,routine,NER,Niger,2091,0,0,<NA>,<NA>,0.9673999999999999266365,both,1
mena-campaign-routine-default,"MenA:MenACWYX,routine,with:default",MenACWYX,total,routine,NER,Niger,2092,0,0,<NA>,<NA>,0.9673999999999999266365,both,1
mena-campaign-routine-default,"MenA:MenACWYX,routine,with:default",MenACWYX,total,routine,NER,Niger,2093,0,0,<NA>,<NA>,0.9673999999999999266365,both,1
mena-campaign-routine-default,"MenA:MenACWYX,routine,with:default",MenACWYX,total,routine,NER,Niger,2094,0,0,<NA>,<NA>,0.9673999999999999266365,both,1
mena-campaign-routine-default,"MenA:MenACWYX,routine,with:default",MenACWYX,total,routine,NER,Niger,2095,0,0,<NA>,<NA>,0.9673999999999999266365,both,1
mena-campaign-routine-default,"MenA:MenACWYX,routine,with:default",MenACWYX,total,routine,NER,Niger,2096,0,0,<NA>,<NA>,0.9673999999999999266365,both,1
mena-campaign-routine-default,"MenA:MenACWYX,routine,with:default",MenACWYX,total,routine,NER,Niger,2097,0,0,<NA>,<NA>,0.9673999999999999266365,both,1
mena-campaign-routine-default,"MenA:MenACWYX,routine,with:default",MenACWYX,total,routine,NER,Niger,2098,0,0,<NA>,<NA>,0.9673999999999999266365,both,1
mena-campaign-routine-default,"MenA:MenACWYX,routine,with:default",MenACWYX,total,routine,NER,Niger,2099,0,0,<NA>,<NA>,0.9673999999999999266365,both,1
mena-campaign-routine-default,"MenA:MenACWYX,routine,with:default",MenACWYX,total,routine,NER,Niger,2100,0,0,<NA>,<NA>,0.9673999999999999266365,both,1
mena-campaign-routine-default,"MenA:MenACWYX,routine,with:default",MenACWYX,total,routine,NGA,Nigeria,2027,0,0,<NA>,<NA>,0.6999896350498417962882,both,0.6999999999999999556
mena-campaign-routine-default,"MenA:MenACWYX,routine,with:default",MenACWYX,total,routine,NGA,Nigeria,2028,0,0,<NA>,<NA>,0.6997183803365558674159,both,0.6999999999999999556
mena-campaign-routine-default,"MenA:MenACWYX,routine,with:default",MenACWYX,total,routine,NGA,Nigeria,2029,0,0,<NA>,<NA>,0.6923482859416965062849,both,0.6999999999999999556
mena-campaign-routine-default,"MenA:MenACWYX,routine,with:default",MenACWYX,total,routine,NGA,Nigeria,2030,0,0,<NA>,<NA>,0.49209999999999992637,both,0.6999999999999999556
mena-campaign-routine-default,"MenA:MenACWYX,routine,with:default",MenACWYX,total,routine,NGA,Nigeria,2031,0,0,<NA>,<NA>,0.4990999999999999325873,both,0.6999999999999999556
mena-campaign-routine-default,"MenA:MenACWYX,routine,with:default",MenACWYX,total,routine,NGA,Nigeria,2032,0,0,<NA>,<NA>,0.5060999999999999943157,both,0.6999999999999999556
mena-campaign-routine-default,"MenA:MenACWYX,routine,with:default",MenACWYX,total,routine,NGA,Nigeria,2033,0,0,<NA>,<NA>,0.5131000000000000005329,both,0.6999999999999999556
mena-campaign-routine-default,"MenA:MenACWYX,routine,with:default",MenACWYX,total,routine,NGA,Nigeria,2034,0,0,<NA>,<NA>,0.5201000000000000067502,both,0.6999999999999999556
mena-campaign-routine-default,"MenA:MenACWYX,routine,with:default",MenACWYX,total,routine,NGA,Nigeria,2035,0,0,<NA>,<NA>,0.5271000000000000129674,both,0.6999999999999999556
mena-campaign-routine-default,"MenA:MenACWYX,routine,with:default",MenACWYX,total,routine,NGA,Nigeria,2036,0,0,<NA>,<NA>,0.5340999999999999081624,both,0.6999999999999999556
mena-campaign-routine-default,"MenA:MenACWYX,routine,with:default",MenACWYX,total,routine,NGA,Nigeria,2037,0,0,<NA>,<NA>,0.5410999999999999143796,both,0.6999999999999999556
mena-campaign-routine-default,"MenA:MenACWYX,routine,with:default",MenACWYX,total,routine,NGA,Nigeria,2038,0,0,<NA>,<NA>,0.5480999999999999205968,both,0.6999999999999999556
mena-campaign-routine-default,"MenA:MenACWYX,routine,with:default",MenACWYX,total,routine,NGA,Nigeria,2039,0,0,<NA>,<NA>,0.5550999999999999268141,both,0.6999999999999999556
mena-campaign-routine-default,"MenA:MenACWYX,routine,with:default",MenACWYX,total,routine,NGA,Nigeria,2040,0,0,<NA>,<NA>,0.5620999999999999330313,both,0.6999999999999999556
mena-campaign-routine-default,"MenA:MenACWYX,routine,with:default",MenACWYX,total,routine,NGA,Nigeria,2041,0,0,<NA>,<NA>,0.5690999999999999392486,both,0.6999999999999999556
mena-campaign-routine-default,"MenA:MenACWYX,routine,with:default",MenACWYX,total,routine,NGA,Nigeria,2042,0,0,<NA>,<NA>,0.5760999999999999454658,both,0.6999999999999999556
mena-campaign-routine-default,"MenA:MenACWYX,routine,with:default",MenACWYX,total,routine,NGA,Nigeria,2043,0,0,<NA>,<NA>,0.5830999999999999516831,both,0.6999999999999999556
mena-campaign-routine-default,"MenA:MenACWYX,routine,with:default",MenACWYX,total,routine,NGA,Nigeria,2044,0,0,<NA>,<NA>,0.5900999999999999579003,both,0.6999999999999999556
mena-campaign-routine-default,"MenA:MenACWYX,routine,with:default",MenACWYX,total,routine,NGA,Nigeria,2045,0,0,<NA>,<NA>,0.5970999999999999641176,both,0.6999999999999999556
mena-campaign-routine-default,"MenA:MenACWYX,routine,with:default",MenACWYX,total,routine,NGA,Nigeria,2046,0,0,<NA>,<NA>,0.6040999999999999703348,both,0.6999999999999999556
mena-campaign-routine-default,"MenA:MenACWYX,routine,with:default",MenACWYX,total,routine,NGA,Nigeria,2047,0,0,<NA>,<NA>,0.6110999999999999765521,both,0.6999999999999999556
mena-campaign-routine-default,"MenA:MenACWYX,routine,with:default",MenACWYX,total,routine,NGA,Nigeria,2048,0,0,<NA>,<NA>,0.6180999999999999827693,both,0.6999999999999999556
mena-campaign-routine-default,"MenA:MenACWYX,routine,with:default",MenACWYX,total,routine,NGA,Nigeria,2049,0,0,<NA>,<NA>,0.6250999999999999889866,both,0.6999999999999999556
mena-campaign-routine-default,"MenA:MenACWYX,routine,with:default",MenACWYX,total,routine,NGA,Nigeria,2050,0,0,<NA>,<NA>,0.6320999999999999952038,both,0.6999999999999999556
mena-campaign-routine-default,"MenA:MenACWYX,routine,with:default",MenACWYX,total,routine,NGA,Nigeria,2051,0,0,<NA>,<NA>,0.6390999999999998903988,both,0.6999999999999999556
mena-campaign-routine-default,"MenA:MenACWYX,routine,with:default",MenACWYX,total,routine,NGA,Nigeria,2052,0,0,<NA>,<NA>,0.646099999999999896616,both,0.6999999999999999556
mena-campaign-routine-default,"MenA:MenACWYX,routine,with:default",MenACWYX,total,routine,NGA,Nigeria,2053,0,0,<NA>,<NA>,0.6530999999999999028333,both,0.6999999999999999556
mena-campaign-routine-default,"MenA:MenACWYX,routine,with:default",MenACWYX,total,routine,NGA,Nigeria,2054,0,0,<NA>,<NA>,0.6600999999999999090505,both,0.6999999999999999556
mena-campaign-routine-default,"MenA:MenACWYX,routine,with:default",MenACWYX,total,routine,NGA,Nigeria,2055,0,0,<NA>,<NA>,0.6670999999999999152678,both,0.6999999999999999556
mena-campaign-routine-default,"MenA:MenACWYX,routine,with:default",MenACWYX,total,routine,NGA,Nigeria,2056,0,0,<NA>,<NA>,0.674099999999999921485,both,0.6999999999999999556
mena-campaign-routine-default,"MenA:MenACWYX,routine,with:default",MenACWYX,total,routine,NGA,Nigeria,2057,0,0,<NA>,<NA>,0.6810999999999999277023,both,0.6999999999999999556
mena-campaign-routine-default,"MenA:MenACWYX,routine,with:default",MenACWYX,total,routine,NGA,Nigeria,2058,0,0,<NA>,<NA>,0.6880999999999999339195,both,0.6999999999999999556
mena-campaign-routine-default,"MenA:MenACWYX,routine,with:default",MenACWYX,total,routine,NGA,Nigeria,2059,0,0,<NA>,<NA>,0.6950999999999998291145,both,0.6999999999999999556
mena-campaign-routine-default,"MenA:MenACWYX,routine,with:default",MenACWYX,total,routine,NGA,Nigeria,2060,0,0,<NA>,<NA>,0.6999999999992999599741,both,0.6999999999999999556
mena-campaign-routine-default,"MenA:MenACWYX,routine,with:default",MenACWYX,total,routine,NGA,Nigeria,2061,0,0,<NA>,<NA>,0.6999999999992999599741,both,0.6999999999999999556
mena-campaign-routine-default,"MenA:MenACWYX,routine,with:default",MenACWYX,total,routine,NGA,Nigeria,2062,0,0,<NA>,<NA>,0.6999999999992999599741,both,0.6999999999999999556
mena-campaign-routine-default,"MenA:MenACWYX,routine,with:default",MenACWYX,total,routine,NGA,Nigeria,2063,0,0,<NA>,<NA>,0.6999999999992999599741,both,0.6999999999999999556
mena-campaign-routine-default,"MenA:MenACWYX,routine,with:default",MenACWYX,total,routine,NGA,Nigeria,2064,0,0,<NA>,<NA>,0.6999999999992999599741,both,0.6999999999999999556
mena-campaign-routine-default,"MenA:MenACWYX,routine,with:default",MenACWYX,total,routine,NGA,Nigeria,2065,0,0,<NA>,<NA>,0.6999999999992999599741,both,0.6999999999999999556
mena-campaign-routine-default,"MenA:MenACWYX,routine,with:default",MenACWYX,total,routine,NGA,Nigeria,2066,0,0,<NA>,<NA>,0.6999999999992999599741,both,0.6999999999999999556
mena-campaign-routine-default,"MenA:MenACWYX,routine,with:default",MenACWYX,total,routine,NGA,Nigeria,2067,0,0,<NA>,<NA>,0.6999999999992999599741,both,0.6999999999999999556
mena-campaign-routine-default,"MenA:MenACWYX,routine,with:default",MenACWYX,total,routine,NGA,Nigeria,2068,0,0,<NA>,<NA>,0.6999999999992999599741,both,0.6999999999999999556
mena-campaign-routine-default,"MenA:MenACWYX,routine,with:default",MenACWYX,total,routine,NGA,Nigeria,2069,0,0,<NA>,<NA>,0.6999999999992999599741,both,0.6999999999999999556
mena-campaign-routine-default,"MenA:MenACWYX,routine,with:default",MenACWYX,total,routine,NGA,Nigeria,2070,0,0,<NA>,<NA>,0.6999999999992999599741,both,0.6999999999999999556
mena-campaign-routine-default,"MenA:MenACWYX,routine,with:default",MenACWYX,total,routine,NGA,Nigeria,2071,0,0,<NA>,<NA>,0.6999999999992999599741,both,0.6999999999999999556
mena-campaign-routine-default,"MenA:MenACWYX,routine,with:default",MenACWYX,total,routine,NGA,Nigeria,2072,0,0,<NA>,<NA>,0.6999999999992999599741,both,0.6999999999999999556
mena-campaign-routine-default,"MenA:MenACWYX,routine,with:default",MenACWYX,total,routine,NGA,Nigeria,2073,0,0,<NA>,<NA>,0.6999999999992999599741,both,0.6999999999999999556
mena-campaign-routine-default,"MenA:MenACWYX,routine,with:default",MenACWYX,total,routine,NGA,Nigeria,2074,0,0,<NA>,<NA>,0.6999999999992999599741,both,0.6999999999999999556
mena-campaign-routine-default,"MenA:MenACWYX,routine,with:default",MenACWYX,total,routine,NGA,Nigeria,2075,0,0,<NA>,<NA>,0.6999999999992999599741,both,0.6999999999999999556
mena-campaign-routine-default,"MenA:MenACWYX,routine,with:default",MenACWYX,total,routine,NGA,Nigeria,2076,0,0,<NA>,<NA>,0.6999999999992999599741,both,0.6999999999999999556
mena-campaign-routine-default,"MenA:MenACWYX,routine,with:default",MenACWYX,total,routine,NGA,Nigeria,2077,0,0,<NA>,<NA>,0.6999999999992999599741,both,0.6999999999999999556
mena-campaign-routine-default,"MenA:MenACWYX,routine,with:default",MenACWYX,total,routine,NGA,Nigeria,2078,0,0,<NA>,<NA>,0.6999999999992999599741,both,0.6999999999999999556
mena-campaign-routine-default,"MenA:MenACWYX,routine,with:default",MenACWYX,total,routine,NGA,Nigeria,2079,0,0,<NA>,<NA>,0.6999999999992999599741,both,0.6999999999999999556
mena-campaign-routine-default,"MenA:MenACWYX,routine,with:default",MenACWYX,total,routine,NGA,Nigeria,2080,0,0,<NA>,<NA>,0.6999999999992999599741,both,0.6999999999999999556
mena-campaign-routine-default,"MenA:MenACWYX,routine,with:default",MenACWYX,total,routine,NGA,Nigeria,2081,0,0,<NA>,<NA>,0.6999999999992999599741,both,0.6999999999999999556
mena-campaign-routine-default,"MenA:MenACWYX,routine,with:default",MenACWYX,total,routine,NGA,Nigeria,2082,0,0,<NA>,<NA>,0.6999999999992999599741,both,0.6999999999999999556
mena-campaign-routine-default,"MenA:MenACWYX,routine,with:default",MenACWYX,total,routine,NGA,Nigeria,2083,0,0,<NA>,<NA>,0.6999999999992999599741,both,0.6999999999999999556
mena-campaign-routine-default,"MenA:MenACWYX,routine,with:default",MenACWYX,total,routine,NGA,Nigeria,2084,0,0,<NA>,<NA>,0.6999999999992999599741,both,0.6999999999999999556
mena-campaign-routine-default,"MenA:MenACWYX,routine,with:default",MenACWYX,total,routine,NGA,Nigeria,2085,0,0,<NA>,<NA>,0.6999999999992999599741,both,0.6999999999999999556
mena-campaign-routine-default,"MenA:MenACWYX,routine,with:default",MenACWYX,total,routine,NGA,Nigeria,2086,0,0,<NA>,<NA>,0.6999999999992999599741,both,0.6999999999999999556
mena-campaign-routine-default,"MenA:MenACWYX,routine,with:default",MenACWYX,total,routine,NGA,Nigeria,2087,0,0,<NA>,<NA>,0.6999999999992999599741,both,0.6999999999999999556
mena-campaign-routine-default,"MenA:MenACWYX,routine,with:default",MenACWYX,total,routine,NGA,Nigeria,2088,0,0,<NA>,<NA>,0.6999999999992999599741,both,0.6999999999999999556
mena-campaign-routine-default,"MenA:MenACWYX,routine,with:default",MenACWYX,total,routine,NGA,Nigeria,2089,0,0,<NA>,<NA>,0.6999999999992999599741,both,0.6999999999999999556
mena-campaign-routine-default,"MenA:MenACWYX,routine,with:default",MenACWYX,total,routine,NGA,Nigeria,2090,0,0,<NA>,<NA>,0.6999999999992999599741,both,0.6999999999999999556
mena-campaign-routine-default,"MenA:MenACWYX,routine,with:default",MenACWYX,total,routine,NGA,Nigeria,2091,0,0,<NA>,<NA>,0.6999999999992999599741,both,0.6999999999999999556
mena-campaign-routine-default,"MenA:MenACWYX,routine,with:default",MenACWYX,total,routine,NGA,Nigeria,2092,0,0,<NA>,<NA>,0.6999999999992999599741,both,0.6999999999999999556
mena-campaign-routine-default,"MenA:MenACWYX,routine,with:default",MenACWYX,total,routine,NGA,Nigeria,2093,0,0,<NA>,<NA>,0.6999999999992999599741,both,0.6999999999999999556
mena-campaign-routine-default,"MenA:MenACWYX,routine,with:default",MenACWYX,total,routine,NGA,Nigeria,2094,0,0,<NA>,<NA>,0.6999999999992999599741,both,0.6999999999999999556
mena-campaign-routine-default,"MenA:MenACWYX,routine,with:default",MenACWYX,total,routine,NGA,Nigeria,2095,0,0,<NA>,<NA>,0.6999999999992999599741,both,0.6999999999999999556
mena-campaign-routine-default,"MenA:MenACWYX,routine,with:default",MenACWYX,total,routine,NGA,Nigeria,2096,0,0,<NA>,<NA>,0.6999999999992999599741,both,0.6999999999999999556
mena-campaign-routine-default,"MenA:MenACWYX,routine,with:default",MenACWYX,total,routine,NGA,Nigeria,2097,0,0,<NA>,<NA>,0.6999999999992999599741,both,0.6999999999999999556
mena-campaign-routine-default,"MenA:MenACWYX,routine,with:default",MenACWYX,total,routine,NGA,Nigeria,2098,0,0,<NA>,<NA>,0.6999999999992999599741,both,0.6999999999999999556
mena-campaign-routine-default,"MenA:MenACWYX,routine,with:default",MenACWYX,total,routine,NGA,Nigeria,2099,0,0,<NA>,<NA>,0.6999999999992999599741,both,0.6999999999999999556
mena-campaign-routine-default,"MenA:MenACWYX,routine,with:default",MenACWYX,total,routine,NGA,Nigeria,2100,0,0,<NA>,<NA>,0.6999999999992999599741,both,0.6999999999999999556
mena-campaign-routine-default,"MenA:MenACWYX,routine,with:default",MenACWYX,total,routine,RWA,Rwanda,2027,0,0,<NA>,<NA>,0.0522666666666666210328,both,0.2000000000000000111
mena-campaign-routine-default,"MenA:MenACWYX,routine,with:default",MenACWYX,total,routine,RWA,Rwanda,2028,0,0,<NA>,<NA>,0.1201120785099524523876,both,0.2000000000000000111
mena-campaign-routine-default,"MenA:MenACWYX,routine,with:default",MenACWYX,total,routine,RWA,Rwanda,2029,0,0,<NA>,<NA>,0.156800000000000022693,both,0.2000000000000000111
mena-campaign-routine-default,"MenA:MenACWYX,routine,with:default",MenACWYX,total,routine,RWA,Rwanda,2030,0,0,<NA>,<NA>,0.191384177700893221008,both,0.2000000000000000111
mena-campaign-routine-default,"MenA:MenACWYX,routine,with:default",MenACWYX,total,routine,RWA,Rwanda,2031,0,0,<NA>,<NA>,0.191384177700893221008,both,0.2000000000000000111
mena-campaign-routine-default,"MenA:MenACWYX,routine,with:default",MenACWYX,total,routine,RWA,Rwanda,2032,0,0,<NA>,<NA>,0.191384177700893221008,both,0.2000000000000000111
mena-campaign-routine-default,"MenA:MenACWYX,routine,with:default",MenACWYX,total,routine,RWA,Rwanda,2033,0,0,<NA>,<NA>,0.191384177700893221008,both,0.2000000000000000111
mena-campaign-routine-default,"MenA:MenACWYX,routine,with:default",MenACWYX,total,routine,RWA,Rwanda,2034,0,0,<NA>,<NA>,0.191384177700893221008,both,0.2000000000000000111
mena-campaign-routine-default,"MenA:MenACWYX,routine,with:default",MenACWYX,total,routine,RWA,Rwanda,2035,0,0,<NA>,<NA>,0.191384177700893221008,both,0.2000000000000000111
mena-campaign-routine-default,"MenA:MenACWYX,routine,with:default",MenACWYX,total,routine,RWA,Rwanda,2036,0,0,<NA>,<NA>,0.191384177700893221008,both,0.2000000000000000111
mena-campaign-routine-default,"MenA:MenACWYX,routine,with:default",MenACWYX,total,routine,RWA,Rwanda,2037,0,0,<NA>,<NA>,0.191384177700893221008,both,0.2000000000000000111
mena-campaign-routine-default,"MenA:MenACWYX,routine,with:default",MenACWYX,total,routine,RWA,Rwanda,2038,0,0,<NA>,<NA>,0.191384177700893221008,both,0.2000000000000000111
mena-campaign-routine-default,"MenA:MenACWYX,routine,with:default",MenACWYX,total,routine,RWA,Rwanda,2039,0,0,<NA>,<NA>,0.191384177700893221008,both,0.2000000000000000111
mena-campaign-routine-default,"MenA:MenACWYX,routine,with:default",MenACWYX,total,routine,RWA,Rwanda,2040,0,0,<NA>,<NA>,0.191384177700893221008,both,0.2000000000000000111
mena-campaign-routine-default,"MenA:MenACWYX,routine,with:default",MenACWYX,total,routine,RWA,Rwanda,2041,0,0,<NA>,<NA>,0.191384177700893221008,both,0.2000000000000000111
mena-campaign-routine-default,"MenA:MenACWYX,routine,with:default",MenACWYX,total,routine,RWA,Rwanda,2042,0,0,<NA>,<NA>,0.191384177700893221008,both,0.2000000000000000111
mena-campaign-routine-default,"MenA:MenACWYX,routine,with:default",MenACWYX,total,routine,RWA,Rwanda,2043,0,0,<NA>,<NA>,0.191384177700893221008,both,0.2000000000000000111
mena-campaign-routine-default,"MenA:MenACWYX,routine,with:default",MenACWYX,total,routine,RWA,Rwanda,2044,0,0,<NA>,<NA>,0.191384177700893221008,both,0.2000000000000000111
mena-campaign-routine-default,"MenA:MenACWYX,routine,with:default",MenACWYX,total,routine,RWA,Rwanda,2045,0,0,<NA>,<NA>,0.191384177700893221008,both,0.2000000000000000111
mena-campaign-routine-default,"MenA:MenACWYX,routine,with:default",MenACWYX,total,routine,RWA,Rwanda,2046,0,0,<NA>,<NA>,0.191384177700893221008,both,0.2000000000000000111
mena-campaign-routine-default,"MenA:MenACWYX,routine,with:default",MenACWYX,total,routine,RWA,Rwanda,2047,0,0,<NA>,<NA>,0.191384177700893221008,both,0.2000000000000000111
mena-campaign-routine-default,"MenA:MenACWYX,routine,with:default",MenACWYX,total,routine,RWA,Rwanda,2048,0,0,<NA>,<NA>,0.191384177700893221008,both,0.2000000000000000111
mena-campaign-routine-default,"MenA:MenACWYX,routine,with:default",MenACWYX,total,routine,RWA,Rwanda,2049,0,0,<NA>,<NA>,0.191384177700893221008,both,0.2000000000000000111
mena-campaign-routine-default,"MenA:MenACWYX,routine,with:default",MenACWYX,total,routine,RWA,Rwanda,2050,0,0,<NA>,<NA>,0.191384177700893221008,both,0.2000000000000000111
mena-campaign-routine-default,"MenA:MenACWYX,routine,with:default",MenACWYX,total,routine,RWA,Rwanda,2051,0,0,<NA>,<NA>,0.191384177700893221008,both,0.2000000000000000111
mena-campaign-routine-default,"MenA:MenACWYX,routine,with:default",MenACWYX,total,routine,RWA,Rwanda,2052,0,0,<NA>,<NA>,0.191384177700893221008,both,0.2000000000000000111
mena-campaign-routine-default,"MenA:MenACWYX,routine,with:default",MenACWYX,total,routine,RWA,Rwanda,2053,0,0,<NA>,<NA>,0.191384177700893221008,both,0.2000000000000000111
mena-campaign-routine-default,"MenA:MenACWYX,routine,with:default",MenACWYX,total,routine,RWA,Rwanda,2054,0,0,<NA>,<NA>,0.191384177700893221008,both,0.2000000000000000111
mena-campaign-routine-default,"MenA:MenACWYX,routine,with:default",MenACWYX,total,routine,RWA,Rwanda,2055,0,0,<NA>,<NA>,0.191384177700893221008,both,0.2000000000000000111
mena-campaign-routine-default,"MenA:MenACWYX,routine,with:default",MenACWYX,total,routine,RWA,Rwanda,2056,0,0,<NA>,<NA>,0.191384177700893221008,both,0.2000000000000000111
mena-campaign-routine-default,"MenA:MenACWYX,routine,with:default",MenACWYX,total,routine,RWA,Rwanda,2057,0,0,<NA>,<NA>,0.191384177700893221008,both,0.2000000000000000111
mena-campaign-routine-default,"MenA:MenACWYX,routine,with:default",MenACWYX,total,routine,RWA,Rwanda,2058,0,0,<NA>,<NA>,0.191384177700893221008,both,0.2000000000000000111
mena-campaign-routine-default,"MenA:MenACWYX,routine,with:default",MenACWYX,total,routine,RWA,Rwanda,2059,0,0,<NA>,<NA>,0.191384177700893221008,both,0.2000000000000000111
mena-campaign-routine-default,"MenA:MenACWYX,routine,with:default",MenACWYX,total,routine,RWA,Rwanda,2060,0,0,<NA>,<NA>,0.191384177700893221008,both,0.2000000000000000111
mena-campaign-routine-default,"MenA:MenACWYX,routine,with:default",MenACWYX,total,routine,RWA,Rwanda,2061,0,0,<NA>,<NA>,0.191384177700893221008,both,0.2000000000000000111
mena-campaign-routine-default,"MenA:MenACWYX,routine,with:default",MenACWYX,total,routine,RWA,Rwanda,2062,0,0,<NA>,<NA>,0.191384177700893221008,both,0.2000000000000000111
mena-campaign-routine-default,"MenA:MenACWYX,routine,with:default",MenACWYX,total,routine,RWA,Rwanda,2063,0,0,<NA>,<NA>,0.191384177700893221008,both,0.2000000000000000111
mena-campaign-routine-default,"MenA:MenACWYX,routine,with:default",MenACWYX,total,routine,RWA,Rwanda,2064,0,0,<NA>,<NA>,0.191384177700893221008,both,0.2000000000000000111
mena-campaign-routine-default,"MenA:MenACWYX,routine,with:default",MenACWYX,total,routine,RWA,Rwanda,2065,0,0,<NA>,<NA>,0.191384177700893221008,both,0.2000000000000000111
mena-campaign-routine-default,"MenA:MenACWYX,routine,with:default",MenACWYX,total,routine,RWA,Rwanda,2066,0,0,<NA>,<NA>,0.191384177700893221008,both,0.2000000000000000111
mena-campaign-routine-default,"MenA:MenACWYX,routine,with:default",MenACWYX,total,routine,RWA,Rwanda,2067,0,0,<NA>,<NA>,0.191384177700893221008,both,0.2000000000000000111
mena-campaign-routine-default,"MenA:MenACWYX,routine,with:default",MenACWYX,total,routine,RWA,Rwanda,2068,0,0,<NA>,<NA>,0.191384177700893221008,both,0.2000000000000000111
mena-campaign-routine-default,"MenA:MenACWYX,routine,with:default",MenACWYX,total,routine,RWA,Rwanda,2069,0,0,<NA>,<NA>,0.191384177700893221008,both,0.2000000000000000111
mena-campaign-routine-default,"MenA:MenACWYX,routine,with:default",MenACWYX,total,routine,RWA,Rwanda,2070,0,0,<NA>,<NA>,0.191384177700893221008,both,0.2000000000000000111
mena-campaign-routine-default,"MenA:MenACWYX,routine,with:default",MenACWYX,total,routine,RWA,Rwanda,2071,0,0,<NA>,<NA>,0.191384177700893221008,both,0.2000000000000000111
mena-campaign-routine-default,"MenA:MenACWYX,routine,with:default",MenACWYX,total,routine,RWA,Rwanda,2072,0,0,<NA>,<NA>,0.191384177700893221008,both,0.2000000000000000111
mena-campaign-routine-default,"MenA:MenACWYX,routine,with:default",MenACWYX,total,routine,RWA,Rwanda,2073,0,0,<NA>,<NA>,0.191384177700893221008,both,0.2000000000000000111
mena-campaign-routine-default,"MenA:MenACWYX,routine,with:default",MenACWYX,total,routine,RWA,Rwanda,2074,0,0,<NA>,<NA>,0.191384177700893221008,both,0.2000000000000000111
mena-campaign-routine-default,"MenA:MenACWYX,routine,with:default",MenACWYX,total,routine,RWA,Rwanda,2075,0,0,<NA>,<NA>,0.191384177700893221008,both,0.2000000000000000111
mena-campaign-routine-default,"MenA:MenACWYX,routine,with:default",MenACWYX,total,routine,RWA,Rwanda,2076,0,0,<NA>,<NA>,0.191384177700893221008,both,0.2000000000000000111
mena-campaign-routine-default,"MenA:MenACWYX,routine,with:default",MenACWYX,total,routine,RWA,Rwanda,2077,0,0,<NA>,<NA>,0.191384177700893221008,both,0.2000000000000000111
mena-campaign-routine-default,"MenA:MenACWYX,routine,with:default",MenACWYX,total,routine,RWA,Rwanda,2078,0,0,<NA>,<NA>,0.191384177700893221008,both,0.2000000000000000111
mena-campaign-routine-default,"MenA:MenACWYX,routine,with:default",MenACWYX,total,routine,RWA,Rwanda,2079,0,0,<NA>,<NA>,0.191384177700893221008,both,0.2000000000000000111
mena-campaign-routine-default,"MenA:MenACWYX,routine,with:default",MenACWYX,total,routine,RWA,Rwanda,2080,0,0,<NA>,<NA>,0.191384177700893221008,both,0.2000000000000000111
mena-campaign-routine-default,"MenA:MenACWYX,routine,with:default",MenACWYX,total,routine,RWA,Rwanda,2081,0,0,<NA>,<NA>,0.191384177700893221008,both,0.2000000000000000111
mena-campaign-routine-default,"MenA:MenACWYX,routine,with:default",MenACWYX,total,routine,RWA,Rwanda,2082,0,0,<NA>,<NA>,0.191384177700893221008,both,0.2000000000000000111
mena-campaign-routine-default,"MenA:MenACWYX,routine,with:default",MenACWYX,total,routine,RWA,Rwanda,2083,0,0,<NA>,<NA>,0.191384177700893221008,both,0.2000000000000000111
mena-campaign-routine-default,"MenA:MenACWYX,routine,with:default",MenACWYX,total,routine,RWA,Rwanda,2084,0,0,<NA>,<NA>,0.191384177700893221008,both,0.2000000000000000111
mena-campaign-routine-default,"MenA:MenACWYX,routine,with:default",MenACWYX,total,routine,RWA,Rwanda,2085,0,0,<NA>,<NA>,0.191384177700893221008,both,0.2000000000000000111
mena-campaign-routine-default,"MenA:MenACWYX,routine,with:default",MenACWYX,total,routine,RWA,Rwanda,2086,0,0,<NA>,<NA>,0.191384177700893221008,both,0.2000000000000000111
mena-campaign-routine-default,"MenA:MenACWYX,routine,with:default",MenACWYX,total,routine,RWA,Rwanda,2087,0,0,<NA>,<NA>,0.191384177700893221008,both,0.2000000000000000111
mena-campaign-routine-default,"MenA:MenACWYX,routine,with:default",MenACWYX,total,routine,RWA,Rwanda,2088,0,0,<NA>,<NA>,0.191384177700893221008,both,0.2000000000000000111
mena-campaign-routine-default,"MenA:MenACWYX,routine,with:default",MenACWYX,total,routine,RWA,Rwanda,2089,0,0,<NA>,<NA>,0.191384177700893221008,both,0.2000000000000000111
mena-campaign-routine-default,"MenA:MenACWYX,routine,with:default",MenACWYX,total,routine,RWA,Rwanda,2090,0,0,<NA>,<NA>,0.191384177700893221008,both,0.2000000000000000111
mena-campaign-routine-default,"MenA:MenACWYX,routine,with:default",MenACWYX,total,routine,RWA,Rwanda,2091,0,0,<NA>,<NA>,0.191384177700893221008,both,0.2000000000000000111
mena-campaign-routine-default,"MenA:MenACWYX,routine,with:default",MenACWYX,total,routine,RWA,Rwanda,2092,0,0,<NA>,<NA>,0.191384177700893221008,both,0.2000000000000000111
mena-campaign-routine-default,"MenA:MenACWYX,routine,with:default",MenACWYX,total,routine,RWA,Rwanda,2093,0,0,<NA>,<NA>,0.191384177700893221008,both,0.2000000000000000111
mena-campaign-routine-default,"MenA:MenACWYX,routine,with:default",MenACWYX,total,routine,RWA,Rwanda,2094,0,0,<NA>,<NA>,0.191384177700893221008,both,0.2000000000000000111
mena-campaign-routine-default,"MenA:MenACWYX,routine,with:default",MenACWYX,total,routine,RWA,Rwanda,2095,0,0,<NA>,<NA>,0.191384177700893221008,both,0.2000000000000000111
mena-campaign-routine-default,"MenA:MenACWYX,routine,with:default",MenACWYX,total,routine,RWA,Rwanda,2096,0,0,<NA>,<NA>,0.191384177700893221008,both,0.2000000000000000111
mena-campaign-routine-default,"MenA:MenACWYX,routine,with:default",MenACWYX,total,routine,RWA,Rwanda,2097,0,0,<NA>,<NA>,0.191384177700893221008,both,0.2000000000000000111
mena-campaign-routine-default,"MenA:MenACWYX,routine,with:default",MenACWYX,total,routine,RWA,Rwanda,2098,0,0,<NA>,<NA>,0.191384177700893221008,both,0.2000000000000000111
mena-campaign-routine-default,"MenA:MenACWYX,routine,with:default",MenACWYX,total,routine,RWA,Rwanda,2099,0,0,<NA>,<NA>,0.191384177700893221008,both,0.2000000000000000111
mena-campaign-routine-default,"MenA:MenACWYX,routine,with:default",MenACWYX,total,routine,RWA,Rwanda,2100,0,0,<NA>,<NA>,0.191384177700893221008,both,0.2000000000000000111
mena-campaign-routine-default,"MenA:MenACWYX,routine,with:default",MenACWYX,total,routine,SDN,Sudan,2027,0,0,<NA>,<NA>,0.8095256799527189572885,both,1
mena-campaign-routine-default,"MenA:MenACWYX,routine,with:default",MenACWYX,total,routine,SDN,Sudan,2028,0,0,<NA>,<NA>,0.8323109815028566504935,both,1
mena-campaign-routine-default,"MenA:MenACWYX,routine,with:default",MenACWYX,total,routine,SDN,Sudan,2029,0,0,<NA>,<NA>,0.8523706139622644339937,both,1
mena-campaign-routine-default,"MenA:MenACWYX,routine,with:default",MenACWYX,total,routine,SDN,Sudan,2030,0,0,<NA>,<NA>,0.8700306327915560133945,both,1
mena-campaign-routine-default,"MenA:MenACWYX,routine,with:default",MenACWYX,total,routine,SDN,Sudan,2031,0,0,<NA>,<NA>,0.8800306327915560222763,both,1
mena-campaign-routine-default,"MenA:MenACWYX,routine,with:default",MenACWYX,total,routine,SDN,Sudan,2032,0,0,<NA>,<NA>,0.8900306327915560311581,both,1
mena-campaign-routine-default,"MenA:MenACWYX,routine,with:default",MenACWYX,total,routine,SDN,Sudan,2033,0,0,<NA>,<NA>,0.9000306327915560400399,both,1
mena-campaign-routine-default,"MenA:MenACWYX,routine,with:default",MenACWYX,total,routine,SDN,Sudan,2034,0,0,<NA>,<NA>,0.9100306327915560489217,both,1
mena-campaign-routine-default,"MenA:MenACWYX,routine,with:default",MenACWYX,total,routine,SDN,Sudan,2035,0,0,<NA>,<NA>,0.9200306327915560578035,both,1
mena-campaign-routine-default,"MenA:MenACWYX,routine,with:default",MenACWYX,total,routine,SDN,Sudan,2036,0,0,<NA>,<NA>,0.9300306327915559556629,both,1
mena-campaign-routine-default,"MenA:MenACWYX,routine,with:default",MenACWYX,total,routine,SDN,Sudan,2037,0,0,<NA>,<NA>,0.9400306327915559645447,both,1
mena-campaign-routine-default,"MenA:MenACWYX,routine,with:default",MenACWYX,total,routine,SDN,Sudan,2038,0,0,<NA>,<NA>,0.9499999999999999555911,both,1
mena-campaign-routine-default,"MenA:MenACWYX,routine,with:default",MenACWYX,total,routine,SDN,Sudan,2039,0,0,<NA>,<NA>,0.9499999999999999555911,both,1
mena-campaign-routine-default,"MenA:MenACWYX,routine,with:default",MenACWYX,total,routine,SDN,Sudan,2040,0,0,<NA>,<NA>,0.9499999999999999555911,both,1
mena-campaign-routine-default,"MenA:MenACWYX,routine,with:default",MenACWYX,total,routine,SDN,Sudan,2041,0,0,<NA>,<NA>,0.9499999999999999555911,both,1
mena-campaign-routine-default,"MenA:MenACWYX,routine,with:default",MenACWYX,total,routine,SDN,Sudan,2042,0,0,<NA>,<NA>,0.9499999999999999555911,both,1
mena-campaign-routine-default,"MenA:MenACWYX,routine,with:default",MenACWYX,total,routine,SDN,Sudan,2043,0,0,<NA>,<NA>,0.9499999999999999555911,both,1
mena-campaign-routine-default,"MenA:MenACWYX,routine,with:default",MenACWYX,total,routine,SDN,Sudan,2044,0,0,<NA>,<NA>,0.9499999999999999555911,both,1
mena-campaign-routine-default,"MenA:MenACWYX,routine,with:default",MenACWYX,total,routine,SDN,Sudan,2045,0,0,<NA>,<NA>,0.9499999999999999555911,both,1
mena-campaign-routine-default,"MenA:MenACWYX,routine,with:default",MenACWYX,total,routine,SDN,Sudan,2046,0,0,<NA>,<NA>,0.9499999999999999555911,both,1
mena-campaign-routine-default,"MenA:MenACWYX,routine,with:default",MenACWYX,total,routine,SDN,Sudan,2047,0,0,<NA>,<NA>,0.9499999999999999555911,both,1
mena-campaign-routine-default,"MenA:MenACWYX,routine,with:default",MenACWYX,total,routine,SDN,Sudan,2048,0,0,<NA>,<NA>,0.9499999999999999555911,both,1
mena-campaign-routine-default,"MenA:MenACWYX,routine,with:default",MenACWYX,total,routine,SDN,Sudan,2049,0,0,<NA>,<NA>,0.9499999999999999555911,both,1
mena-campaign-routine-default,"MenA:MenACWYX,routine,with:default",MenACWYX,total,routine,SDN,Sudan,2050,0,0,<NA>,<NA>,0.9499999999999999555911,both,1
mena-campaign-routine-default,"MenA:MenACWYX,routine,with:default",MenACWYX,total,routine,SDN,Sudan,2051,0,0,<NA>,<NA>,0.9499999999999999555911,both,1
mena-campaign-routine-default,"MenA:MenACWYX,routine,with:default",MenACWYX,total,routine,SDN,Sudan,2052,0,0,<NA>,<NA>,0.9499999999999999555911,both,1
mena-campaign-routine-default,"MenA:MenACWYX,routine,with:default",MenACWYX,total,routine,SDN,Sudan,2053,0,0,<NA>,<NA>,0.9499999999999999555911,both,1
mena-campaign-routine-default,"MenA:MenACWYX,routine,with:default",MenACWYX,total,routine,SDN,Sudan,2054,0,0,<NA>,<NA>,0.9499999999999999555911,both,1
mena-campaign-routine-default,"MenA:MenACWYX,routine,with:default",MenACWYX,total,routine,SDN,Sudan,2055,0,0,<NA>,<NA>,0.9499999999999999555911,both,1
mena-campaign-routine-default,"MenA:MenACWYX,routine,with:default",MenACWYX,total,routine,SDN,Sudan,2056,0,0,<NA>,<NA>,0.9499999999999999555911,both,1
mena-campaign-routine-default,"MenA:MenACWYX,routine,with:default",MenACWYX,total,routine,SDN,Sudan,2057,0,0,<NA>,<NA>,0.9499999999999999555911,both,1
mena-campaign-routine-default,"MenA:MenACWYX,routine,with:default",MenACWYX,total,routine,SDN,Sudan,2058,0,0,<NA>,<NA>,0.9499999999999999555911,both,1
mena-campaign-routine-default,"MenA:MenACWYX,routine,with:default",MenACWYX,total,routine,SDN,Sudan,2059,0,0,<NA>,<NA>,0.9499999999999999555911,both,1
mena-campaign-routine-default,"MenA:MenACWYX,routine,with:default",MenACWYX,total,routine,SDN,Sudan,2060,0,0,<NA>,<NA>,0.9499999999999999555911,both,1
mena-campaign-routine-default,"MenA:MenACWYX,routine,with:default",MenACWYX,total,routine,SDN,Sudan,2061,0,0,<NA>,<NA>,0.9499999999999999555911,both,1
mena-campaign-routine-default,"MenA:MenACWYX,routine,with:default",MenACWYX,total,routine,SDN,Sudan,2062,0,0,<NA>,<NA>,0.9499999999999999555911,both,1
mena-campaign-routine-default,"MenA:MenACWYX,routine,with:default",MenACWYX,total,routine,SDN,Sudan,2063,0,0,<NA>,<NA>,0.9499999999999999555911,both,1
mena-campaign-routine-default,"MenA:MenACWYX,routine,with:default",MenACWYX,total,routine,SDN,Sudan,2064,0,0,<NA>,<NA>,0.9499999999999999555911,both,1
mena-campaign-routine-default,"MenA:MenACWYX,routine,with:default",MenACWYX,total,routine,SDN,Sudan,2065,0,0,<NA>,<NA>,0.9499999999999999555911,both,1
mena-campaign-routine-default,"MenA:MenACWYX,routine,with:default",MenACWYX,total,routine,SDN,Sudan,2066,0,0,<NA>,<NA>,0.9499999999999999555911,both,1
mena-campaign-routine-default,"MenA:MenACWYX,routine,with:default",MenACWYX,total,routine,SDN,Sudan,2067,0,0,<NA>,<NA>,0.9499999999999999555911,both,1
mena-campaign-routine-default,"MenA:MenACWYX,routine,with:default",MenACWYX,total,routine,SDN,Sudan,2068,0,0,<NA>,<NA>,0.9499999999999999555911,both,1
mena-campaign-routine-default,"MenA:MenACWYX,routine,with:default",MenACWYX,total,routine,SDN,Sudan,2069,0,0,<NA>,<NA>,0.9499999999999999555911,both,1
mena-campaign-routine-default,"MenA:MenACWYX,routine,with:default",MenACWYX,total,routine,SDN,Sudan,2070,0,0,<NA>,<NA>,0.9499999999999999555911,both,1
mena-campaign-routine-default,"MenA:MenACWYX,routine,with:default",MenACWYX,total,routine,SDN,Sudan,2071,0,0,<NA>,<NA>,0.9499999999999999555911,both,1
mena-campaign-routine-default,"MenA:MenACWYX,routine,with:default",MenACWYX,total,routine,SDN,Sudan,2072,0,0,<NA>,<NA>,0.9499999999999999555911,both,1
mena-campaign-routine-default,"MenA:MenACWYX,routine,with:default",MenACWYX,total,routine,SDN,Sudan,2073,0,0,<NA>,<NA>,0.9499999999999999555911,both,1
mena-campaign-routine-default,"MenA:MenACWYX,routine,with:default",MenACWYX,total,routine,SDN,Sudan,2074,0,0,<NA>,<NA>,0.9499999999999999555911,both,1
mena-campaign-routine-default,"MenA:MenACWYX,routine,with:default",MenACWYX,total,routine,SDN,Sudan,2075,0,0,<NA>,<NA>,0.9499999999999999555911,both,1
mena-campaign-routine-default,"MenA:MenACWYX,routine,with:default",MenACWYX,total,routine,SDN,Sudan,2076,0,0,<NA>,<NA>,0.9499999999999999555911,both,1
mena-campaign-routine-default,"MenA:MenACWYX,routine,with:default",MenACWYX,total,routine,SDN,Sudan,2077,0,0,<NA>,<NA>,0.9499999999999999555911,both,1
mena-campaign-routine-default,"MenA:MenACWYX,routine,with:default",MenACWYX,total,routine,SDN,Sudan,2078,0,0,<NA>,<NA>,0.9499999999999999555911,both,1
mena-campaign-routine-default,"MenA:MenACWYX,routine,with:default",MenACWYX,total,routine,SDN,Sudan,2079,0,0,<NA>,<NA>,0.9499999999999999555911,both,1
mena-campaign-routine-default,"MenA:MenACWYX,routine,with:default",MenACWYX,total,routine,SDN,Sudan,2080,0,0,<NA>,<NA>,0.9499999999999999555911,both,1
mena-campaign-routine-default,"MenA:MenACWYX,routine,with:default",MenACWYX,total,routine,SDN,Sudan,2081,0,0,<NA>,<NA>,0.9499999999999999555911,both,1
mena-campaign-routine-default,"MenA:MenACWYX,routine,with:default",MenACWYX,total,routine,SDN,Sudan,2082,0,0,<NA>,<NA>,0.9499999999999999555911,both,1
mena-campaign-routine-default,"MenA:MenACWYX,routine,with:default",MenACWYX,total,routine,SDN,Sudan,2083,0,0,<NA>,<NA>,0.9499999999999999555911,both,1
mena-campaign-routine-default,"MenA:MenACWYX,routine,with:default",MenACWYX,total,routine,SDN,Sudan,2084,0,0,<NA>,<NA>,0.9499999999999999555911,both,1
mena-campaign-routine-default,"MenA:MenACWYX,routine,with:default",MenACWYX,total,routine,SDN,Sudan,2085,0,0,<NA>,<NA>,0.9499999999999999555911,both,1
mena-campaign-routine-default,"MenA:MenACWYX,routine,with:default",MenACWYX,total,routine,SDN,Sudan,2086,0,0,<NA>,<NA>,0.9499999999999999555911,both,1
mena-campaign-routine-default,"MenA:MenACWYX,routine,with:default",MenACWYX,total,routine,SDN,Sudan,2087,0,0,<NA>,<NA>,0.9499999999999999555911,both,1
mena-campaign-routine-default,"MenA:MenACWYX,routine,with:default",MenACWYX,total,routine,SDN,Sudan,2088,0,0,<NA>,<NA>,0.9499999999999999555911,both,1
mena-campaign-routine-default,"MenA:MenACWYX,routine,with:default",MenACWYX,total,routine,SDN,Sudan,2089,0,0,<NA>,<NA>,0.9499999999999999555911,both,1
mena-campaign-routine-default,"MenA:MenACWYX,routine,with:default",MenACWYX,total,routine,SDN,Sudan,2090,0,0,<NA>,<NA>,0.9499999999999999555911,both,1
mena-campaign-routine-default,"MenA:MenACWYX,routine,with:default",MenACWYX,total,routine,SDN,Sudan,2091,0,0,<NA>,<NA>,0.9499999999999999555911,both,1
mena-campaign-routine-default,"MenA:MenACWYX,routine,with:default",MenACWYX,total,routine,SDN,Sudan,2092,0,0,<NA>,<NA>,0.9499999999999999555911,both,1
mena-campaign-routine-default,"MenA:MenACWYX,routine,with:default",MenACWYX,total,routine,SDN,Sudan,2093,0,0,<NA>,<NA>,0.9499999999999999555911,both,1
mena-campaign-routine-default,"MenA:MenACWYX,routine,with:default",MenACWYX,total,routine,SDN,Sudan,2094,0,0,<NA>,<NA>,0.9499999999999999555911,both,1
mena-campaign-routine-default,"MenA:MenACWYX,routine,with:default",MenACWYX,total,routine,SDN,Sudan,2095,0,0,<NA>,<NA>,0.9499999999999999555911,both,1
mena-campaign-routine-default,"MenA:MenACWYX,routine,with:default",MenACWYX,total,routine,SDN,Sudan,2096,0,0,<NA>,<NA>,0.9499999999999999555911,both,1
mena-campaign-routine-default,"MenA:MenACWYX,routine,with:default",MenACWYX,total,routine,SDN,Sudan,2097,0,0,<NA>,<NA>,0.9499999999999999555911,both,1
mena-campaign-routine-default,"MenA:MenACWYX,routine,with:default",MenACWYX,total,routine,SDN,Sudan,2098,0,0,<NA>,<NA>,0.9499999999999999555911,both,1
mena-campaign-routine-default,"MenA:MenACWYX,routine,with:default",MenACWYX,total,routine,SDN,Sudan,2099,0,0,<NA>,<NA>,0.9499999999999999555911,both,1
mena-campaign-routine-default,"MenA:MenACWYX,routine,with:default",MenACWYX,total,routine,SDN,Sudan,2100,0,0,<NA>,<NA>,0.9499999999999999555911,both,1
mena-campaign-routine-default,"MenA:MenACWYX,routine,with:default",MenACWYX,total,routine,SEN,Senegal,2027,0,0,<NA>,<NA>,0.0469333333333332852755,both,0.2000000000000000111
mena-campaign-routine-default,"MenA:MenACWYX,routine,with:default",MenACWYX,total,routine,SEN,Senegal,2028,0,0,<NA>,<NA>,0.1048078434603634256916,both,0.2000000000000000111
mena-campaign-routine-default,"MenA:MenACWYX,routine,with:default",MenACWYX,total,routine,SEN,Senegal,2029,0,0,<NA>,<NA>,0.1408000000000000084821,both,0.2000000000000000111
mena-campaign-routine-default,"MenA:MenACWYX,routine,with:default",MenACWYX,total,routine,SEN,Senegal,2030,0,0,<NA>,<NA>,0.1735701750915066288172,both,0.2000000000000000111
mena-campaign-routine-default,"MenA:MenACWYX,routine,with:default",MenACWYX,total,routine,SEN,Senegal,2031,0,0,<NA>,<NA>,0.1755701750915066305936,both,0.2000000000000000111
mena-campaign-routine-default,"MenA:MenACWYX,routine,with:default",MenACWYX,total,routine,SEN,Senegal,2032,0,0,<NA>,<NA>,0.1775701750915066323699,both,0.2000000000000000111
mena-campaign-routine-default,"MenA:MenACWYX,routine,with:default",MenACWYX,total,routine,SEN,Senegal,2033,0,0,<NA>,<NA>,0.1795701750915066341463,both,0.2000000000000000111
mena-campaign-routine-default,"MenA:MenACWYX,routine,with:default",MenACWYX,total,routine,SEN,Senegal,2034,0,0,<NA>,<NA>,0.1815701750915066359227,both,0.2000000000000000111
mena-campaign-routine-default,"MenA:MenACWYX,routine,with:default",MenACWYX,total,routine,SEN,Senegal,2035,0,0,<NA>,<NA>,0.183570175091506637699,both,0.2000000000000000111
mena-campaign-routine-default,"MenA:MenACWYX,routine,with:default",MenACWYX,total,routine,SEN,Senegal,2036,0,0,<NA>,<NA>,0.1855701750915066117198,both,0.2000000000000000111
mena-campaign-routine-default,"MenA:MenACWYX,routine,with:default",MenACWYX,total,routine,SEN,Senegal,2037,0,0,<NA>,<NA>,0.1875701750915066134962,both,0.2000000000000000111
mena-campaign-routine-default,"MenA:MenACWYX,routine,with:default",MenACWYX,total,routine,SEN,Senegal,2038,0,0,<NA>,<NA>,0.1895701750915066152725,both,0.2000000000000000111
mena-campaign-routine-default,"MenA:MenACWYX,routine,with:default",MenACWYX,total,routine,SEN,Senegal,2039,0,0,<NA>,<NA>,0.1900000000000000022204,both,0.2000000000000000111
mena-campaign-routine-default,"MenA:MenACWYX,routine,with:default",MenACWYX,total,routine,SEN,Senegal,2040,0,0,<NA>,<NA>,0.1900000000000000022204,both,0.2000000000000000111
mena-campaign-routine-default,"MenA:MenACWYX,routine,with:default",MenACWYX,total,routine,SEN,Senegal,2041,0,0,<NA>,<NA>,0.1900000000000000022204,both,0.2000000000000000111
mena-campaign-routine-default,"MenA:MenACWYX,routine,with:default",MenACWYX,total,routine,SEN,Senegal,2042,0,0,<NA>,<NA>,0.1900000000000000022204,both,0.2000000000000000111
mena-campaign-routine-default,"MenA:MenACWYX,routine,with:default",MenACWYX,total,routine,SEN,Senegal,2043,0,0,<NA>,<NA>,0.1900000000000000022204,both,0.2000000000000000111
mena-campaign-routine-default,"MenA:MenACWYX,routine,with:default",MenACWYX,total,routine,SEN,Senegal,2044,0,0,<NA>,<NA>,0.1900000000000000022204,both,0.2000000000000000111
mena-campaign-routine-default,"MenA:MenACWYX,routine,with:default",MenACWYX,total,routine,SEN,Senegal,2045,0,0,<NA>,<NA>,0.1900000000000000022204,both,0.2000000000000000111
mena-campaign-routine-default,"MenA:MenACWYX,routine,with:default",MenACWYX,total,routine,SEN,Senegal,2046,0,0,<NA>,<NA>,0.1900000000000000022204,both,0.2000000000000000111
mena-campaign-routine-default,"MenA:MenACWYX,routine,with:default",MenACWYX,total,routine,SEN,Senegal,2047,0,0,<NA>,<NA>,0.1900000000000000022204,both,0.2000000000000000111
mena-campaign-routine-default,"MenA:MenACWYX,routine,with:default",MenACWYX,total,routine,SEN,Senegal,2048,0,0,<NA>,<NA>,0.1900000000000000022204,both,0.2000000000000000111
mena-campaign-routine-default,"MenA:MenACWYX,routine,with:default",MenACWYX,total,routine,SEN,Senegal,2049,0,0,<NA>,<NA>,0.1900000000000000022204,both,0.2000000000000000111
mena-campaign-routine-default,"MenA:MenACWYX,routine,with:default",MenACWYX,total,routine,SEN,Senegal,2050,0,0,<NA>,<NA>,0.1900000000000000022204,both,0.2000000000000000111
mena-campaign-routine-default,"MenA:MenACWYX,routine,with:default",MenACWYX,total,routine,SEN,Senegal,2051,0,0,<NA>,<NA>,0.1900000000000000022204,both,0.2000000000000000111
mena-campaign-routine-default,"MenA:MenACWYX,routine,with:default",MenACWYX,total,routine,SEN,Senegal,2052,0,0,<NA>,<NA>,0.1900000000000000022204,both,0.2000000000000000111
mena-campaign-routine-default,"MenA:MenACWYX,routine,with:default",MenACWYX,total,routine,SEN,Senegal,2053,0,0,<NA>,<NA>,0.1900000000000000022204,both,0.2000000000000000111
mena-campaign-routine-default,"MenA:MenACWYX,routine,with:default",MenACWYX,total,routine,SEN,Senegal,2054,0,0,<NA>,<NA>,0.1900000000000000022204,both,0.2000000000000000111
mena-campaign-routine-default,"MenA:MenACWYX,routine,with:default",MenACWYX,total,routine,SEN,Senegal,2055,0,0,<NA>,<NA>,0.1900000000000000022204,both,0.2000000000000000111
mena-campaign-routine-default,"MenA:MenACWYX,routine,with:default",MenACWYX,total,routine,SEN,Senegal,2056,0,0,<NA>,<NA>,0.1900000000000000022204,both,0.2000000000000000111
mena-campaign-routine-default,"MenA:MenACWYX,routine,with:default",MenACWYX,total,routine,SEN,Senegal,2057,0,0,<NA>,<NA>,0.1900000000000000022204,both,0.2000000000000000111
mena-campaign-routine-default,"MenA:MenACWYX,routine,with:default",MenACWYX,total,routine,SEN,Senegal,2058,0,0,<NA>,<NA>,0.1900000000000000022204,both,0.2000000000000000111
mena-campaign-routine-default,"MenA:MenACWYX,routine,with:default",MenACWYX,total,routine,SEN,Senegal,2059,0,0,<NA>,<NA>,0.1900000000000000022204,both,0.2000000000000000111
mena-campaign-routine-default,"MenA:MenACWYX,routine,with:default",MenACWYX,total,routine,SEN,Senegal,2060,0,0,<NA>,<NA>,0.1900000000000000022204,both,0.2000000000000000111
mena-campaign-routine-default,"MenA:MenACWYX,routine,with:default",MenACWYX,total,routine,SEN,Senegal,2061,0,0,<NA>,<NA>,0.1900000000000000022204,both,0.2000000000000000111
mena-campaign-routine-default,"MenA:MenACWYX,routine,with:default",MenACWYX,total,routine,SEN,Senegal,2062,0,0,<NA>,<NA>,0.1900000000000000022204,both,0.2000000000000000111
mena-campaign-routine-default,"MenA:MenACWYX,routine,with:default",MenACWYX,total,routine,SEN,Senegal,2063,0,0,<NA>,<NA>,0.1900000000000000022204,both,0.2000000000000000111
mena-campaign-routine-default,"MenA:MenACWYX,routine,with:default",MenACWYX,total,routine,SEN,Senegal,2064,0,0,<NA>,<NA>,0.1900000000000000022204,both,0.2000000000000000111
mena-campaign-routine-default,"MenA:MenACWYX,routine,with:default",MenACWYX,total,routine,SEN,Senegal,2065,0,0,<NA>,<NA>,0.1900000000000000022204,both,0.2000000000000000111
mena-campaign-routine-default,"MenA:MenACWYX,routine,with:default",MenACWYX,total,routine,SEN,Senegal,2066,0,0,<NA>,<NA>,0.1900000000000000022204,both,0.2000000000000000111
mena-campaign-routine-default,"MenA:MenACWYX,routine,with:default",MenACWYX,total,routine,SEN,Senegal,2067,0,0,<NA>,<NA>,0.1900000000000000022204,both,0.2000000000000000111
mena-campaign-routine-default,"MenA:MenACWYX,routine,with:default",MenACWYX,total,routine,SEN,Senegal,2068,0,0,<NA>,<NA>,0.1900000000000000022204,both,0.2000000000000000111
mena-campaign-routine-default,"MenA:MenACWYX,routine,with:default",MenACWYX,total,routine,SEN,Senegal,2069,0,0,<NA>,<NA>,0.1900000000000000022204,both,0.2000000000000000111
mena-campaign-routine-default,"MenA:MenACWYX,routine,with:default",MenACWYX,total,routine,SEN,Senegal,2070,0,0,<NA>,<NA>,0.1900000000000000022204,both,0.2000000000000000111
mena-campaign-routine-default,"MenA:MenACWYX,routine,with:default",MenACWYX,total,routine,SEN,Senegal,2071,0,0,<NA>,<NA>,0.1900000000000000022204,both,0.2000000000000000111
mena-campaign-routine-default,"MenA:MenACWYX,routine,with:default",MenACWYX,total,routine,SEN,Senegal,2072,0,0,<NA>,<NA>,0.1900000000000000022204,both,0.2000000000000000111
mena-campaign-routine-default,"MenA:MenACWYX,routine,with:default",MenACWYX,total,routine,SEN,Senegal,2073,0,0,<NA>,<NA>,0.1900000000000000022204,both,0.2000000000000000111
mena-campaign-routine-default,"MenA:MenACWYX,routine,with:default",MenACWYX,total,routine,SEN,Senegal,2074,0,0,<NA>,<NA>,0.1900000000000000022204,both,0.2000000000000000111
mena-campaign-routine-default,"MenA:MenACWYX,routine,with:default",MenACWYX,total,routine,SEN,Senegal,2075,0,0,<NA>,<NA>,0.1900000000000000022204,both,0.2000000000000000111
mena-campaign-routine-default,"MenA:MenACWYX,routine,with:default",MenACWYX,total,routine,SEN,Senegal,2076,0,0,<NA>,<NA>,0.1900000000000000022204,both,0.2000000000000000111
mena-campaign-routine-default,"MenA:MenACWYX,routine,with:default",MenACWYX,total,routine,SEN,Senegal,2077,0,0,<NA>,<NA>,0.1900000000000000022204,both,0.2000000000000000111
mena-campaign-routine-default,"MenA:MenACWYX,routine,with:default",MenACWYX,total,routine,SEN,Senegal,2078,0,0,<NA>,<NA>,0.1900000000000000022204,both,0.2000000000000000111
mena-campaign-routine-default,"MenA:MenACWYX,routine,with:default",MenACWYX,total,routine,SEN,Senegal,2079,0,0,<NA>,<NA>,0.1900000000000000022204,both,0.2000000000000000111
mena-campaign-routine-default,"MenA:MenACWYX,routine,with:default",MenACWYX,total,routine,SEN,Senegal,2080,0,0,<NA>,<NA>,0.1900000000000000022204,both,0.2000000000000000111
mena-campaign-routine-default,"MenA:MenACWYX,routine,with:default",MenACWYX,total,routine,SEN,Senegal,2081,0,0,<NA>,<NA>,0.1900000000000000022204,both,0.2000000000000000111
mena-campaign-routine-default,"MenA:MenACWYX,routine,with:default",MenACWYX,total,routine,SEN,Senegal,2082,0,0,<NA>,<NA>,0.1900000000000000022204,both,0.2000000000000000111
mena-campaign-routine-default,"MenA:MenACWYX,routine,with:default",MenACWYX,total,routine,SEN,Senegal,2083,0,0,<NA>,<NA>,0.1900000000000000022204,both,0.2000000000000000111
mena-campaign-routine-default,"MenA:MenACWYX,routine,with:default",MenACWYX,total,routine,SEN,Senegal,2084,0,0,<NA>,<NA>,0.1900000000000000022204,both,0.2000000000000000111
mena-campaign-routine-default,"MenA:MenACWYX,routine,with:default",MenACWYX,total,routine,SEN,Senegal,2085,0,0,<NA>,<NA>,0.1900000000000000022204,both,0.2000000000000000111
mena-campaign-routine-default,"MenA:MenACWYX,routine,with:default",MenACWYX,total,routine,SEN,Senegal,2086,0,0,<NA>,<NA>,0.1900000000000000022204,both,0.2000000000000000111
mena-campaign-routine-default,"MenA:MenACWYX,routine,with:default",MenACWYX,total,routine,SEN,Senegal,2087,0,0,<NA>,<NA>,0.1900000000000000022204,both,0.2000000000000000111
mena-campaign-routine-default,"MenA:MenACWYX,routine,with:default",MenACWYX,total,routine,SEN,Senegal,2088,0,0,<NA>,<NA>,0.1900000000000000022204,both,0.2000000000000000111
mena-campaign-routine-default,"MenA:MenACWYX,routine,with:default",MenACWYX,total,routine,SEN,Senegal,2089,0,0,<NA>,<NA>,0.1900000000000000022204,both,0.2000000000000000111
mena-campaign-routine-default,"MenA:MenACWYX,routine,with:default",MenACWYX,total,routine,SEN,Senegal,2090,0,0,<NA>,<NA>,0.1900000000000000022204,both,0.2000000000000000111
mena-campaign-routine-default,"MenA:MenACWYX,routine,with:default",MenACWYX,total,routine,SEN,Senegal,2091,0,0,<NA>,<NA>,0.1900000000000000022204,both,0.2000000000000000111
mena-campaign-routine-default,"MenA:MenACWYX,routine,with:default",MenACWYX,total,routine,SEN,Senegal,2092,0,0,<NA>,<NA>,0.1900000000000000022204,both,0.2000000000000000111
mena-campaign-routine-default,"MenA:MenACWYX,routine,with:default",MenACWYX,total,routine,SEN,Senegal,2093,0,0,<NA>,<NA>,0.1900000000000000022204,both,0.2000000000000000111
mena-campaign-routine-default,"MenA:MenACWYX,routine,with:default",MenACWYX,total,routine,SEN,Senegal,2094,0,0,<NA>,<NA>,0.1900000000000000022204,both,0.2000000000000000111
mena-campaign-routine-default,"MenA:MenACWYX,routine,with:default",MenACWYX,total,routine,SEN,Senegal,2095,0,0,<NA>,<NA>,0.1900000000000000022204,both,0.2000000000000000111
mena-campaign-routine-default,"MenA:MenACWYX,routine,with:default",MenACWYX,total,routine,SEN,Senegal,2096,0,0,<NA>,<NA>,0.1900000000000000022204,both,0.2000000000000000111
mena-campaign-routine-default,"MenA:MenACWYX,routine,with:default",MenACWYX,total,routine,SEN,Senegal,2097,0,0,<NA>,<NA>,0.1900000000000000022204,both,0.2000000000000000111
mena-campaign-routine-default,"MenA:MenACWYX,routine,with:default",MenACWYX,total,routine,SEN,Senegal,2098,0,0,<NA>,<NA>,0.1900000000000000022204,both,0.2000000000000000111
mena-campaign-routine-default,"MenA:MenACWYX,routine,with:default",MenACWYX,total,routine,SEN,Senegal,2099,0,0,<NA>,<NA>,0.1900000000000000022204,both,0.2000000000000000111
mena-campaign-routine-default,"MenA:MenACWYX,routine,with:default",MenACWYX,total,routine,SEN,Senegal,2100,0,0,<NA>,<NA>,0.1900000000000000022204,both,0.2000000000000000111
mena-campaign-routine-default,"MenA:MenACWYX,routine,with:default",MenACWYX,total,routine,SSD,South Sudan,2027,0,0,<NA>,<NA>,0.3197582622885062342277,both,0.5
mena-campaign-routine-default,"MenA:MenACWYX,routine,with:default",MenACWYX,total,routine,SSD,South Sudan,2028,0,0,<NA>,<NA>,0.3322156765063078998068,both,0.5
mena-campaign-routine-default,"MenA:MenACWYX,routine,with:default",MenACWYX,total,routine,SSD,South Sudan,2029,0,0,<NA>,<NA>,0.3438120960901014377953,both,0.5
mena-campaign-routine-default,"MenA:MenACWYX,routine,with:default",MenACWYX,total,routine,SSD,South Sudan,2030,0,0,<NA>,<NA>,0.3546070287151419919702,both,0.5
mena-campaign-routine-default,"MenA:MenACWYX,routine,with:default",MenACWYX,total,routine,SSD,South Sudan,2031,0,0,<NA>,<NA>,0.3596070287151419964111,both,0.5
mena-campaign-routine-default,"MenA:MenACWYX,routine,with:default",MenACWYX,total,routine,SSD,South Sudan,2032,0,0,<NA>,<NA>,0.364607028715142000852,both,0.5
mena-campaign-routine-default,"MenA:MenACWYX,routine,with:default",MenACWYX,total,routine,SSD,South Sudan,2033,0,0,<NA>,<NA>,0.3696070287151420052929,both,0.5
mena-campaign-routine-default,"MenA:MenACWYX,routine,with:default",MenACWYX,total,routine,SSD,South Sudan,2034,0,0,<NA>,<NA>,0.3746070287151420097338,both,0.5
mena-campaign-routine-default,"MenA:MenACWYX,routine,with:default",MenACWYX,total,routine,SSD,South Sudan,2035,0,0,<NA>,<NA>,0.3796070287151420141747,both,0.5
mena-campaign-routine-default,"MenA:MenACWYX,routine,with:default",MenACWYX,total,routine,SSD,South Sudan,2036,0,0,<NA>,<NA>,0.3846070287151419631044,both,0.5
mena-campaign-routine-default,"MenA:MenACWYX,routine,with:default",MenACWYX,total,routine,SSD,South Sudan,2037,0,0,<NA>,<NA>,0.3896070287151419675453,both,0.5
mena-campaign-routine-default,"MenA:MenACWYX,routine,with:default",MenACWYX,total,routine,SSD,South Sudan,2038,0,0,<NA>,<NA>,0.3946070287151419719862,both,0.5
mena-campaign-routine-default,"MenA:MenACWYX,routine,with:default",MenACWYX,total,routine,SSD,South Sudan,2039,0,0,<NA>,<NA>,0.3996070287151419764271,both,0.5
mena-campaign-routine-default,"MenA:MenACWYX,routine,with:default",MenACWYX,total,routine,SSD,South Sudan,2040,0,0,<NA>,<NA>,0.404607028715141980868,both,0.5
mena-campaign-routine-default,"MenA:MenACWYX,routine,with:default",MenACWYX,total,routine,SSD,South Sudan,2041,0,0,<NA>,<NA>,0.4096070287151419853089,both,0.5
mena-campaign-routine-default,"MenA:MenACWYX,routine,with:default",MenACWYX,total,routine,SSD,South Sudan,2042,0,0,<NA>,<NA>,0.4146070287151419897498,both,0.5
mena-campaign-routine-default,"MenA:MenACWYX,routine,with:default",MenACWYX,total,routine,SSD,South Sudan,2043,0,0,<NA>,<NA>,0.4196070287151419941907,both,0.5
mena-campaign-routine-default,"MenA:MenACWYX,routine,with:default",MenACWYX,total,routine,SSD,South Sudan,2044,0,0,<NA>,<NA>,0.4246070287151419986316,both,0.5
mena-campaign-routine-default,"MenA:MenACWYX,routine,with:default",MenACWYX,total,routine,SSD,South Sudan,2045,0,0,<NA>,<NA>,0.4296070287151420030725,both,0.5
mena-campaign-routine-default,"MenA:MenACWYX,routine,with:default",MenACWYX,total,routine,SSD,South Sudan,2046,0,0,<NA>,<NA>,0.4346070287151420075134,both,0.5
mena-campaign-routine-default,"MenA:MenACWYX,routine,with:default",MenACWYX,total,routine,SSD,South Sudan,2047,0,0,<NA>,<NA>,0.4396070287151420119542,both,0.5
mena-campaign-routine-default,"MenA:MenACWYX,routine,with:default",MenACWYX,total,routine,SSD,South Sudan,2048,0,0,<NA>,<NA>,0.4446070287151420163951,both,0.5
mena-campaign-routine-default,"MenA:MenACWYX,routine,with:default",MenACWYX,total,routine,SSD,South Sudan,2049,0,0,<NA>,<NA>,0.449607028715142020836,both,0.5
mena-campaign-routine-default,"MenA:MenACWYX,routine,with:default",MenACWYX,total,routine,SSD,South Sudan,2050,0,0,<NA>,<NA>,0.4546070287151420252769,both,0.5
mena-campaign-routine-default,"MenA:MenACWYX,routine,with:default",MenACWYX,total,routine,SSD,South Sudan,2051,0,0,<NA>,<NA>,0.4596070287151419742067,both,0.5
mena-campaign-routine-default,"MenA:MenACWYX,routine,with:default",MenACWYX,total,routine,SSD,South Sudan,2052,0,0,<NA>,<NA>,0.4646070287151419786476,both,0.5
mena-campaign-routine-default,"MenA:MenACWYX,routine,with:default",MenACWYX,total,routine,SSD,South Sudan,2053,0,0,<NA>,<NA>,0.4696070287151419830884,both,0.5
mena-campaign-routine-default,"MenA:MenACWYX,routine,with:default",MenACWYX,total,routine,SSD,South Sudan,2054,0,0,<NA>,<NA>,0.4746070287151419875293,both,0.5
mena-campaign-routine-default,"MenA:MenACWYX,routine,with:default",MenACWYX,total,routine,SSD,South Sudan,2055,0,0,<NA>,<NA>,0.4749999999999999777955,both,0.5
mena-campaign-routine-default,"MenA:MenACWYX,routine,with:default",MenACWYX,total,routine,SSD,South Sudan,2056,0,0,<NA>,<NA>,0.4749999999999999777955,both,0.5
mena-campaign-routine-default,"MenA:MenACWYX,routine,with:default",MenACWYX,total,routine,SSD,South Sudan,2057,0,0,<NA>,<NA>,0.4749999999999999777955,both,0.5
mena-campaign-routine-default,"MenA:MenACWYX,routine,with:default",MenACWYX,total,routine,SSD,South Sudan,2058,0,0,<NA>,<NA>,0.4749999999999999777955,both,0.5
mena-campaign-routine-default,"MenA:MenACWYX,routine,with:default",MenACWYX,total,routine,SSD,South Sudan,2059,0,0,<NA>,<NA>,0.4749999999999999777955,both,0.5
mena-campaign-routine-default,"MenA:MenACWYX,routine,with:default",MenACWYX,total,routine,SSD,South Sudan,2060,0,0,<NA>,<NA>,0.4749999999999999777955,both,0.5
mena-campaign-routine-default,"MenA:MenACWYX,routine,with:default",MenACWYX,total,routine,SSD,South Sudan,2061,0,0,<NA>,<NA>,0.4749999999999999777955,both,0.5
mena-campaign-routine-default,"MenA:MenACWYX,routine,with:default",MenACWYX,total,routine,SSD,South Sudan,2062,0,0,<NA>,<NA>,0.4749999999999999777955,both,0.5
mena-campaign-routine-default,"MenA:MenACWYX,routine,with:default",MenACWYX,total,routine,SSD,South Sudan,2063,0,0,<NA>,<NA>,0.4749999999999999777955,both,0.5
mena-campaign-routine-default,"MenA:MenACWYX,routine,with:default",MenACWYX,total,routine,SSD,South Sudan,2064,0,0,<NA>,<NA>,0.4749999999999999777955,both,0.5
mena-campaign-routine-default,"MenA:MenACWYX,routine,with:default",MenACWYX,total,routine,SSD,South Sudan,2065,0,0,<NA>,<NA>,0.4749999999999999777955,both,0.5
mena-campaign-routine-default,"MenA:MenACWYX,routine,with:default",MenACWYX,total,routine,SSD,South Sudan,2066,0,0,<NA>,<NA>,0.4749999999999999777955,both,0.5
mena-campaign-routine-default,"MenA:MenACWYX,routine,with:default",MenACWYX,total,routine,SSD,South Sudan,2067,0,0,<NA>,<NA>,0.4749999999999999777955,both,0.5
mena-campaign-routine-default,"MenA:MenACWYX,routine,with:default",MenACWYX,total,routine,SSD,South Sudan,2068,0,0,<NA>,<NA>,0.4749999999999999777955,both,0.5
mena-campaign-routine-default,"MenA:MenACWYX,routine,with:default",MenACWYX,total,routine,SSD,South Sudan,2069,0,0,<NA>,<NA>,0.4749999999999999777955,both,0.5
mena-campaign-routine-default,"MenA:MenACWYX,routine,with:default",MenACWYX,total,routine,SSD,South Sudan,2070,0,0,<NA>,<NA>,0.4749999999999999777955,both,0.5
mena-campaign-routine-default,"MenA:MenACWYX,routine,with:default",MenACWYX,total,routine,SSD,South Sudan,2071,0,0,<NA>,<NA>,0.4749999999999999777955,both,0.5
mena-campaign-routine-default,"MenA:MenACWYX,routine,with:default",MenACWYX,total,routine,SSD,South Sudan,2072,0,0,<NA>,<NA>,0.4749999999999999777955,both,0.5
mena-campaign-routine-default,"MenA:MenACWYX,routine,with:default",MenACWYX,total,routine,SSD,South Sudan,2073,0,0,<NA>,<NA>,0.4749999999999999777955,both,0.5
mena-campaign-routine-default,"MenA:MenACWYX,routine,with:default",MenACWYX,total,routine,SSD,South Sudan,2074,0,0,<NA>,<NA>,0.4749999999999999777955,both,0.5
mena-campaign-routine-default,"MenA:MenACWYX,routine,with:default",MenACWYX,total,routine,SSD,South Sudan,2075,0,0,<NA>,<NA>,0.4749999999999999777955,both,0.5
mena-campaign-routine-default,"MenA:MenACWYX,routine,with:default",MenACWYX,total,routine,SSD,South Sudan,2076,0,0,<NA>,<NA>,0.4749999999999999777955,both,0.5
mena-campaign-routine-default,"MenA:MenACWYX,routine,with:default",MenACWYX,total,routine,SSD,South Sudan,2077,0,0,<NA>,<NA>,0.4749999999999999777955,both,0.5
mena-campaign-routine-default,"MenA:MenACWYX,routine,with:default",MenACWYX,total,routine,SSD,South Sudan,2078,0,0,<NA>,<NA>,0.4749999999999999777955,both,0.5
mena-campaign-routine-default,"MenA:MenACWYX,routine,with:default",MenACWYX,total,routine,SSD,South Sudan,2079,0,0,<NA>,<NA>,0.4749999999999999777955,both,0.5
mena-campaign-routine-default,"MenA:MenACWYX,routine,with:default",MenACWYX,total,routine,SSD,South Sudan,2080,0,0,<NA>,<NA>,0.4749999999999999777955,both,0.5
mena-campaign-routine-default,"MenA:MenACWYX,routine,with:default",MenACWYX,total,routine,SSD,South Sudan,2081,0,0,<NA>,<NA>,0.4749999999999999777955,both,0.5
mena-campaign-routine-default,"MenA:MenACWYX,routine,with:default",MenACWYX,total,routine,SSD,South Sudan,2082,0,0,<NA>,<NA>,0.4749999999999999777955,both,0.5
mena-campaign-routine-default,"MenA:MenACWYX,routine,with:default",MenACWYX,total,routine,SSD,South Sudan,2083,0,0,<NA>,<NA>,0.4749999999999999777955,both,0.5
mena-campaign-routine-default,"MenA:MenACWYX,routine,with:default",MenACWYX,total,routine,SSD,South Sudan,2084,0,0,<NA>,<NA>,0.4749999999999999777955,both,0.5
mena-campaign-routine-default,"MenA:MenACWYX,routine,with:default",MenACWYX,total,routine,SSD,South Sudan,2085,0,0,<NA>,<NA>,0.4749999999999999777955,both,0.5
mena-campaign-routine-default,"MenA:MenACWYX,routine,with:default",MenACWYX,total,routine,SSD,South Sudan,2086,0,0,<NA>,<NA>,0.4749999999999999777955,both,0.5
mena-campaign-routine-default,"MenA:MenACWYX,routine,with:default",MenACWYX,total,routine,SSD,South Sudan,2087,0,0,<NA>,<NA>,0.4749999999999999777955,both,0.5
mena-campaign-routine-default,"MenA:MenACWYX,routine,with:default",MenACWYX,total,routine,SSD,South Sudan,2088,0,0,<NA>,<NA>,0.4749999999999999777955,both,0.5
mena-campaign-routine-default,"MenA:MenACWYX,routine,with:default",MenACWYX,total,routine,SSD,South Sudan,2089,0,0,<NA>,<NA>,0.4749999999999999777955,both,0.5
mena-campaign-routine-default,"MenA:MenACWYX,routine,with:default",MenACWYX,total,routine,SSD,South Sudan,2090,0,0,<NA>,<NA>,0.4749999999999999777955,both,0.5
mena-campaign-routine-default,"MenA:MenACWYX,routine,with:default",MenACWYX,total,routine,SSD,South Sudan,2091,0,0,<NA>,<NA>,0.4749999999999999777955,both,0.5
mena-campaign-routine-default,"MenA:MenACWYX,routine,with:default",MenACWYX,total,routine,SSD,South Sudan,2092,0,0,<NA>,<NA>,0.4749999999999999777955,both,0.5
mena-campaign-routine-default,"MenA:MenACWYX,routine,with:default",MenACWYX,total,routine,SSD,South Sudan,2093,0,0,<NA>,<NA>,0.4749999999999999777955,both,0.5
mena-campaign-routine-default,"MenA:MenACWYX,routine,with:default",MenACWYX,total,routine,SSD,South Sudan,2094,0,0,<NA>,<NA>,0.4749999999999999777955,both,0.5
mena-campaign-routine-default,"MenA:MenACWYX,routine,with:default",MenACWYX,total,routine,SSD,South Sudan,2095,0,0,<NA>,<NA>,0.4749999999999999777955,both,0.5
mena-campaign-routine-default,"MenA:MenACWYX,routine,with:default",MenACWYX,total,routine,SSD,South Sudan,2096,0,0,<NA>,<NA>,0.4749999999999999777955,both,0.5
mena-campaign-routine-default,"MenA:MenACWYX,routine,with:default",MenACWYX,total,routine,SSD,South Sudan,2097,0,0,<NA>,<NA>,0.4749999999999999777955,both,0.5
mena-campaign-routine-default,"MenA:MenACWYX,routine,with:default",MenACWYX,total,routine,SSD,South Sudan,2098,0,0,<NA>,<NA>,0.4749999999999999777955,both,0.5
mena-campaign-routine-default,"MenA:MenACWYX,routine,with:default",MenACWYX,total,routine,SSD,South Sudan,2099,0,0,<NA>,<NA>,0.4749999999999999777955,both,0.5
mena-campaign-routine-default,"MenA:MenACWYX,routine,with:default",MenACWYX,total,routine,SSD,South Sudan,2100,0,0,<NA>,<NA>,0.4749999999999999777955,both,0.5
mena-campaign-routine-default,"MenA:MenACWYX,routine,with:default",MenACWYX,total,routine,TCD,Chad,2027,0,0,<NA>,<NA>,0.8336000000000000076383,both,1
mena-campaign-routine-default,"MenA:MenACWYX,routine,with:default",MenACWYX,total,routine,TCD,Chad,2028,0,0,<NA>,<NA>,0.8336000000000000076383,both,1
mena-campaign-routine-default,"MenA:MenACWYX,routine,with:default",MenACWYX,total,routine,TCD,Chad,2029,0,0,<NA>,<NA>,0.8336000000000000076383,both,1
mena-campaign-routine-default,"MenA:MenACWYX,routine,with:default",MenACWYX,total,routine,TCD,Chad,2030,0,0,<NA>,<NA>,0.8336000000000000076383,both,1
mena-campaign-routine-default,"MenA:MenACWYX,routine,with:default",MenACWYX,total,routine,TCD,Chad,2031,0,0,<NA>,<NA>,0.8436000000000000165201,both,1
mena-campaign-routine-default,"MenA:MenACWYX,routine,with:default",MenACWYX,total,routine,TCD,Chad,2032,0,0,<NA>,<NA>,0.8536000000000000254019,both,1
mena-campaign-routine-default,"MenA:MenACWYX,routine,with:default",MenACWYX,total,routine,TCD,Chad,2033,0,0,<NA>,<NA>,0.8636000000000000342837,both,1
mena-campaign-routine-default,"MenA:MenACWYX,routine,with:default",MenACWYX,total,routine,TCD,Chad,2034,0,0,<NA>,<NA>,0.8736000000000000431655,both,1
mena-campaign-routine-default,"MenA:MenACWYX,routine,with:default",MenACWYX,total,routine,TCD,Chad,2035,0,0,<NA>,<NA>,0.8836000000000000520473,both,1
mena-campaign-routine-default,"MenA:MenACWYX,routine,with:default",MenACWYX,total,routine,TCD,Chad,2036,0,0,<NA>,<NA>,0.8935999999999999499067,both,1
mena-campaign-routine-default,"MenA:MenACWYX,routine,with:default",MenACWYX,total,routine,TCD,Chad,2037,0,0,<NA>,<NA>,0.9035999999999999587885,both,1
mena-campaign-routine-default,"MenA:MenACWYX,routine,with:default",MenACWYX,total,routine,TCD,Chad,2038,0,0,<NA>,<NA>,0.9135999999999999676703,both,1
mena-campaign-routine-default,"MenA:MenACWYX,routine,with:default",MenACWYX,total,routine,TCD,Chad,2039,0,0,<NA>,<NA>,0.9235999999999999765521,both,1
mena-campaign-routine-default,"MenA:MenACWYX,routine,with:default",MenACWYX,total,routine,TCD,Chad,2040,0,0,<NA>,<NA>,0.9335999999999999854339,both,1
mena-campaign-routine-default,"MenA:MenACWYX,routine,with:default",MenACWYX,total,routine,TCD,Chad,2041,0,0,<NA>,<NA>,0.9435999999999999943157,both,1
mena-campaign-routine-default,"MenA:MenACWYX,routine,with:default",MenACWYX,total,routine,TCD,Chad,2042,0,0,<NA>,<NA>,0.9499999999999999555911,both,1
mena-campaign-routine-default,"MenA:MenACWYX,routine,with:default",MenACWYX,total,routine,TCD,Chad,2043,0,0,<NA>,<NA>,0.9499999999999999555911,both,1
mena-campaign-routine-default,"MenA:MenACWYX,routine,with:default",MenACWYX,total,routine,TCD,Chad,2044,0,0,<NA>,<NA>,0.9499999999999999555911,both,1
mena-campaign-routine-default,"MenA:MenACWYX,routine,with:default",MenACWYX,total,routine,TCD,Chad,2045,0,0,<NA>,<NA>,0.9499999999999999555911,both,1
mena-campaign-routine-default,"MenA:MenACWYX,routine,with:default",MenACWYX,total,routine,TCD,Chad,2046,0,0,<NA>,<NA>,0.9499999999999999555911,both,1
mena-campaign-routine-default,"MenA:MenACWYX,routine,with:default",MenACWYX,total,routine,TCD,Chad,2047,0,0,<NA>,<NA>,0.9499999999999999555911,both,1
mena-campaign-routine-default,"MenA:MenACWYX,routine,with:default",MenACWYX,total,routine,TCD,Chad,2048,0,0,<NA>,<NA>,0.9499999999999999555911,both,1
mena-campaign-routine-default,"MenA:MenACWYX,routine,with:default",MenACWYX,total,routine,TCD,Chad,2049,0,0,<NA>,<NA>,0.9499999999999999555911,both,1
mena-campaign-routine-default,"MenA:MenACWYX,routine,with:default",MenACWYX,total,routine,TCD,Chad,2050,0,0,<NA>,<NA>,0.9499999999999999555911,both,1
mena-campaign-routine-default,"MenA:MenACWYX,routine,with:default",MenACWYX,total,routine,TCD,Chad,2051,0,0,<NA>,<NA>,0.9499999999999999555911,both,1
mena-campaign-routine-default,"MenA:MenACWYX,routine,with:default",MenACWYX,total,routine,TCD,Chad,2052,0,0,<NA>,<NA>,0.9499999999999999555911,both,1
mena-campaign-routine-default,"MenA:MenACWYX,routine,with:default",MenACWYX,total,routine,TCD,Chad,2053,0,0,<NA>,<NA>,0.9499999999999999555911,both,1
mena-campaign-routine-default,"MenA:MenACWYX,routine,with:default",MenACWYX,total,routine,TCD,Chad,2054,0,0,<NA>,<NA>,0.9499999999999999555911,both,1
mena-campaign-routine-default,"MenA:MenACWYX,routine,with:default",MenACWYX,total,routine,TCD,Chad,2055,0,0,<NA>,<NA>,0.9499999999999999555911,both,1
mena-campaign-routine-default,"MenA:MenACWYX,routine,with:default",MenACWYX,total,routine,TCD,Chad,2056,0,0,<NA>,<NA>,0.9499999999999999555911,both,1
mena-campaign-routine-default,"MenA:MenACWYX,routine,with:default",MenACWYX,total,routine,TCD,Chad,2057,0,0,<NA>,<NA>,0.9499999999999999555911,both,1
mena-campaign-routine-default,"MenA:MenACWYX,routine,with:default",MenACWYX,total,routine,TCD,Chad,2058,0,0,<NA>,<NA>,0.9499999999999999555911,both,1
mena-campaign-routine-default,"MenA:MenACWYX,routine,with:default",MenACWYX,total,routine,TCD,Chad,2059,0,0,<NA>,<NA>,0.9499999999999999555911,both,1
mena-campaign-routine-default,"MenA:MenACWYX,routine,with:default",MenACWYX,total,routine,TCD,Chad,2060,0,0,<NA>,<NA>,0.9499999999999999555911,both,1
mena-campaign-routine-default,"MenA:MenACWYX,routine,with:default",MenACWYX,total,routine,TCD,Chad,2061,0,0,<NA>,<NA>,0.9499999999999999555911,both,1
mena-campaign-routine-default,"MenA:MenACWYX,routine,with:default",MenACWYX,total,routine,TCD,Chad,2062,0,0,<NA>,<NA>,0.9499999999999999555911,both,1
mena-campaign-routine-default,"MenA:MenACWYX,routine,with:default",MenACWYX,total,routine,TCD,Chad,2063,0,0,<NA>,<NA>,0.9499999999999999555911,both,1
mena-campaign-routine-default,"MenA:MenACWYX,routine,with:default",MenACWYX,total,routine,TCD,Chad,2064,0,0,<NA>,<NA>,0.9499999999999999555911,both,1
mena-campaign-routine-default,"MenA:MenACWYX,routine,with:default",MenACWYX,total,routine,TCD,Chad,2065,0,0,<NA>,<NA>,0.9499999999999999555911,both,1
mena-campaign-routine-default,"MenA:MenACWYX,routine,with:default",MenACWYX,total,routine,TCD,Chad,2066,0,0,<NA>,<NA>,0.9499999999999999555911,both,1
mena-campaign-routine-default,"MenA:MenACWYX,routine,with:default",MenACWYX,total,routine,TCD,Chad,2067,0,0,<NA>,<NA>,0.9499999999999999555911,both,1
mena-campaign-routine-default,"MenA:MenACWYX,routine,with:default",MenACWYX,total,routine,TCD,Chad,2068,0,0,<NA>,<NA>,0.9499999999999999555911,both,1
mena-campaign-routine-default,"MenA:MenACWYX,routine,with:default",MenACWYX,total,routine,TCD,Chad,2069,0,0,<NA>,<NA>,0.9499999999999999555911,both,1
mena-campaign-routine-default,"MenA:MenACWYX,routine,with:default",MenACWYX,total,routine,TCD,Chad,2070,0,0,<NA>,<NA>,0.9499999999999999555911,both,1
mena-campaign-routine-default,"MenA:MenACWYX,routine,with:default",MenACWYX,total,routine,TCD,Chad,2071,0,0,<NA>,<NA>,0.9499999999999999555911,both,1
mena-campaign-routine-default,"MenA:MenACWYX,routine,with:default",MenACWYX,total,routine,TCD,Chad,2072,0,0,<NA>,<NA>,0.9499999999999999555911,both,1
mena-campaign-routine-default,"MenA:MenACWYX,routine,with:default",MenACWYX,total,routine,TCD,Chad,2073,0,0,<NA>,<NA>,0.9499999999999999555911,both,1
mena-campaign-routine-default,"MenA:MenACWYX,routine,with:default",MenACWYX,total,routine,TCD,Chad,2074,0,0,<NA>,<NA>,0.9499999999999999555911,both,1
mena-campaign-routine-default,"MenA:MenACWYX,routine,with:default",MenACWYX,total,routine,TCD,Chad,2075,0,0,<NA>,<NA>,0.9499999999999999555911,both,1
mena-campaign-routine-default,"MenA:MenACWYX,routine,with:default",MenACWYX,total,routine,TCD,Chad,2076,0,0,<NA>,<NA>,0.9499999999999999555911,both,1
mena-campaign-routine-default,"MenA:MenACWYX,routine,with:default",MenACWYX,total,routine,TCD,Chad,2077,0,0,<NA>,<NA>,0.9499999999999999555911,both,1
mena-campaign-routine-default,"MenA:MenACWYX,routine,with:default",MenACWYX,total,routine,TCD,Chad,2078,0,0,<NA>,<NA>,0.9499999999999999555911,both,1
mena-campaign-routine-default,"MenA:MenACWYX,routine,with:default",MenACWYX,total,routine,TCD,Chad,2079,0,0,<NA>,<NA>,0.9499999999999999555911,both,1
mena-campaign-routine-default,"MenA:MenACWYX,routine,with:default",MenACWYX,total,routine,TCD,Chad,2080,0,0,<NA>,<NA>,0.9499999999999999555911,both,1
mena-campaign-routine-default,"MenA:MenACWYX,routine,with:default",MenACWYX,total,routine,TCD,Chad,2081,0,0,<NA>,<NA>,0.9499999999999999555911,both,1
mena-campaign-routine-default,"MenA:MenACWYX,routine,with:default",MenACWYX,total,routine,TCD,Chad,2082,0,0,<NA>,<NA>,0.9499999999999999555911,both,1
mena-campaign-routine-default,"MenA:MenACWYX,routine,with:default",MenACWYX,total,routine,TCD,Chad,2083,0,0,<NA>,<NA>,0.9499999999999999555911,both,1
mena-campaign-routine-default,"MenA:MenACWYX,routine,with:default",MenACWYX,total,routine,TCD,Chad,2084,0,0,<NA>,<NA>,0.9499999999999999555911,both,1
mena-campaign-routine-default,"MenA:MenACWYX,routine,with:default",MenACWYX,total,routine,TCD,Chad,2085,0,0,<NA>,<NA>,0.9499999999999999555911,both,1
mena-campaign-routine-default,"MenA:MenACWYX,routine,with:default",MenACWYX,total,routine,TCD,Chad,2086,0,0,<NA>,<NA>,0.9499999999999999555911,both,1
mena-campaign-routine-default,"MenA:MenACWYX,routine,with:default",MenACWYX,total,routine,TCD,Chad,2087,0,0,<NA>,<NA>,0.9499999999999999555911,both,1
mena-campaign-routine-default,"MenA:MenACWYX,routine,with:default",MenACWYX,total,routine,TCD,Chad,2088,0,0,<NA>,<NA>,0.9499999999999999555911,both,1
mena-campaign-routine-default,"MenA:MenACWYX,routine,with:default",MenACWYX,total,routine,TCD,Chad,2089,0,0,<NA>,<NA>,0.9499999999999999555911,both,1
mena-campaign-routine-default,"MenA:MenACWYX,routine,with:default",MenACWYX,total,routine,TCD,Chad,2090,0,0,<NA>,<NA>,0.9499999999999999555911,both,1
mena-campaign-routine-default,"MenA:MenACWYX,routine,with:default",MenACWYX,total,routine,TCD,Chad,2091,0,0,<NA>,<NA>,0.9499999999999999555911,both,1
mena-campaign-routine-default,"MenA:MenACWYX,routine,with:default",MenACWYX,total,routine,TCD,Chad,2092,0,0,<NA>,<NA>,0.9499999999999999555911,both,1
mena-campaign-routine-default,"MenA:MenACWYX,routine,with:default",MenACWYX,total,routine,TCD,Chad,2093,0,0,<NA>,<NA>,0.9499999999999999555911,both,1
mena-campaign-routine-default,"MenA:MenACWYX,routine,with:default",MenACWYX,total,routine,TCD,Chad,2094,0,0,<NA>,<NA>,0.9499999999999999555911,both,1
mena-campaign-routine-default,"MenA:MenACWYX,routine,with:default",MenACWYX,total,routine,TCD,Chad,2095,0,0,<NA>,<NA>,0.9499999999999999555911,both,1
mena-campaign-routine-default,"MenA:MenACWYX,routine,with:default",MenACWYX,total,routine,TCD,Chad,2096,0,0,<NA>,<NA>,0.9499999999999999555911,both,1
mena-campaign-routine-default,"MenA:MenACWYX,routine,with:default",MenACWYX,total,routine,TCD,Chad,2097,0,0,<NA>,<NA>,0.9499999999999999555911,both,1
mena-campaign-routine-default,"MenA:MenACWYX,routine,with:default",MenACWYX,total,routine,TCD,Chad,2098,0,0,<NA>,<NA>,0.9499999999999999555911,both,1
mena-campaign-routine-default,"MenA:MenACWYX,routine,with:default",MenACWYX,total,routine,TCD,Chad,2099,0,0,<NA>,<NA>,0.9499999999999999555911,both,1
mena-campaign-routine-default,"MenA:MenACWYX,routine,with:default",MenACWYX,total,routine,TCD,Chad,2100,0,0,<NA>,<NA>,0.9499999999999999555911,both,1
mena-campaign-routine-default,"MenA:MenACWYX,routine,with:default",MenACWYX,total,routine,TGO,Togo,2027,0,0,<NA>,<NA>,0.1999977174627431963927,both,0.2000000000000000111
mena-campaign-routine-default,"MenA:MenACWYX,routine,with:default",MenACWYX,total,routine,TGO,Togo,2028,0,0,<NA>,<NA>,0.1999411295477105943164,both,0.2000000000000000111
mena-campaign-routine-default,"MenA:MenACWYX,routine,with:default",MenACWYX,total,routine,TGO,Togo,2029,0,0,<NA>,<NA>,0.19848163260317586154,both,0.2000000000000000111
mena-campaign-routine-default,"MenA:MenACWYX,routine,with:default",MenACWYX,total,routine,TGO,Togo,2030,0,0,<NA>,<NA>,0.1608387661028150006359,both,0.2000000000000000111
mena-campaign-routine-default,"MenA:MenACWYX,routine,with:default",MenACWYX,total,routine,TGO,Togo,2031,0,0,<NA>,<NA>,0.1628387661028150024123,both,0.2000000000000000111
mena-campaign-routine-default,"MenA:MenACWYX,routine,with:default",MenACWYX,total,routine,TGO,Togo,2032,0,0,<NA>,<NA>,0.1648387661028150041886,both,0.2000000000000000111
mena-campaign-routine-default,"MenA:MenACWYX,routine,with:default",MenACWYX,total,routine,TGO,Togo,2033,0,0,<NA>,<NA>,0.166838766102815005965,both,0.2000000000000000111
mena-campaign-routine-default,"MenA:MenACWYX,routine,with:default",MenACWYX,total,routine,TGO,Togo,2034,0,0,<NA>,<NA>,0.1688387661028150077414,both,0.2000000000000000111
mena-campaign-routine-default,"MenA:MenACWYX,routine,with:default",MenACWYX,total,routine,TGO,Togo,2035,0,0,<NA>,<NA>,0.1708387661028150095177,both,0.2000000000000000111
mena-campaign-routine-default,"MenA:MenACWYX,routine,with:default",MenACWYX,total,routine,TGO,Togo,2036,0,0,<NA>,<NA>,0.1728387661028150112941,both,0.2000000000000000111
mena-campaign-routine-default,"MenA:MenACWYX,routine,with:default",MenACWYX,total,routine,TGO,Togo,2037,0,0,<NA>,<NA>,0.1748387661028150130704,both,0.2000000000000000111
mena-campaign-routine-default,"MenA:MenACWYX,routine,with:default",MenACWYX,total,routine,TGO,Togo,2038,0,0,<NA>,<NA>,0.1768387661028150148468,both,0.2000000000000000111
mena-campaign-routine-default,"MenA:MenACWYX,routine,with:default",MenACWYX,total,routine,TGO,Togo,2039,0,0,<NA>,<NA>,0.1788387661028150166231,both,0.2000000000000000111
mena-campaign-routine-default,"MenA:MenACWYX,routine,with:default",MenACWYX,total,routine,TGO,Togo,2040,0,0,<NA>,<NA>,0.1808387661028150183995,both,0.2000000000000000111
mena-campaign-routine-default,"MenA:MenACWYX,routine,with:default",MenACWYX,total,routine,TGO,Togo,2041,0,0,<NA>,<NA>,0.1828387661028150201759,both,0.2000000000000000111
mena-campaign-routine-default,"MenA:MenACWYX,routine,with:default",MenACWYX,total,routine,TGO,Togo,2042,0,0,<NA>,<NA>,0.1848387661028150219522,both,0.2000000000000000111
mena-campaign-routine-default,"MenA:MenACWYX,routine,with:default",MenACWYX,total,routine,TGO,Togo,2043,0,0,<NA>,<NA>,0.1868387661028150237286,both,0.2000000000000000111
mena-campaign-routine-default,"MenA:MenACWYX,routine,with:default",MenACWYX,total,routine,TGO,Togo,2044,0,0,<NA>,<NA>,0.1888387661028150255049,both,0.2000000000000000111
mena-campaign-routine-default,"MenA:MenACWYX,routine,with:default",MenACWYX,total,routine,TGO,Togo,2045,0,0,<NA>,<NA>,0.1908387661028150272813,both,0.2000000000000000111
mena-campaign-routine-default,"MenA:MenACWYX,routine,with:default",MenACWYX,total,routine,TGO,Togo,2046,0,0,<NA>,<NA>,0.1928387661028150290576,both,0.2000000000000000111
mena-campaign-routine-default,"MenA:MenACWYX,routine,with:default",MenACWYX,total,routine,TGO,Togo,2047,0,0,<NA>,<NA>,0.194838766102815030834,both,0.2000000000000000111
mena-campaign-routine-default,"MenA:MenACWYX,routine,with:default",MenACWYX,total,routine,TGO,Togo,2048,0,0,<NA>,<NA>,0.1968387661028150048548,both,0.2000000000000000111
mena-campaign-routine-default,"MenA:MenACWYX,routine,with:default",MenACWYX,total,routine,TGO,Togo,2049,0,0,<NA>,<NA>,0.1988387661028150066311,both,0.2000000000000000111
mena-campaign-routine-default,"MenA:MenACWYX,routine,with:default",MenACWYX,total,routine,TGO,Togo,2050,0,0,<NA>,<NA>,0.1999999999998000044243,both,0.2000000000000000111
mena-campaign-routine-default,"MenA:MenACWYX,routine,with:default",MenACWYX,total,routine,TGO,Togo,2051,0,0,<NA>,<NA>,0.1999999999998000044243,both,0.2000000000000000111
mena-campaign-routine-default,"MenA:MenACWYX,routine,with:default",MenACWYX,total,routine,TGO,Togo,2052,0,0,<NA>,<NA>,0.1999999999998000044243,both,0.2000000000000000111
mena-campaign-routine-default,"MenA:MenACWYX,routine,with:default",MenACWYX,total,routine,TGO,Togo,2053,0,0,<NA>,<NA>,0.1999999999998000044243,both,0.2000000000000000111
mena-campaign-routine-default,"MenA:MenACWYX,routine,with:default",MenACWYX,total,routine,TGO,Togo,2054,0,0,<NA>,<NA>,0.1999999999998000044243,both,0.2000000000000000111
mena-campaign-routine-default,"MenA:MenACWYX,routine,with:default",MenACWYX,total,routine,TGO,Togo,2055,0,0,<NA>,<NA>,0.1999999999998000044243,both,0.2000000000000000111
mena-campaign-routine-default,"MenA:MenACWYX,routine,with:default",MenACWYX,total,routine,TGO,Togo,2056,0,0,<NA>,<NA>,0.1999999999998000044243,both,0.2000000000000000111
mena-campaign-routine-default,"MenA:MenACWYX,routine,with:default",MenACWYX,total,routine,TGO,Togo,2057,0,0,<NA>,<NA>,0.1999999999998000044243,both,0.2000000000000000111
mena-campaign-routine-default,"MenA:MenACWYX,routine,with:default",MenACWYX,total,routine,TGO,Togo,2058,0,0,<NA>,<NA>,0.1999999999998000044243,both,0.2000000000000000111
mena-campaign-routine-default,"MenA:MenACWYX,routine,with:default",MenACWYX,total,routine,TGO,Togo,2059,0,0,<NA>,<NA>,0.1999999999998000044243,both,0.2000000000000000111
mena-campaign-routine-default,"MenA:MenACWYX,routine,with:default",MenACWYX,total,routine,TGO,Togo,2060,0,0,<NA>,<NA>,0.1999999999998000044243,both,0.2000000000000000111
mena-campaign-routine-default,"MenA:MenACWYX,routine,with:default",MenACWYX,total,routine,TGO,Togo,2061,0,0,<NA>,<NA>,0.1999999999998000044243,both,0.2000000000000000111
mena-campaign-routine-default,"MenA:MenACWYX,routine,with:default",MenACWYX,total,routine,TGO,Togo,2062,0,0,<NA>,<NA>,0.1999999999998000044243,both,0.2000000000000000111
mena-campaign-routine-default,"MenA:MenACWYX,routine,with:default",MenACWYX,total,routine,TGO,Togo,2063,0,0,<NA>,<NA>,0.1999999999998000044243,both,0.2000000000000000111
mena-campaign-routine-default,"MenA:MenACWYX,routine,with:default",MenACWYX,total,routine,TGO,Togo,2064,0,0,<NA>,<NA>,0.1999999999998000044243,both,0.2000000000000000111
mena-campaign-routine-default,"MenA:MenACWYX,routine,with:default",MenACWYX,total,routine,TGO,Togo,2065,0,0,<NA>,<NA>,0.1999999999998000044243,both,0.2000000000000000111
mena-campaign-routine-default,"MenA:MenACWYX,routine,with:default",MenACWYX,total,routine,TGO,Togo,2066,0,0,<NA>,<NA>,0.1999999999998000044243,both,0.2000000000000000111
mena-campaign-routine-default,"MenA:MenACWYX,routine,with:default",MenACWYX,total,routine,TGO,Togo,2067,0,0,<NA>,<NA>,0.1999999999998000044243,both,0.2000000000000000111
mena-campaign-routine-default,"MenA:MenACWYX,routine,with:default",MenACWYX,total,routine,TGO,Togo,2068,0,0,<NA>,<NA>,0.1999999999998000044243,both,0.2000000000000000111
mena-campaign-routine-default,"MenA:MenACWYX,routine,with:default",MenACWYX,total,routine,TGO,Togo,2069,0,0,<NA>,<NA>,0.1999999999998000044243,both,0.2000000000000000111
mena-campaign-routine-default,"MenA:MenACWYX,routine,with:default",MenACWYX,total,routine,TGO,Togo,2070,0,0,<NA>,<NA>,0.1999999999998000044243,both,0.2000000000000000111
mena-campaign-routine-default,"MenA:MenACWYX,routine,with:default",MenACWYX,total,routine,TGO,Togo,2071,0,0,<NA>,<NA>,0.1999999999998000044243,both,0.2000000000000000111
mena-campaign-routine-default,"MenA:MenACWYX,routine,with:default",MenACWYX,total,routine,TGO,Togo,2072,0,0,<NA>,<NA>,0.1999999999998000044243,both,0.2000000000000000111
mena-campaign-routine-default,"MenA:MenACWYX,routine,with:default",MenACWYX,total,routine,TGO,Togo,2073,0,0,<NA>,<NA>,0.1999999999998000044243,both,0.2000000000000000111
mena-campaign-routine-default,"MenA:MenACWYX,routine,with:default",MenACWYX,total,routine,TGO,Togo,2074,0,0,<NA>,<NA>,0.1999999999998000044243,both,0.2000000000000000111
mena-campaign-routine-default,"MenA:MenACWYX,routine,with:default",MenACWYX,total,routine,TGO,Togo,2075,0,0,<NA>,<NA>,0.1999999999998000044243,both,0.2000000000000000111
mena-campaign-routine-default,"MenA:MenACWYX,routine,with:default",MenACWYX,total,routine,TGO,Togo,2076,0,0,<NA>,<NA>,0.1999999999998000044243,both,0.2000000000000000111
mena-campaign-routine-default,"MenA:MenACWYX,routine,with:default",MenACWYX,total,routine,TGO,Togo,2077,0,0,<NA>,<NA>,0.1999999999998000044243,both,0.2000000000000000111
mena-campaign-routine-default,"MenA:MenACWYX,routine,with:default",MenACWYX,total,routine,TGO,Togo,2078,0,0,<NA>,<NA>,0.1999999999998000044243,both,0.2000000000000000111
mena-campaign-routine-default,"MenA:MenACWYX,routine,with:default",MenACWYX,total,routine,TGO,Togo,2079,0,0,<NA>,<NA>,0.1999999999998000044243,both,0.2000000000000000111
mena-campaign-routine-default,"MenA:MenACWYX,routine,with:default",MenACWYX,total,routine,TGO,Togo,2080,0,0,<NA>,<NA>,0.1999999999998000044243,both,0.2000000000000000111
mena-campaign-routine-default,"MenA:MenACWYX,routine,with:default",MenACWYX,total,routine,TGO,Togo,2081,0,0,<NA>,<NA>,0.1999999999998000044243,both,0.2000000000000000111
mena-campaign-routine-default,"MenA:MenACWYX,routine,with:default",MenACWYX,total,routine,TGO,Togo,2082,0,0,<NA>,<NA>,0.1999999999998000044243,both,0.2000000000000000111
mena-campaign-routine-default,"MenA:MenACWYX,routine,with:default",MenACWYX,total,routine,TGO,Togo,2083,0,0,<NA>,<NA>,0.1999999999998000044243,both,0.2000000000000000111
mena-campaign-routine-default,"MenA:MenACWYX,routine,with:default",MenACWYX,total,routine,TGO,Togo,2084,0,0,<NA>,<NA>,0.1999999999998000044243,both,0.2000000000000000111
mena-campaign-routine-default,"MenA:MenACWYX,routine,with:default",MenACWYX,total,routine,TGO,Togo,2085,0,0,<NA>,<NA>,0.1999999999998000044243,both,0.2000000000000000111
mena-campaign-routine-default,"MenA:MenACWYX,routine,with:default",MenACWYX,total,routine,TGO,Togo,2086,0,0,<NA>,<NA>,0.1999999999998000044243,both,0.2000000000000000111
mena-campaign-routine-default,"MenA:MenACWYX,routine,with:default",MenACWYX,total,routine,TGO,Togo,2087,0,0,<NA>,<NA>,0.1999999999998000044243,both,0.2000000000000000111
mena-campaign-routine-default,"MenA:MenACWYX,routine,with:default",MenACWYX,total,routine,TGO,Togo,2088,0,0,<NA>,<NA>,0.1999999999998000044243,both,0.2000000000000000111
mena-campaign-routine-default,"MenA:MenACWYX,routine,with:default",MenACWYX,total,routine,TGO,Togo,2089,0,0,<NA>,<NA>,0.1999999999998000044243,both,0.2000000000000000111
mena-campaign-routine-default,"MenA:MenACWYX,routine,with:default",MenACWYX,total,routine,TGO,Togo,2090,0,0,<NA>,<NA>,0.1999999999998000044243,both,0.2000000000000000111
mena-campaign-routine-default,"MenA:MenACWYX,routine,with:default",MenACWYX,total,routine,TGO,Togo,2091,0,0,<NA>,<NA>,0.1999999999998000044243,both,0.2000000000000000111
mena-campaign-routine-default,"MenA:MenACWYX,routine,with:default",MenACWYX,total,routine,TGO,Togo,2092,0,0,<NA>,<NA>,0.1999999999998000044243,both,0.2000000000000000111
mena-campaign-routine-default,"MenA:MenACWYX,routine,with:default",MenACWYX,total,routine,TGO,Togo,2093,0,0,<NA>,<NA>,0.1999999999998000044243,both,0.2000000000000000111
mena-campaign-routine-default,"MenA:MenACWYX,routine,with:default",MenACWYX,total,routine,TGO,Togo,2094,0,0,<NA>,<NA>,0.1999999999998000044243,both,0.2000000000000000111
mena-campaign-routine-default,"MenA:MenACWYX,routine,with:default",MenACWYX,total,routine,TGO,Togo,2095,0,0,<NA>,<NA>,0.1999999999998000044243,both,0.2000000000000000111
mena-campaign-routine-default,"MenA:MenACWYX,routine,with:default",MenACWYX,total,routine,TGO,Togo,2096,0,0,<NA>,<NA>,0.1999999999998000044243,both,0.2000000000000000111
mena-campaign-routine-default,"MenA:MenACWYX,routine,with:default",MenACWYX,total,routine,TGO,Togo,2097,0,0,<NA>,<NA>,0.1999999999998000044243,both,0.2000000000000000111
mena-campaign-routine-default,"MenA:MenACWYX,routine,with:default",MenACWYX,total,routine,TGO,Togo,2098,0,0,<NA>,<NA>,0.1999999999998000044243,both,0.2000000000000000111
mena-campaign-routine-default,"MenA:MenACWYX,routine,with:default",MenACWYX,total,routine,TGO,Togo,2099,0,0,<NA>,<NA>,0.1999999999998000044243,both,0.2000000000000000111
mena-campaign-routine-default,"MenA:MenACWYX,routine,with:default",MenACWYX,total,routine,TGO,Togo,2100,0,0,<NA>,<NA>,0.1999999999998000044243,both,0.2000000000000000111
mena-campaign-routine-default,"MenA:MenACWYX,routine,with:default",MenACWYX,total,routine,TZA,"Tanzania, United Republic of",2027,0,0,<NA>,<NA>,0.0524039217301817128458,both,0.1000000000000000056
mena-campaign-routine-default,"MenA:MenACWYX,routine,with:default",MenACWYX,total,routine,TZA,"Tanzania, United Republic of",2028,0,0,<NA>,<NA>,0.0704000000000000042411,both,0.1000000000000000056
mena-campaign-routine-default,"MenA:MenACWYX,routine,with:default",MenACWYX,total,routine,TZA,"Tanzania, United Republic of",2029,0,0,<NA>,<NA>,0.08005648052656270941,both,0.1000000000000000056
mena-campaign-routine-default,"MenA:MenACWYX,routine,with:default",MenACWYX,total,routine,TZA,"Tanzania, United Republic of",2030,0,0,<NA>,<NA>,0.0865627037504266005907,both,0.1000000000000000056
mena-campaign-routine-default,"MenA:MenACWYX,routine,with:default",MenACWYX,total,routine,TZA,"Tanzania, United Republic of",2031,0,0,<NA>,<NA>,0.0875627037504266014789,both,0.1000000000000000056
mena-campaign-routine-default,"MenA:MenACWYX,routine,with:default",MenACWYX,total,routine,TZA,"Tanzania, United Republic of",2032,0,0,<NA>,<NA>,0.0885627037504266023671,both,0.1000000000000000056
mena-campaign-routine-default,"MenA:MenACWYX,routine,with:default",MenACWYX,total,routine,TZA,"Tanzania, United Republic of",2033,0,0,<NA>,<NA>,0.0895627037504266032553,both,0.1000000000000000056
mena-campaign-routine-default,"MenA:MenACWYX,routine,with:default",MenACWYX,total,routine,TZA,"Tanzania, United Republic of",2034,0,0,<NA>,<NA>,0.0905627037504266041434,both,0.1000000000000000056
mena-campaign-routine-default,"MenA:MenACWYX,routine,with:default",MenACWYX,total,routine,TZA,"Tanzania, United Republic of",2035,0,0,<NA>,<NA>,0.0915627037504266050316,both,0.1000000000000000056
mena-campaign-routine-default,"MenA:MenACWYX,routine,with:default",MenACWYX,total,routine,TZA,"Tanzania, United Republic of",2036,0,0,<NA>,<NA>,0.092562703750426592042,both,0.1000000000000000056
mena-campaign-routine-default,"MenA:MenACWYX,routine,with:default",MenACWYX,total,routine,TZA,"Tanzania, United Republic of",2037,0,0,<NA>,<NA>,0.0935627037504265929302,both,0.1000000000000000056
mena-campaign-routine-default,"MenA:MenACWYX,routine,with:default",MenACWYX,total,routine,TZA,"Tanzania, United Republic of",2038,0,0,<NA>,<NA>,0.0945627037504265938184,both,0.1000000000000000056
mena-campaign-routine-default,"MenA:MenACWYX,routine,with:default",MenACWYX,total,routine,TZA,"Tanzania, United Republic of",2039,0,0,<NA>,<NA>,0.0950000000000000011102,both,0.1000000000000000056
mena-campaign-routine-default,"MenA:MenACWYX,routine,with:default",MenACWYX,total,routine,TZA,"Tanzania, United Republic of",2040,0,0,<NA>,<NA>,0.0950000000000000011102,both,0.1000000000000000056
mena-campaign-routine-default,"MenA:MenACWYX,routine,with:default",MenACWYX,total,routine,TZA,"Tanzania, United Republic of",2041,0,0,<NA>,<NA>,0.0950000000000000011102,both,0.1000000000000000056
mena-campaign-routine-default,"MenA:MenACWYX,routine,with:default",MenACWYX,total,routine,TZA,"Tanzania, United Republic of",2042,0,0,<NA>,<NA>,0.0950000000000000011102,both,0.1000000000000000056
mena-campaign-routine-default,"MenA:MenACWYX,routine,with:default",MenACWYX,total,routine,TZA,"Tanzania, United Republic of",2043,0,0,<NA>,<NA>,0.0950000000000000011102,both,0.1000000000000000056
mena-campaign-routine-default,"MenA:MenACWYX,routine,with:default",MenACWYX,total,routine,TZA,"Tanzania, United Republic of",2044,0,0,<NA>,<NA>,0.0950000000000000011102,both,0.1000000000000000056
mena-campaign-routine-default,"MenA:MenACWYX,routine,with:default",MenACWYX,total,routine,TZA,"Tanzania, United Republic of",2045,0,0,<NA>,<NA>,0.0950000000000000011102,both,0.1000000000000000056
mena-campaign-routine-default,"MenA:MenACWYX,routine,with:default",MenACWYX,total,routine,TZA,"Tanzania, United Republic of",2046,0,0,<NA>,<NA>,0.0950000000000000011102,both,0.1000000000000000056
mena-campaign-routine-default,"MenA:MenACWYX,routine,with:default",MenACWYX,total,routine,TZA,"Tanzania, United Republic of",2047,0,0,<NA>,<NA>,0.0950000000000000011102,both,0.1000000000000000056
mena-campaign-routine-default,"MenA:MenACWYX,routine,with:default",MenACWYX,total,routine,TZA,"Tanzania, United Republic of",2048,0,0,<NA>,<NA>,0.0950000000000000011102,both,0.1000000000000000056
mena-campaign-routine-default,"MenA:MenACWYX,routine,with:default",MenACWYX,total,routine,TZA,"Tanzania, United Republic of",2049,0,0,<NA>,<NA>,0.0950000000000000011102,both,0.1000000000000000056
mena-campaign-routine-default,"MenA:MenACWYX,routine,with:default",MenACWYX,total,routine,TZA,"Tanzania, United Republic of",2050,0,0,<NA>,<NA>,0.0950000000000000011102,both,0.1000000000000000056
mena-campaign-routine-default,"MenA:MenACWYX,routine,with:default",MenACWYX,total,routine,TZA,"Tanzania, United Republic of",2051,0,0,<NA>,<NA>,0.0950000000000000011102,both,0.1000000000000000056
mena-campaign-routine-default,"MenA:MenACWYX,routine,with:default",MenACWYX,total,routine,TZA,"Tanzania, United Republic of",2052,0,0,<NA>,<NA>,0.0950000000000000011102,both,0.1000000000000000056
mena-campaign-routine-default,"MenA:MenACWYX,routine,with:default",MenACWYX,total,routine,TZA,"Tanzania, United Republic of",2053,0,0,<NA>,<NA>,0.0950000000000000011102,both,0.1000000000000000056
mena-campaign-routine-default,"MenA:MenACWYX,routine,with:default",MenACWYX,total,routine,TZA,"Tanzania, United Republic of",2054,0,0,<NA>,<NA>,0.0950000000000000011102,both,0.1000000000000000056
mena-campaign-routine-default,"MenA:MenACWYX,routine,with:default",MenACWYX,total,routine,TZA,"Tanzania, United Republic of",2055,0,0,<NA>,<NA>,0.0950000000000000011102,both,0.1000000000000000056
mena-campaign-routine-default,"MenA:MenACWYX,routine,with:default",MenACWYX,total,routine,TZA,"Tanzania, United Republic of",2056,0,0,<NA>,<NA>,0.0950000000000000011102,both,0.1000000000000000056
mena-campaign-routine-default,"MenA:MenACWYX,routine,with:default",MenACWYX,total,routine,TZA,"Tanzania, United Republic of",2057,0,0,<NA>,<NA>,0.0950000000000000011102,both,0.1000000000000000056
mena-campaign-routine-default,"MenA:MenACWYX,routine,with:default",MenACWYX,total,routine,TZA,"Tanzania, United Republic of",2058,0,0,<NA>,<NA>,0.0950000000000000011102,both,0.1000000000000000056
mena-campaign-routine-default,"MenA:MenACWYX,routine,with:default",MenACWYX,total,routine,TZA,"Tanzania, United Republic of",2059,0,0,<NA>,<NA>,0.0950000000000000011102,both,0.1000000000000000056
mena-campaign-routine-default,"MenA:MenACWYX,routine,with:default",MenACWYX,total,routine,TZA,"Tanzania, United Republic of",2060,0,0,<NA>,<NA>,0.0950000000000000011102,both,0.1000000000000000056
mena-campaign-routine-default,"MenA:MenACWYX,routine,with:default",MenACWYX,total,routine,TZA,"Tanzania, United Republic of",2061,0,0,<NA>,<NA>,0.0950000000000000011102,both,0.1000000000000000056
mena-campaign-routine-default,"MenA:MenACWYX,routine,with:default",MenACWYX,total,routine,TZA,"Tanzania, United Republic of",2062,0,0,<NA>,<NA>,0.0950000000000000011102,both,0.1000000000000000056
mena-campaign-routine-default,"MenA:MenACWYX,routine,with:default",MenACWYX,total,routine,TZA,"Tanzania, United Republic of",2063,0,0,<NA>,<NA>,0.0950000000000000011102,both,0.1000000000000000056
mena-campaign-routine-default,"MenA:MenACWYX,routine,with:default",MenACWYX,total,routine,TZA,"Tanzania, United Republic of",2064,0,0,<NA>,<NA>,0.0950000000000000011102,both,0.1000000000000000056
mena-campaign-routine-default,"MenA:MenACWYX,routine,with:default",MenACWYX,total,routine,TZA,"Tanzania, United Republic of",2065,0,0,<NA>,<NA>,0.0950000000000000011102,both,0.1000000000000000056
mena-campaign-routine-default,"MenA:MenACWYX,routine,with:default",MenACWYX,total,routine,TZA,"Tanzania, United Republic of",2066,0,0,<NA>,<NA>,0.0950000000000000011102,both,0.1000000000000000056
mena-campaign-routine-default,"MenA:MenACWYX,routine,with:default",MenACWYX,total,routine,TZA,"Tanzania, United Republic of",2067,0,0,<NA>,<NA>,0.0950000000000000011102,both,0.1000000000000000056
mena-campaign-routine-default,"MenA:MenACWYX,routine,with:default",MenACWYX,total,routine,TZA,"Tanzania, United Republic of",2068,0,0,<NA>,<NA>,0.0950000000000000011102,both,0.1000000000000000056
mena-campaign-routine-default,"MenA:MenACWYX,routine,with:default",MenACWYX,total,routine,TZA,"Tanzania, United Republic of",2069,0,0,<NA>,<NA>,0.0950000000000000011102,both,0.1000000000000000056
mena-campaign-routine-default,"MenA:MenACWYX,routine,with:default",MenACWYX,total,routine,TZA,"Tanzania, United Republic of",2070,0,0,<NA>,<NA>,0.0950000000000000011102,both,0.1000000000000000056
mena-campaign-routine-default,"MenA:MenACWYX,routine,with:default",MenACWYX,total,routine,TZA,"Tanzania, United Republic of",2071,0,0,<NA>,<NA>,0.0950000000000000011102,both,0.1000000000000000056
mena-campaign-routine-default,"MenA:MenACWYX,routine,with:default",MenACWYX,total,routine,TZA,"Tanzania, United Republic of",2072,0,0,<NA>,<NA>,0.0950000000000000011102,both,0.1000000000000000056
mena-campaign-routine-default,"MenA:MenACWYX,routine,with:default",MenACWYX,total,routine,TZA,"Tanzania, United Republic of",2073,0,0,<NA>,<NA>,0.0950000000000000011102,both,0.1000000000000000056
mena-campaign-routine-default,"MenA:MenACWYX,routine,with:default",MenACWYX,total,routine,TZA,"Tanzania, United Republic of",2074,0,0,<NA>,<NA>,0.0950000000000000011102,both,0.1000000000000000056
mena-campaign-routine-default,"MenA:MenACWYX,routine,with:default",MenACWYX,total,routine,TZA,"Tanzania, United Republic of",2075,0,0,<NA>,<NA>,0.0950000000000000011102,both,0.1000000000000000056
mena-campaign-routine-default,"MenA:MenACWYX,routine,with:default",MenACWYX,total,routine,TZA,"Tanzania, United Republic of",2076,0,0,<NA>,<NA>,0.0950000000000000011102,both,0.1000000000000000056
mena-campaign-routine-default,"MenA:MenACWYX,routine,with:default",MenACWYX,total,routine,TZA,"Tanzania, United Republic of",2077,0,0,<NA>,<NA>,0.0950000000000000011102,both,0.1000000000000000056
mena-campaign-routine-default,"MenA:MenACWYX,routine,with:default",MenACWYX,total,routine,TZA,"Tanzania, United Republic of",2078,0,0,<NA>,<NA>,0.0950000000000000011102,both,0.1000000000000000056
mena-campaign-routine-default,"MenA:MenACWYX,routine,with:default",MenACWYX,total,routine,TZA,"Tanzania, United Republic of",2079,0,0,<NA>,<NA>,0.0950000000000000011102,both,0.1000000000000000056
mena-campaign-routine-default,"MenA:MenACWYX,routine,with:default",MenACWYX,total,routine,TZA,"Tanzania, United Republic of",2080,0,0,<NA>,<NA>,0.0950000000000000011102,both,0.1000000000000000056
mena-campaign-routine-default,"MenA:MenACWYX,routine,with:default",MenACWYX,total,routine,TZA,"Tanzania, United Republic of",2081,0,0,<NA>,<NA>,0.0950000000000000011102,both,0.1000000000000000056
mena-campaign-routine-default,"MenA:MenACWYX,routine,with:default",MenACWYX,total,routine,TZA,"Tanzania, United Republic of",2082,0,0,<NA>,<NA>,0.0950000000000000011102,both,0.1000000000000000056
mena-campaign-routine-default,"MenA:MenACWYX,routine,with:default",MenACWYX,total,routine,TZA,"Tanzania, United Republic of",2083,0,0,<NA>,<NA>,0.0950000000000000011102,both,0.1000000000000000056
mena-campaign-routine-default,"MenA:MenACWYX,routine,with:default",MenACWYX,total,routine,TZA,"Tanzania, United Republic of",2084,0,0,<NA>,<NA>,0.0950000000000000011102,both,0.1000000000000000056
mena-campaign-routine-default,"MenA:MenACWYX,routine,with:default",MenACWYX,total,routine,TZA,"Tanzania, United Republic of",2085,0,0,<NA>,<NA>,0.0950000000000000011102,both,0.1000000000000000056
mena-campaign-routine-default,"MenA:MenACWYX,routine,with:default",MenACWYX,total,routine,TZA,"Tanzania, United Republic of",2086,0,0,<NA>,<NA>,0.0950000000000000011102,both,0.1000000000000000056
mena-campaign-routine-default,"MenA:MenACWYX,routine,with:default",MenACWYX,total,routine,TZA,"Tanzania, United Republic of",2087,0,0,<NA>,<NA>,0.0950000000000000011102,both,0.1000000000000000056
mena-campaign-routine-default,"MenA:MenACWYX,routine,with:default",MenACWYX,total,routine,TZA,"Tanzania, United Republic of",2088,0,0,<NA>,<NA>,0.0950000000000000011102,both,0.1000000000000000056
mena-campaign-routine-default,"MenA:MenACWYX,routine,with:default",MenACWYX,total,routine,TZA,"Tanzania, United Republic of",2089,0,0,<NA>,<NA>,0.0950000000000000011102,both,0.1000000000000000056
mena-campaign-routine-default,"MenA:MenACWYX,routine,with:default",MenACWYX,total,routine,TZA,"Tanzania, United Republic of",2090,0,0,<NA>,<NA>,0.0950000000000000011102,both,0.1000000000000000056
mena-campaign-routine-default,"MenA:MenACWYX,routine,with:default",MenACWYX,total,routine,TZA,"Tanzania, United Republic of",2091,0,0,<NA>,<NA>,0.0950000000000000011102,both,0.1000000000000000056
mena-campaign-routine-default,"MenA:MenACWYX,routine,with:default",MenACWYX,total,routine,TZA,"Tanzania, United Republic of",2092,0,0,<NA>,<NA>,0.0950000000000000011102,both,0.1000000000000000056
mena-campaign-routine-default,"MenA:MenACWYX,routine,with:default",MenACWYX,total,routine,TZA,"Tanzania, United Republic of",2093,0,0,<NA>,<NA>,0.0950000000000000011102,both,0.1000000000000000056
mena-campaign-routine-default,"MenA:MenACWYX,routine,with:default",MenACWYX,total,routine,TZA,"Tanzania, United Republic of",2094,0,0,<NA>,<NA>,0.0950000000000000011102,both,0.1000000000000000056
mena-campaign-routine-default,"MenA:MenACWYX,routine,with:default",MenACWYX,total,routine,TZA,"Tanzania, United Republic of",2095,0,0,<NA>,<NA>,0.0950000000000000011102,both,0.1000000000000000056
mena-campaign-routine-default,"MenA:MenACWYX,routine,with:default",MenACWYX,total,routine,TZA,"Tanzania, United Republic of",2096,0,0,<NA>,<NA>,0.0950000000000000011102,both,0.1000000000000000056
mena-campaign-routine-default,"MenA:MenACWYX,routine,with:default",MenACWYX,total,routine,TZA,"Tanzania, United Republic of",2097,0,0,<NA>,<NA>,0.0950000000000000011102,both,0.1000000000000000056
mena-campaign-routine-default,"MenA:MenACWYX,routine,with:default",MenACWYX,total,routine,TZA,"Tanzania, United Republic of",2098,0,0,<NA>,<NA>,0.0950000000000000011102,both,0.1000000000000000056
mena-campaign-routine-default,"MenA:MenACWYX,routine,with:default",MenACWYX,total,routine,TZA,"Tanzania, United Republic of",2099,0,0,<NA>,<NA>,0.0950000000000000011102,both,0.1000000000000000056
mena-campaign-routine-default,"MenA:MenACWYX,routine,with:default",MenACWYX,total,routine,TZA,"Tanzania, United Republic of",2100,0,0,<NA>,<NA>,0.0950000000000000011102,both,0.1000000000000000056
mena-campaign-routine-default,"MenA:MenACWYX,routine,with:default",MenACWYX,total,routine,UGA,Uganda,2027,0,0,<NA>,<NA>,0.0732471247172083034238,both,0.1000000000000000056
mena-campaign-routine-default,"MenA:MenACWYX,routine,with:default",MenACWYX,total,routine,UGA,Uganda,2028,0,0,<NA>,<NA>,0.0823150927768266371665,both,0.1000000000000000056
mena-campaign-routine-default,"MenA:MenACWYX,routine,with:default",MenACWYX,total,routine,UGA,Uganda,2029,0,0,<NA>,<NA>,0.0883094456133683564092,both,0.1000000000000000056
mena-campaign-routine-default,"MenA:MenACWYX,routine,with:default",MenACWYX,total,routine,UGA,Uganda,2030,0,0,<NA>,<NA>,0.0922719944107081024853,both,0.1000000000000000056
mena-campaign-routine-default,"MenA:MenACWYX,routine,with:default",MenACWYX,total,routine,UGA,Uganda,2031,0,0,<NA>,<NA>,0.0932719944107081033735,both,0.1000000000000000056
mena-campaign-routine-default,"MenA:MenACWYX,routine,with:default",MenACWYX,total,routine,UGA,Uganda,2032,0,0,<NA>,<NA>,0.0942719944107081042617,both,0.1000000000000000056
mena-campaign-routine-default,"MenA:MenACWYX,routine,with:default",MenACWYX,total,routine,UGA,Uganda,2033,0,0,<NA>,<NA>,0.0950000000000000011102,both,0.1000000000000000056
mena-campaign-routine-default,"MenA:MenACWYX,routine,with:default",MenACWYX,total,routine,UGA,Uganda,2034,0,0,<NA>,<NA>,0.0950000000000000011102,both,0.1000000000000000056
mena-campaign-routine-default,"MenA:MenACWYX,routine,with:default",MenACWYX,total,routine,UGA,Uganda,2035,0,0,<NA>,<NA>,0.0950000000000000011102,both,0.1000000000000000056
mena-campaign-routine-default,"MenA:MenACWYX,routine,with:default",MenACWYX,total,routine,UGA,Uganda,2036,0,0,<NA>,<NA>,0.0950000000000000011102,both,0.1000000000000000056
mena-campaign-routine-default,"MenA:MenACWYX,routine,with:default",MenACWYX,total,routine,UGA,Uganda,2037,0,0,<NA>,<NA>,0.0950000000000000011102,both,0.1000000000000000056
mena-campaign-routine-default,"MenA:MenACWYX,routine,with:default",MenACWYX,total,routine,UGA,Uganda,2038,0,0,<NA>,<NA>,0.0950000000000000011102,both,0.1000000000000000056
mena-campaign-routine-default,"MenA:MenACWYX,routine,with:default",MenACWYX,total,routine,UGA,Uganda,2039,0,0,<NA>,<NA>,0.0950000000000000011102,both,0.1000000000000000056
mena-campaign-routine-default,"MenA:MenACWYX,routine,with:default",MenACWYX,total,routine,UGA,Uganda,2040,0,0,<NA>,<NA>,0.0950000000000000011102,both,0.1000000000000000056
mena-campaign-routine-default,"MenA:MenACWYX,routine,with:default",MenACWYX,total,routine,UGA,Uganda,2041,0,0,<NA>,<NA>,0.0950000000000000011102,both,0.1000000000000000056
mena-campaign-routine-default,"MenA:MenACWYX,routine,with:default",MenACWYX,total,routine,UGA,Uganda,2042,0,0,<NA>,<NA>,0.0950000000000000011102,both,0.1000000000000000056
mena-campaign-routine-default,"MenA:MenACWYX,routine,with:default",MenACWYX,total,routine,UGA,Uganda,2043,0,0,<NA>,<NA>,0.0950000000000000011102,both,0.1000000000000000056
mena-campaign-routine-default,"MenA:MenACWYX,routine,with:default",MenACWYX,total,routine,UGA,Uganda,2044,0,0,<NA>,<NA>,0.0950000000000000011102,both,0.1000000000000000056
mena-campaign-routine-default,"MenA:MenACWYX,routine,with:default",MenACWYX,total,routine,UGA,Uganda,2045,0,0,<NA>,<NA>,0.0950000000000000011102,both,0.1000000000000000056
mena-campaign-routine-default,"MenA:MenACWYX,routine,with:default",MenACWYX,total,routine,UGA,Uganda,2046,0,0,<NA>,<NA>,0.0950000000000000011102,both,0.1000000000000000056
mena-campaign-routine-default,"MenA:MenACWYX,routine,with:default",MenACWYX,total,routine,UGA,Uganda,2047,0,0,<NA>,<NA>,0.0950000000000000011102,both,0.1000000000000000056
mena-campaign-routine-default,"MenA:MenACWYX,routine,with:default",MenACWYX,total,routine,UGA,Uganda,2048,0,0,<NA>,<NA>,0.0950000000000000011102,both,0.1000000000000000056
mena-campaign-routine-default,"MenA:MenACWYX,routine,with:default",MenACWYX,total,routine,UGA,Uganda,2049,0,0,<NA>,<NA>,0.0950000000000000011102,both,0.1000000000000000056
mena-campaign-routine-default,"MenA:MenACWYX,routine,with:default",MenACWYX,total,routine,UGA,Uganda,2050,0,0,<NA>,<NA>,0.0950000000000000011102,both,0.1000000000000000056
mena-campaign-routine-default,"MenA:MenACWYX,routine,with:default",MenACWYX,total,routine,UGA,Uganda,2051,0,0,<NA>,<NA>,0.0950000000000000011102,both,0.1000000000000000056
mena-campaign-routine-default,"MenA:MenACWYX,routine,with:default",MenACWYX,total,routine,UGA,Uganda,2052,0,0,<NA>,<NA>,0.0950000000000000011102,both,0.1000000000000000056
mena-campaign-routine-default,"MenA:MenACWYX,routine,with:default",MenACWYX,total,routine,UGA,Uganda,2053,0,0,<NA>,<NA>,0.0950000000000000011102,both,0.1000000000000000056
mena-campaign-routine-default,"MenA:MenACWYX,routine,with:default",MenACWYX,total,routine,UGA,Uganda,2054,0,0,<NA>,<NA>,0.0950000000000000011102,both,0.1000000000000000056
mena-campaign-routine-default,"MenA:MenACWYX,routine,with:default",MenACWYX,total,routine,UGA,Uganda,2055,0,0,<NA>,<NA>,0.0950000000000000011102,both,0.1000000000000000056
mena-campaign-routine-default,"MenA:MenACWYX,routine,with:default",MenACWYX,total,routine,UGA,Uganda,2056,0,0,<NA>,<NA>,0.0950000000000000011102,both,0.1000000000000000056
mena-campaign-routine-default,"MenA:MenACWYX,routine,with:default",MenACWYX,total,routine,UGA,Uganda,2057,0,0,<NA>,<NA>,0.0950000000000000011102,both,0.1000000000000000056
mena-campaign-routine-default,"MenA:MenACWYX,routine,with:default",MenACWYX,total,routine,UGA,Uganda,2058,0,0,<NA>,<NA>,0.0950000000000000011102,both,0.1000000000000000056
mena-campaign-routine-default,"MenA:MenACWYX,routine,with:default",MenACWYX,total,routine,UGA,Uganda,2059,0,0,<NA>,<NA>,0.0950000000000000011102,both,0.1000000000000000056
mena-campaign-routine-default,"MenA:MenACWYX,routine,with:default",MenACWYX,total,routine,UGA,Uganda,2060,0,0,<NA>,<NA>,0.0950000000000000011102,both,0.1000000000000000056
mena-campaign-routine-default,"MenA:MenACWYX,routine,with:default",MenACWYX,total,routine,UGA,Uganda,2061,0,0,<NA>,<NA>,0.0950000000000000011102,both,0.1000000000000000056
mena-campaign-routine-default,"MenA:MenACWYX,routine,with:default",MenACWYX,total,routine,UGA,Uganda,2062,0,0,<NA>,<NA>,0.0950000000000000011102,both,0.1000000000000000056
mena-campaign-routine-default,"MenA:MenACWYX,routine,with:default",MenACWYX,total,routine,UGA,Uganda,2063,0,0,<NA>,<NA>,0.0950000000000000011102,both,0.1000000000000000056
mena-campaign-routine-default,"MenA:MenACWYX,routine,with:default",MenACWYX,total,routine,UGA,Uganda,2064,0,0,<NA>,<NA>,0.0950000000000000011102,both,0.1000000000000000056
mena-campaign-routine-default,"MenA:MenACWYX,routine,with:default",MenACWYX,total,routine,UGA,Uganda,2065,0,0,<NA>,<NA>,0.0950000000000000011102,both,0.1000000000000000056
mena-campaign-routine-default,"MenA:MenACWYX,routine,with:default",MenACWYX,total,routine,UGA,Uganda,2066,0,0,<NA>,<NA>,0.0950000000000000011102,both,0.1000000000000000056
mena-campaign-routine-default,"MenA:MenACWYX,routine,with:default",MenACWYX,total,routine,UGA,Uganda,2067,0,0,<NA>,<NA>,0.0950000000000000011102,both,0.1000000000000000056
mena-campaign-routine-default,"MenA:MenACWYX,routine,with:default",MenACWYX,total,routine,UGA,Uganda,2068,0,0,<NA>,<NA>,0.0950000000000000011102,both,0.1000000000000000056
mena-campaign-routine-default,"MenA:MenACWYX,routine,with:default",MenACWYX,total,routine,UGA,Uganda,2069,0,0,<NA>,<NA>,0.0950000000000000011102,both,0.1000000000000000056
mena-campaign-routine-default,"MenA:MenACWYX,routine,with:default",MenACWYX,total,routine,UGA,Uganda,2070,0,0,<NA>,<NA>,0.0950000000000000011102,both,0.1000000000000000056
mena-campaign-routine-default,"MenA:MenACWYX,routine,with:default",MenACWYX,total,routine,UGA,Uganda,2071,0,0,<NA>,<NA>,0.0950000000000000011102,both,0.1000000000000000056
mena-campaign-routine-default,"MenA:MenACWYX,routine,with:default",MenACWYX,total,routine,UGA,Uganda,2072,0,0,<NA>,<NA>,0.0950000000000000011102,both,0.1000000000000000056
mena-campaign-routine-default,"MenA:MenACWYX,routine,with:default",MenACWYX,total,routine,UGA,Uganda,2073,0,0,<NA>,<NA>,0.0950000000000000011102,both,0.1000000000000000056
mena-campaign-routine-default,"MenA:MenACWYX,routine,with:default",MenACWYX,total,routine,UGA,Uganda,2074,0,0,<NA>,<NA>,0.0950000000000000011102,both,0.1000000000000000056
mena-campaign-routine-default,"MenA:MenACWYX,routine,with:default",MenACWYX,total,routine,UGA,Uganda,2075,0,0,<NA>,<NA>,0.0950000000000000011102,both,0.1000000000000000056
mena-campaign-routine-default,"MenA:MenACWYX,routine,with:default",MenACWYX,total,routine,UGA,Uganda,2076,0,0,<NA>,<NA>,0.0950000000000000011102,both,0.1000000000000000056
mena-campaign-routine-default,"MenA:MenACWYX,routine,with:default",MenACWYX,total,routine,UGA,Uganda,2077,0,0,<NA>,<NA>,0.0950000000000000011102,both,0.1000000000000000056
mena-campaign-routine-default,"MenA:MenACWYX,routine,with:default",MenACWYX,total,routine,UGA,Uganda,2078,0,0,<NA>,<NA>,0.0950000000000000011102,both,0.1000000000000000056
mena-campaign-routine-default,"MenA:MenACWYX,routine,with:default",MenACWYX,total,routine,UGA,Uganda,2079,0,0,<NA>,<NA>,0.0950000000000000011102,both,0.1000000000000000056
mena-campaign-routine-default,"MenA:MenACWYX,routine,with:default",MenACWYX,total,routine,UGA,Uganda,2080,0,0,<NA>,<NA>,0.0950000000000000011102,both,0.1000000000000000056
mena-campaign-routine-default,"MenA:MenACWYX,routine,with:default",MenACWYX,total,routine,UGA,Uganda,2081,0,0,<NA>,<NA>,0.0950000000000000011102,both,0.1000000000000000056
mena-campaign-routine-default,"MenA:MenACWYX,routine,with:default",MenACWYX,total,routine,UGA,Uganda,2082,0,0,<NA>,<NA>,0.0950000000000000011102,both,0.1000000000000000056
mena-campaign-routine-default,"MenA:MenACWYX,routine,with:default",MenACWYX,total,routine,UGA,Uganda,2083,0,0,<NA>,<NA>,0.0950000000000000011102,both,0.1000000000000000056
mena-campaign-routine-default,"MenA:MenACWYX,routine,with:default",MenACWYX,total,routine,UGA,Uganda,2084,0,0,<NA>,<NA>,0.0950000000000000011102,both,0.1000000000000000056
mena-campaign-routine-default,"MenA:MenACWYX,routine,with:default",MenACWYX,total,routine,UGA,Uganda,2085,0,0,<NA>,<NA>,0.0950000000000000011102,both,0.1000000000000000056
mena-campaign-routine-default,"MenA:MenACWYX,routine,with:default",MenACWYX,total,routine,UGA,Uganda,2086,0,0,<NA>,<NA>,0.0950000000000000011102,both,0.1000000000000000056
mena-campaign-routine-default,"MenA:MenACWYX,routine,with:default",MenACWYX,total,routine,UGA,Uganda,2087,0,0,<NA>,<NA>,0.0950000000000000011102,both,0.1000000000000000056
mena-campaign-routine-default,"MenA:MenACWYX,routine,with:default",MenACWYX,total,routine,UGA,Uganda,2088,0,0,<NA>,<NA>,0.0950000000000000011102,both,0.1000000000000000056
mena-campaign-routine-default,"MenA:MenACWYX,routine,with:default",MenACWYX,total,routine,UGA,Uganda,2089,0,0,<NA>,<NA>,0.0950000000000000011102,both,0.1000000000000000056
mena-campaign-routine-default,"MenA:MenACWYX,routine,with:default",MenACWYX,total,routine,UGA,Uganda,2090,0,0,<NA>,<NA>,0.0950000000000000011102,both,0.1000000000000000056
mena-campaign-routine-default,"MenA:MenACWYX,routine,with:default",MenACWYX,total,routine,UGA,Uganda,2091,0,0,<NA>,<NA>,0.0950000000000000011102,both,0.1000000000000000056
mena-campaign-routine-default,"MenA:MenACWYX,routine,with:default",MenACWYX,total,routine,UGA,Uganda,2092,0,0,<NA>,<NA>,0.0950000000000000011102,both,0.1000000000000000056
mena-campaign-routine-default,"MenA:MenACWYX,routine,with:default",MenACWYX,total,routine,UGA,Uganda,2093,0,0,<NA>,<NA>,0.0950000000000000011102,both,0.1000000000000000056
mena-campaign-routine-default,"MenA:MenACWYX,routine,with:default",MenACWYX,total,routine,UGA,Uganda,2094,0,0,<NA>,<NA>,0.0950000000000000011102,both,0.1000000000000000056
mena-campaign-routine-default,"MenA:MenACWYX,routine,with:default",MenACWYX,total,routine,UGA,Uganda,2095,0,0,<NA>,<NA>,0.0950000000000000011102,both,0.1000000000000000056
mena-campaign-routine-default,"MenA:MenACWYX,routine,with:default",MenACWYX,total,routine,UGA,Uganda,2096,0,0,<NA>,<NA>,0.0950000000000000011102,both,0.1000000000000000056
mena-campaign-routine-default,"MenA:MenACWYX,routine,with:default",MenACWYX,total,routine,UGA,Uganda,2097,0,0,<NA>,<NA>,0.0950000000000000011102,both,0.1000000000000000056
mena-campaign-routine-default,"MenA:MenACWYX,routine,with:default",MenACWYX,total,routine,UGA,Uganda,2098,0,0,<NA>,<NA>,0.0950000000000000011102,both,0.1000000000000000056
mena-campaign-routine-default,"MenA:MenACWYX,routine,with:default",MenACWYX,total,routine,UGA,Uganda,2099,0,0,<NA>,<NA>,0.0950000000000000011102,both,0.1000000000000000056
mena-campaign-routine-default,"MenA:MenACWYX,routine,with:default",MenACWYX,total,routine,UGA,Uganda,2100,0,0,<NA>,<NA>,0.0950000000000000011102,both,0.1000000000000000056
