scenario,set_name,vaccine,gavi_support,activity_type,country_code,country,year,age_first,age_last,age_range_verbatim,target,coverage,gender,proportion_risk
yf-routine-campaign-default,"YF:YF,campaign,none:default",YF,no vaccine,campaign,AGO,Angola,1988,1,100,<NA>,10582696,0.2492675916495240007187,both,1
yf-routine-campaign-default,"YF:YF,campaign,none:default",YF,no vaccine,campaign,AGO,Angola,2016,1,100,<NA>,388146990,0.01833813937414036339131,both,1
yf-routine-campaign-default,"YF:YF,campaign,none:default",YF,no vaccine,campaign,BEN,Benin,1996,1,100,<NA>,5854079,0.0379283206460227020895,both,1
yf-routine-campaign-default,"YF:YF,campaign,none:default",YF,no vaccine,campaign,BEN,Benin,2005,1,100,<NA>,7687115,0.0269123005403635005839,both,1
yf-routine-campaign-default,"YF:YF,campaign,with:default",YF,total,campaign,BEN,Benin,2009,0,60,0.75-60,6331572,0.9060000000000000275335,both,1
yf-routine-campaign-default,"YF:YF,campaign,none:default",YF,no vaccine,campaign,BFA,Burkina Faso,1983,1,100,<NA>,7028453,0.2315388637259210014019,both,1
yf-routine-campaign-default,"YF:YF,campaign,none:default",YF,no vaccine,campaign,BFA,Burkina Faso,1998,1,100,<NA>,10514646,0.0028917577481998098417,both,1
yf-routine-campaign-default,"YF:YF,campaign,none:default",YF,no vaccine,campaign,BFA,Burkina Faso,2000,1,100,<NA>,11128613,0.0182088318114847005913,both,1
yf-routine-campaign-default,"YF:YF,campaign,none:default",YF,no vaccine,campaign,BFA,Burkina Faso,2003,1,100,<NA>,12139047,0.0054178355646897500067,both,1
yf-routine-campaign-default,"YF:YF,campaign,none:default",YF,no vaccine,campaign,BFA,Burkina Faso,2004,0,100,<NA>,13030569,0.0992794594238620015103,both,1
yf-routine-campaign-default,"YF:YF,campaign,none:default",YF,no vaccine,campaign,BFA,Burkina Faso,2004,1,100,<NA>,25003158,0.00837093851498189964885,both,1
yf-routine-campaign-default,"YF:YF,campaign,none:default",YF,no vaccine,campaign,BFA,Burkina Faso,2005,1,100,<NA>,12878780,0.1005579714866910029381,both,1
yf-routine-campaign-default,"YF:YF,campaign,with:default",YF,total,campaign,BFA,Burkina Faso,2008,0,60,0.75-60,7547684,0.9899999999999999911182,both,1
yf-routine-campaign-default,"YF:YF,campaign,none:default",YF,no vaccine,campaign,CAF,Central African Republic,2006,1,100,<NA>,3968919,0.0101939208536198991362,both,1
yf-routine-campaign-default,"YF:YF,campaign,none:default",YF,no vaccine,campaign,CAF,Central African Republic,2008,1,100,<NA>,8239866,0.02909798876481914896295,both,1
yf-routine-campaign-default,"YF:YF,campaign,none:default",YF,no vaccine,campaign,CAF,Central African Republic,2009,1,100,<NA>,8366228,0.07528918692776064708335,both,1
yf-routine-campaign-default,"YF:YF,campaign,with:default",YF,total,campaign,CAF,Central African Republic,2010,0,60,0.75-60,2449094,0.9320000000000000506262,both,1
yf-routine-campaign-default,"YF:YF,campaign,with:default",YF,total,campaign,CAF,Central African Republic,2011,0,60,0.75-60,349507,0.6800006866815256900693,both,1
yf-routine-campaign-default,"YF:YF,campaign,none:default",YF,no vaccine,campaign,CIV,Cote d'Ivoire,1982,1,100,<NA>,8395482,0.0013843204711119399056,both,1
yf-routine-campaign-default,"YF:YF,campaign,none:default",YF,no vaccine,campaign,CIV,Cote d'Ivoire,2001,1,100,<NA>,16231268,0.2123343856900180015579,both,1
yf-routine-campaign-default,"YF:YF,campaign,none:default",YF,no vaccine,campaign,CIV,Cote d'Ivoire,2005,1,100,<NA>,17697021,0.0181673470164197999044,both,1
yf-routine-campaign-default,"YF:YF,campaign,none:default",YF,no vaccine,campaign,CIV,Cote d'Ivoire,2006,1,100,<NA>,18092126,0.0484099198905890981681,both,1
yf-routine-campaign-default,"YF:YF,campaign,none:default",YF,no vaccine,campaign,CIV,Cote d'Ivoire,2008,1,100,<NA>,18931360,0.1044069148267099955696,both,1
yf-routine-campaign-default,"YF:YF,campaign,none:default",YF,no vaccine,campaign,CIV,Cote d'Ivoire,2009,1,100,<NA>,19375940,0.0081563576407611398239,both,1
yf-routine-campaign-default,"YF:YF,campaign,with:default",YF,total,campaign,CIV,Cote d'Ivoire,2011,0,60,0.75-60,8737522,0.9070000000000000284217,both,1
yf-routine-campaign-default,"YF:YF,campaign,with:default",YF,total,campaign,CIV,Cote d'Ivoire,2012,0,60,0.75-60,6535540,0.8370000000000000772715,both,1
yf-routine-campaign-default,"YF:YF,campaign,none:default",YF,no vaccine,campaign,CMR,Cameroon,1980,1,100,<NA>,8273263,0.0073414216222486197022,both,1
yf-routine-campaign-default,"YF:YF,campaign,none:default",YF,no vaccine,campaign,CMR,Cameroon,1987,1,100,<NA>,10288798,0.0146845360475173006276,both,1
yf-routine-campaign-default,"YF:YF,campaign,none:default",YF,no vaccine,campaign,CMR,Cameroon,1990,1,100,<NA>,11308520,0.019250472940941499439,both,1
yf-routine-campaign-default,"YF:YF,campaign,none:default",YF,no vaccine,campaign,CMR,Cameroon,1994,1,100,<NA>,12724430,0.000160623863084219013,both,1
yf-routine-campaign-default,"YF:YF,campaign,none:default",YF,no vaccine,campaign,CMR,Cameroon,2006,1,100,<NA>,17541902,0.0482932919413222999649,both,1
yf-routine-campaign-default,"YF:YF,campaign,none:default",YF,no vaccine,campaign,CMR,Cameroon,2007,1,100,<NA>,18033450,0.0073617211711967502422,both,1
yf-routine-campaign-default,"YF:YF,campaign,with:default",YF,total,campaign,CMR,Cameroon,2009,0,60,0.75-60,7469615,0.8930000000000000159872,both,1
yf-routine-campaign-default,"YF:YF,campaign,none:default",YF,no vaccine,campaign,CMR,Cameroon,2010,1,100,<NA>,39206762,0.01517017879042804971015,both,1
yf-routine-campaign-default,"YF:YF,campaign,none:default",YF,no vaccine,campaign,CMR,Cameroon,2012,1,100,<NA>,20722236,0.0642858110512494057565,both,1
yf-routine-campaign-default,"YF:YF,campaign,none:default",YF,no vaccine,campaign,CMR,Cameroon,2013,1,100,<NA>,21301742,0.0320535784810069973583,both,1
yf-routine-campaign-default,"YF:YF,campaign,with:default",YF,total,campaign,CMR,Cameroon,2015,0,60,0.75-60,4777914,0.9900000000000001021405,both,1
yf-routine-campaign-default,"YF:YF,campaign,none:default",YF,no vaccine,campaign,COD,"Congo, the Democratic Republic of the",2010,1,100,<NA>,61905914,0.0009746963272416240371,both,1
yf-routine-campaign-default,"YF:YF,campaign,none:default",YF,no vaccine,campaign,COD,"Congo, the Democratic Republic of the",2013,1,100,<NA>,68470643,0.0074127934820968103755,both,1
yf-routine-campaign-default,"YF:YF,campaign,none:default",YF,no vaccine,campaign,COD,"Congo, the Democratic Republic of the",2014,1,100,<NA>,70804536,0.0397620973883692011008,both,1
yf-routine-campaign-default,"YF:YF,campaign,with:default",YF,total,campaign,COD,"Congo, the Democratic Republic of the",2021,0,60,0.75-60,15118356,0.82209644462665122042464,both,1
yf-routine-campaign-default,"YF:YF,campaign,with:default",YF,total,campaign,COD,"Congo, the Democratic Republic of the",2022,1,60,1-60,13065790,0.9820000168378644200828,both,1
yf-routine-campaign-default,"YF:YF,campaign,with:default",YF,total,campaign,COD,"Congo, the Democratic Republic of the",2023,1,60,1 to 60,93986422.5,0.8999999800753130108077,both,1
yf-routine-campaign-default,"YF:YF,campaign,with:default",YF,total,campaign,COD,"Congo, the Democratic Republic of the",2024,1,60,1 to 60,97123102.5,0.9000000096688790529598,both,1
yf-routine-campaign-default,"YF:YF,campaign,none:default",YF,no vaccine,campaign,COG,Congo,2009,1,100,<NA>,3997561,0.0179088991365776994957,both,1
yf-routine-campaign-default,"YF:YF,campaign,none:default",YF,no vaccine,campaign,COG,Congo,2012,1,100,<NA>,4353230,0.0098785091223277596284,both,1
yf-routine-campaign-default,"YF:YF,campaign,with:default",YF,total,campaign,COG,Congo,2022,1,60,1-60,4300112,0.9329998846541671664312,both,1
yf-routine-campaign-default,"YF:YF,campaign,with:default",YF,total,campaign,COG,Congo,2024,1,60,1 to 60,5793507.5,0.8999998401817520532475,both,1
yf-routine-campaign-default,"YF:YF,campaign,none:default",YF,no vaccine,campaign,ETH,Ethiopia,2013,1,100,<NA>,92244209,0.0064183578093577201354,both,1
yf-routine-campaign-default,"YF:YF,campaign,with:default",YF,total,campaign,ETH,Ethiopia,2023,1,60,1 to 60,116885580.5,0.8999999447292019727485,both,1
yf-routine-campaign-default,"YF:YF,campaign,with:default",YF,total,campaign,ETH,Ethiopia,2024,1,60,1 to 60,119815676.5,0.8999999768736719474305,both,1
yf-routine-campaign-default,"YF:YF,campaign,with:default",YF,total,campaign,ETH,Ethiopia,2025,1,60,1 to 60,122749903,0.8999999849403169660533,both,1
yf-routine-campaign-default,"YF:YF,campaign,with:default",YF,total,campaign,ETH,Ethiopia,2026,1,60,1 to 60,125684126,0.8999998675483019683341,both,1
yf-routine-campaign-default,"YF:YF,campaign,none:default",YF,no vaccine,campaign,GHA,Ghana,1980,1,100,<NA>,10633012,0.154396847859253005808,both,1
yf-routine-campaign-default,"YF:YF,campaign,none:default",YF,no vaccine,campaign,GHA,Ghana,1983,1,100,<NA>,11576577,0.0263131766214091990241,both,1
yf-routine-campaign-default,"YF:YF,campaign,none:default",YF,no vaccine,campaign,GHA,Ghana,1994,1,100,<NA>,15987007,0.0063932381022158597805,both,1
yf-routine-campaign-default,"YF:YF,campaign,none:default",YF,no vaccine,campaign,GHA,Ghana,1996,1,100,<NA>,16866792,0.0085161745879053507569,both,1
yf-routine-campaign-default,"YF:YF,campaign,none:default",YF,no vaccine,campaign,GHA,Ghana,2005,1,100,<NA>,274767038,0.004532953540654630813,both,1
yf-routine-campaign-default,"YF:YF,campaign,none:default",YF,no vaccine,campaign,GHA,Ghana,2006,1,100,<NA>,151818520,0.0053124105976776344914,both,1
yf-routine-campaign-default,"YF:YF,campaign,with:default",YF,total,campaign,GHA,Ghana,2011,10,60,10-60,5808538,0.7349999999999999866773,both,1
yf-routine-campaign-default,"YF:YF,campaign,with:default",YF,total,campaign,GHA,Ghana,2012,10,60,10-60,1463808,0.8370000000000000772715,both,1
yf-routine-campaign-default,"YF:YF,campaign,with:default",YF,total,campaign,GHA,Ghana,2018,10,60,10-60,5204147,0.8400000000000000799361,both,1
yf-routine-campaign-default,"YF:YF,campaign,with:default",YF,total,campaign,GHA,Ghana,2020,10,60,10-60,5632433,0.8290000000000000701661,both,1
yf-routine-campaign-default,"YF:YF,campaign,none:default",YF,no vaccine,campaign,GIN,Guinea,2000,1,100,<NA>,7916787,0.1030432902168150061106,both,1
yf-routine-campaign-default,"YF:YF,campaign,none:default",YF,no vaccine,campaign,GIN,Guinea,2001,1,100,<NA>,8088041,0.1206555839842980010213,both,1
yf-routine-campaign-default,"YF:YF,campaign,none:default",YF,no vaccine,campaign,GIN,Guinea,2002,1,100,<NA>,8252479,0.1969728973403910010642,both,1
yf-routine-campaign-default,"YF:YF,campaign,none:default",YF,no vaccine,campaign,GIN,Guinea,2003,1,100,<NA>,8415141,0.0681780296526704049365,both,1
yf-routine-campaign-default,"YF:YF,campaign,none:default",YF,no vaccine,campaign,GIN,Guinea,2004,1,100,<NA>,8583165,0.0529600549759898023283,both,1
yf-routine-campaign-default,"YF:YF,campaign,none:default",YF,no vaccine,campaign,GIN,Guinea,2005,1,100,<NA>,17523602,0.10872842037387659558375,both,1
yf-routine-campaign-default,"YF:YF,campaign,none:default",YF,no vaccine,campaign,GIN,Guinea,2008,1,100,<NA>,9375405,0.0143052632812853998401,both,1
yf-routine-campaign-default,"YF:YF,campaign,none:default",YF,no vaccine,campaign,GIN,Guinea,2009,1,100,<NA>,9595237,0.0060266936144946700593,both,1
yf-routine-campaign-default,"YF:YF,campaign,with:default",YF,total,campaign,GIN,Guinea,2010,0,60,0.75-60,6215747,0.8900000000000000133227,both,1
yf-routine-campaign-default,"YF:YF,campaign,with:default",YF,total,campaign,GNB,Guinea-Bissau,2023,1,60,1 to 60,2000156,0.8999972417287620540804,both,1
yf-routine-campaign-default,"YF:YF,campaign,none:default",YF,no vaccine,campaign,KEN,Kenya,1993,1,100,<NA>,25198137,0.0405028969291999982327,both,1
yf-routine-campaign-default,"YF:YF,campaign,none:default",YF,no vaccine,campaign,LBR,Liberia,1995,1,100,<NA>,5912292,0.0704335166570353004197,both,1
yf-routine-campaign-default,"YF:YF,campaign,none:default",YF,no vaccine,campaign,LBR,Liberia,1997,1,100,<NA>,2240195,0.0475313208690398975031,both,1
yf-routine-campaign-default,"YF:YF,campaign,none:default",YF,no vaccine,campaign,LBR,Liberia,1998,1,100,<NA>,2421782,0.0711564263345190045618,both,1
yf-routine-campaign-default,"YF:YF,campaign,none:default",YF,no vaccine,campaign,LBR,Liberia,2000,1,100,<NA>,2739075,0.054247703694702602284,both,1
yf-routine-campaign-default,"YF:YF,campaign,none:default",YF,no vaccine,campaign,LBR,Liberia,2001,1,100,<NA>,2839693,0.0288760971085077998433,both,1
yf-routine-campaign-default,"YF:YF,campaign,none:default",YF,no vaccine,campaign,LBR,Liberia,2003,1,100,<NA>,2961347,0.008999918145510110018,both,1
yf-routine-campaign-default,"YF:YF,campaign,none:default",YF,no vaccine,campaign,LBR,Liberia,2004,1,100,<NA>,6039674,0.01350755806995304966755,both,1
yf-routine-campaign-default,"YF:YF,campaign,none:default",YF,no vaccine,campaign,LBR,Liberia,2008,1,100,<NA>,3480802,0.0830410863301686980043,both,1
yf-routine-campaign-default,"YF:YF,campaign,with:default",YF,total,campaign,LBR,Liberia,2009,0,60,0.75-60,2924034,0.9519999999999999573674,both,1
yf-routine-campaign-default,"YF:YF,campaign,none:default",YF,no vaccine,campaign,LBR,Liberia,2011,1,100,<NA>,3880708,0.0340932534399375972156,both,1
yf-routine-campaign-default,"YF:YF,campaign,none:default",YF,no vaccine,campaign,MLI,Mali,1987,0,14,<NA>,3708861,0.7964006471219670091344,both,1
yf-routine-campaign-default,"YF:YF,campaign,none:default",YF,no vaccine,campaign,MLI,Mali,2004,1,100,<NA>,11836999,0.0011939978750249199534,both,1
yf-routine-campaign-default,"YF:YF,campaign,none:default",YF,no vaccine,campaign,MLI,Mali,2005,1,100,<NA>,12222830,0.1816596124936230016722,both,1
yf-routine-campaign-default,"YF:YF,campaign,none:default",YF,no vaccine,campaign,MLI,Mali,2006,1,100,<NA>,12631815,0.1541375014320650049804,both,1
yf-routine-campaign-default,"YF:YF,campaign,with:default",YF,total,campaign,MLI,Mali,2008,0,60,0.75-60,5943804,0.9899999999999999911182,both,1
yf-routine-campaign-default,"YF:YF,campaign,none:default",YF,no vaccine,campaign,NER,Niger,1996,1,100,<NA>,9363982,0.001643215209663070062,both,1
yf-routine-campaign-default,"YF:YF,campaign,with:default",YF,total,campaign,NER,Niger,2025,1,60,1 to 60,27023100.5,0.8999999664510579533427,both,1
yf-routine-campaign-default,"YF:YF,campaign,with:default",YF,total,campaign,NER,Niger,2026,1,60,1 to 60,28052107,0.9000000000000000222045,both,1
yf-routine-campaign-default,"YF:YF,campaign,none:default",YF,no vaccine,campaign,NGA,Nigeria,1987,1,100,<NA>,84613212,0.2033548015794829910696,both,1
yf-routine-campaign-default,"YF:YF,campaign,none:default",YF,no vaccine,campaign,NGA,Nigeria,1989,1,100,<NA>,89227132,0.1588221152943510017241,both,1
yf-routine-campaign-default,"YF:YF,campaign,none:default",YF,no vaccine,campaign,NGA,Nigeria,1994,1,100,<NA>,101329521,0.0004196985011877019957,both,1
yf-routine-campaign-default,"YF:YF,campaign,none:default",YF,no vaccine,campaign,NGA,Nigeria,2000,1,100,<NA>,117636475,0.0003743874673463749836,both,1
yf-routine-campaign-default,"YF:YF,campaign,with:default",YF,total,campaign,NGA,Nigeria,2013,0,45,0.75-45,9225627,0.7680000000000000159872,both,1
yf-routine-campaign-default,"YF:YF,campaign,with:default",YF,total,campaign,NGA,Nigeria,2018,0,45,0.75-45,29154467,0.8247287623539816718301,both,1
yf-routine-campaign-default,"YF:YF,campaign,with:default",YF,total,campaign,NGA,Nigeria,2019,0,45,0.75-45,7517781,0.8329999999999999626965,both,1
yf-routine-campaign-default,"YF:YF,campaign,with:default",YF,total,campaign,NGA,Nigeria,2020,0,45,0.75-45,24385479,0.77861843784163513789056,both,1
yf-routine-campaign-default,"YF:YF,campaign,with:default",YF,total,campaign,NGA,Nigeria,2021,0,45,0.75-45,22751918,0.65993949340886338599359,both,1
yf-routine-campaign-default,"YF:YF,campaign,with:default",YF,total,campaign,NGA,Nigeria,2022,1,45,1-45,30031367,0.7600000000000000088818,both,1
yf-routine-campaign-default,"YF:YF,campaign,with:default",YF,total,campaign,NGA,Nigeria,2023,1,45,1 to 45,187231327.5,0.899999946830372987705,both,1
yf-routine-campaign-default,"YF:YF,campaign,with:default",YF,total,campaign,NGA,Nigeria,2024,1,45,1 to 45,191505740.5,0.9000000141635670081186,both,1
yf-routine-campaign-default,"YF:YF,campaign,none:default",YF,no vaccine,campaign,SDN,Sudan,2003,1,100,<NA>,28406263,0.0065911726811354902009,both,1
yf-routine-campaign-default,"YF:YF,campaign,none:default",YF,no vaccine,campaign,SDN,Sudan,2005,1,100,<NA>,29854066,0.0543916313036076001786,both,1
yf-routine-campaign-default,"YF:YF,campaign,none:default",YF,no vaccine,campaign,SDN,Sudan,2012,1,100,<NA>,70025384,0.09834295490327314703815,both,1
yf-routine-campaign-default,"YF:YF,campaign,none:default",YF,no vaccine,campaign,SDN,Sudan,2013,1,100,<NA>,35877594,0.0054167801572968096377,both,1
yf-routine-campaign-default,"YF:YF,campaign,with:default",YF,total,campaign,SDN,Sudan,2014,0,60,0.75-60,7467020,0.8970000000000000195399,both,1
yf-routine-campaign-default,"YF:YF,campaign,with:default",YF,total,campaign,SDN,Sudan,2015,0,60,0.75-60,6157432,0.9279999999999999360512,both,1
yf-routine-campaign-default,"YF:YF,campaign,with:default",YF,total,campaign,SDN,Sudan,2019,0,60,0.75-60,17667378,0.97601684924610772860154,both,1
yf-routine-campaign-default,"YF:YF,campaign,with:default",YF,total,campaign,SDN,Sudan,2020,1,60,1-60,466001,0.9500001072959071146684,both,1
yf-routine-campaign-default,"YF:YF,campaign,none:default",YF,no vaccine,campaign,SEN,Senegal,1981,1,100,<NA>,5494915,0.1289633191473679996175,both,1
yf-routine-campaign-default,"YF:YF,campaign,none:default",YF,no vaccine,campaign,SEN,Senegal,1995,1,100,<NA>,8362334,0.0145598012551030001754,both,1
yf-routine-campaign-default,"YF:YF,campaign,none:default",YF,no vaccine,campaign,SEN,Senegal,1996,1,100,<NA>,8578656,0.0187651081110654996409,both,1
yf-routine-campaign-default,"YF:YF,campaign,none:default",YF,no vaccine,campaign,SEN,Senegal,2002,1,100,<NA>,9916338,0.5038482417157520432127,both,1
yf-routine-campaign-default,"YF:YF,campaign,none:default",YF,no vaccine,campaign,SEN,Senegal,2005,1,100,<NA>,10695066,0.0139641699878893001119,both,1
yf-routine-campaign-default,"YF:YF,campaign,with:default",YF,total,campaign,SEN,Senegal,2007,0,60,0.75-60,3127063,0.9419999999999999484857,both,1
yf-routine-campaign-default,"YF:YF,campaign,none:default",YF,no vaccine,campaign,SEN,Senegal,2011,0,100,<NA>,13033809,0.012113407232688300566,both,1
yf-routine-campaign-default,"YF:YF,campaign,none:default",YF,no vaccine,campaign,SLE,Sierra Leone,1995,1,100,<NA>,4138916,0.080842581808903302143,both,1
yf-routine-campaign-default,"YF:YF,campaign,none:default",YF,no vaccine,campaign,SLE,Sierra Leone,1996,1,100,<NA>,4150103,0.0376477485893388988392,both,1
yf-routine-campaign-default,"YF:YF,campaign,none:default",YF,no vaccine,campaign,SLE,Sierra Leone,2003,1,100,<NA>,10017262,0.0548957682706847499565,both,1
yf-routine-campaign-default,"YF:YF,campaign,none:default",YF,no vaccine,campaign,SLE,Sierra Leone,2008,1,100,<NA>,5912821,0.0901386434490804022701,both,1
yf-routine-campaign-default,"YF:YF,campaign,with:default",YF,total,campaign,SLE,Sierra Leone,2009,0,60,0.75-60,4112616,0.8870000000000000106581,both,1
yf-routine-campaign-default,"YF:YF,campaign,none:default",YF,no vaccine,campaign,SLE,Sierra Leone,2011,1,100,<NA>,6339182,0.0229051212832029997546,both,1
yf-routine-campaign-default,"YF:YF,campaign,with:default",YF,total,campaign,SSD,South Sudan,2024,1,60,1 to 60,10456322,0.899999598483910978608,both,1
yf-routine-campaign-default,"YF:YF,campaign,with:default",YF,total,campaign,SSD,South Sudan,2025,1,60,1 to 60,10625738.5,0.8999993720319789947126,both,1
yf-routine-campaign-default,"YF:YF,campaign,none:default",YF,no vaccine,campaign,TCD,Chad,2013,1,100,<NA>,12682428,0.0903507524708633963373,both,1
yf-routine-campaign-default,"YF:YF,campaign,with:default",YF,total,campaign,TCD,Chad,2024,1,60,1 to 60,17514003.5,0.8999998420944039789759,both,1
yf-routine-campaign-default,"YF:YF,campaign,with:default",YF,total,campaign,TCD,Chad,2025,1,60,1 to 60,18053950.5,0.9000001534789500157174,both,1
yf-routine-campaign-default,"YF:YF,campaign,with:default",YF,total,campaign,TGO,Togo,2007,0,60,0.75-60,3644262,0.9679999999999999715783,both,1
yf-routine-campaign-default,"YF:YF,campaign,none:default",YF,no vaccine,campaign,UGA,Uganda,2011,1,100,<NA>,32112772,0.0217201436257274983765,both,1
yf-routine-campaign-default,"YF:YF,campaign,with:default",YF,total,campaign,VEN,"Venezuela, Bolivarian Republic of",2021,2,59,2-59y,24324013,0.1556267051822411151552,both,1
yf-routine-campaign-default,"YF:YF,campaign,with:default",YF,total,campaign,VEN,"Venezuela, Bolivarian Republic of",2022,2,59,2-59y,23760216,0.073652529084752421662,both,1
yf-routine-campaign-default,"YF:YF,routine,with:default",YF,total,routine,AGO,Angola,1997,0,0,default routine age,<NA>,0.1600000000000000033307,both,1
yf-routine-campaign-default,"YF:YF,routine,with:default",YF,total,routine,AGO,Angola,1998,0,0,default routine age,<NA>,0.2399999999999999911182,both,1
yf-routine-campaign-default,"YF:YF,routine,with:default",YF,total,routine,AGO,Angola,1999,0,0,default routine age,<NA>,0.3200000000000000066613,both,1
yf-routine-campaign-default,"YF:YF,routine,with:default",YF,total,routine,AGO,Angola,2000,0,0,default routine age,<NA>,0.289999999999999980016,both,1
yf-routine-campaign-default,"YF:YF,routine,with:default",YF,total,routine,AGO,Angola,2001,0,0,default routine age,<NA>,0.25,both,1
yf-routine-campaign-default,"YF:YF,routine,with:default",YF,total,routine,AGO,Angola,2002,0,0,default routine age,<NA>,0.25,both,1
yf-routine-campaign-default,"YF:YF,routine,with:default",YF,total,routine,AGO,Angola,2003,0,0,default routine age,<NA>,0.3099999999999999977796,both,1
yf-routine-campaign-default,"YF:YF,routine,with:default",YF,total,routine,AGO,Angola,2004,0,0,default routine age,<NA>,0.3900000000000000133227,both,1
yf-routine-campaign-default,"YF:YF,routine,with:default",YF,total,routine,AGO,Angola,2005,0,0,default routine age,<NA>,0.230000000000000009992,both,1
yf-routine-campaign-default,"YF:YF,routine,with:default",YF,total,routine,AGO,Angola,2006,0,0,default routine age,<NA>,0.2200000000000000011102,both,1
yf-routine-campaign-default,"YF:YF,routine,with:default",YF,total,routine,AGO,Angola,2007,0,0,default routine age,<NA>,0.5100000000000000088818,both,1
yf-routine-campaign-default,"YF:YF,routine,with:default",YF,total,routine,AGO,Angola,2008,0,0,default routine age,<NA>,0.3900000000000000133227,both,1
yf-routine-campaign-default,"YF:YF,routine,with:default",YF,total,routine,AGO,Angola,2009,0,0,default routine age,<NA>,0.1700000000000000122125,both,1
yf-routine-campaign-default,"YF:YF,routine,with:default",YF,total,routine,AGO,Angola,2010,0,0,default routine age,<NA>,0.1600000000000000033307,both,1
yf-routine-campaign-default,"YF:YF,routine,with:default",YF,total,routine,AGO,Angola,2011,0,0,default routine age,<NA>,0.3800000000000000044409,both,1
yf-routine-campaign-default,"YF:YF,routine,with:default",YF,total,routine,AGO,Angola,2012,0,0,default routine age,<NA>,0.3599999999999999866773,both,1
yf-routine-campaign-default,"YF:YF,routine,with:default",YF,total,routine,AGO,Angola,2013,0,0,default routine age,<NA>,0.2099999999999999922284,both,1
yf-routine-campaign-default,"YF:YF,routine,with:default",YF,total,routine,AGO,Angola,2014,0,0,default routine age,<NA>,0.4799999999999999822364,both,1
yf-routine-campaign-default,"YF:YF,routine,with:default",YF,total,routine,AGO,Angola,2015,0,0,default routine age,<NA>,0.4299999999999999933387,both,1
yf-routine-campaign-default,"YF:YF,routine,with:default",YF,total,routine,AGO,Angola,2016,0,0,default routine age,<NA>,0.2399999999999999911182,both,1
yf-routine-campaign-default,"YF:YF,routine,with:default",YF,total,routine,AGO,Angola,2017,0,0,default routine age,<NA>,0.2800000000000000266454,both,1
yf-routine-campaign-default,"YF:YF,routine,with:default",YF,total,routine,AGO,Angola,2018,0,0,default routine age,<NA>,0.4500000000000000111022,both,1
yf-routine-campaign-default,"YF:YF,routine,with:default",YF,total,routine,AGO,Angola,2019,0,0,default routine age,<NA>,0.4500000000000000111022,both,1
yf-routine-campaign-default,"YF:YF,routine,with:default",YF,total,routine,AGO,Angola,2020,0,0,default routine age,<NA>,0.2999999999999999888978,both,1
yf-routine-campaign-default,"YF:YF,routine,with:default",YF,total,routine,AGO,Angola,2021,0,0,default routine age,<NA>,0.3099999999999999977796,both,1
yf-routine-campaign-default,"YF:YF,routine,with:default",YF,total,routine,AGO,Angola,2022,0,0,default routine age,<NA>,0.2000000000000000111022,both,1
yf-routine-campaign-default,"YF:YF,routine,with:default",YF,total,routine,AGO,Angola,2023,0,0,<NA>,<NA>,0.258812449455957827027,both,1
yf-routine-campaign-default,"YF:YF,routine,with:default",YF,total,routine,AGO,Angola,2024,0,0,<NA>,<NA>,0.3133012686481536634986,both,1
yf-routine-campaign-default,"YF:YF,routine,with:default",YF,total,routine,AGO,Angola,2025,0,0,<NA>,<NA>,0.3637843116845297375406,both,1
yf-routine-campaign-default,"YF:YF,routine,with:default",YF,total,routine,AGO,Angola,2026,0,0,<NA>,<NA>,0.4105560654497060202317,both,1
yf-routine-campaign-default,"YF:YF,routine,with:default",YF,total,routine,AGO,Angola,2027,0,0,<NA>,<NA>,0.4538893674595311233944,both,1
yf-routine-campaign-default,"YF:YF,routine,with:default",YF,total,routine,AGO,Angola,2028,0,0,<NA>,<NA>,0.494036997426590573923,both,1
yf-routine-campaign-default,"YF:YF,routine,with:default",YF,total,routine,AGO,Angola,2029,0,0,<NA>,<NA>,0.5312331518208821545812,both,1
yf-routine-campaign-default,"YF:YF,routine,with:default",YF,total,routine,AGO,Angola,2030,0,0,<NA>,<NA>,0.5656948100273360147128,both,1
yf-routine-campaign-default,"YF:YF,routine,with:default",YF,total,routine,AGO,Angola,2031,0,0,<NA>,<NA>,0.5756948100273360235946,both,1
yf-routine-campaign-default,"YF:YF,routine,with:default",YF,total,routine,AGO,Angola,2032,0,0,<NA>,<NA>,0.5856948100273360324763,both,1
yf-routine-campaign-default,"YF:YF,routine,with:default",YF,total,routine,AGO,Angola,2033,0,0,<NA>,<NA>,0.5956948100273360413581,both,1
yf-routine-campaign-default,"YF:YF,routine,with:default",YF,total,routine,AGO,Angola,2034,0,0,<NA>,<NA>,0.6056948100273360502399,both,1
yf-routine-campaign-default,"YF:YF,routine,with:default",YF,total,routine,AGO,Angola,2035,0,0,<NA>,<NA>,0.6156948100273360591217,both,1
yf-routine-campaign-default,"YF:YF,routine,with:default",YF,total,routine,AGO,Angola,2036,0,0,<NA>,<NA>,0.6256948100273360680035,both,1
yf-routine-campaign-default,"YF:YF,routine,with:default",YF,total,routine,AGO,Angola,2037,0,0,<NA>,<NA>,0.6356948100273360768853,both,1
yf-routine-campaign-default,"YF:YF,routine,with:default",YF,total,routine,AGO,Angola,2038,0,0,<NA>,<NA>,0.6456948100273359747447,both,1
yf-routine-campaign-default,"YF:YF,routine,with:default",YF,total,routine,AGO,Angola,2039,0,0,<NA>,<NA>,0.6556948100273359836265,both,1
yf-routine-campaign-default,"YF:YF,routine,with:default",YF,total,routine,AGO,Angola,2040,0,0,<NA>,<NA>,0.6656948100273359925083,both,1
yf-routine-campaign-default,"YF:YF,routine,with:default",YF,total,routine,AGO,Angola,2041,0,0,<NA>,<NA>,0.6756948100273360013901,both,1
yf-routine-campaign-default,"YF:YF,routine,with:default",YF,total,routine,AGO,Angola,2042,0,0,<NA>,<NA>,0.6856948100273360102719,both,1
yf-routine-campaign-default,"YF:YF,routine,with:default",YF,total,routine,AGO,Angola,2043,0,0,<NA>,<NA>,0.6956948100273360191537,both,1
yf-routine-campaign-default,"YF:YF,routine,with:default",YF,total,routine,AGO,Angola,2044,0,0,<NA>,<NA>,0.7056948100273360280354,both,1
yf-routine-campaign-default,"YF:YF,routine,with:default",YF,total,routine,AGO,Angola,2045,0,0,<NA>,<NA>,0.7156948100273360369172,both,1
yf-routine-campaign-default,"YF:YF,routine,with:default",YF,total,routine,AGO,Angola,2046,0,0,<NA>,<NA>,0.725694810027336045799,both,1
yf-routine-campaign-default,"YF:YF,routine,with:default",YF,total,routine,AGO,Angola,2047,0,0,<NA>,<NA>,0.7356948100273360546808,both,1
yf-routine-campaign-default,"YF:YF,routine,with:default",YF,total,routine,AGO,Angola,2048,0,0,<NA>,<NA>,0.7456948100273359525403,both,1
yf-routine-campaign-default,"YF:YF,routine,with:default",YF,total,routine,AGO,Angola,2049,0,0,<NA>,<NA>,0.7556948100273359614221,both,1
yf-routine-campaign-default,"YF:YF,routine,with:default",YF,total,routine,AGO,Angola,2050,0,0,<NA>,<NA>,0.7656948100273359703039,both,1
yf-routine-campaign-default,"YF:YF,routine,with:default",YF,total,routine,AGO,Angola,2051,0,0,<NA>,<NA>,0.7756948100273359791856,both,1
yf-routine-campaign-default,"YF:YF,routine,with:default",YF,total,routine,AGO,Angola,2052,0,0,<NA>,<NA>,0.7856948100273359880674,both,1
yf-routine-campaign-default,"YF:YF,routine,with:default",YF,total,routine,AGO,Angola,2053,0,0,<NA>,<NA>,0.7956948100273359969492,both,1
yf-routine-campaign-default,"YF:YF,routine,with:default",YF,total,routine,AGO,Angola,2054,0,0,<NA>,<NA>,0.805694810027336005831,both,1
yf-routine-campaign-default,"YF:YF,routine,with:default",YF,total,routine,AGO,Angola,2055,0,0,<NA>,<NA>,0.8156948100273360147128,both,1
yf-routine-campaign-default,"YF:YF,routine,with:default",YF,total,routine,AGO,Angola,2056,0,0,<NA>,<NA>,0.8256948100273360235946,both,1
yf-routine-campaign-default,"YF:YF,routine,with:default",YF,total,routine,AGO,Angola,2057,0,0,<NA>,<NA>,0.8356948100273360324763,both,1
yf-routine-campaign-default,"YF:YF,routine,with:default",YF,total,routine,AGO,Angola,2058,0,0,<NA>,<NA>,0.8456948100273360413581,both,1
yf-routine-campaign-default,"YF:YF,routine,with:default",YF,total,routine,AGO,Angola,2059,0,0,<NA>,<NA>,0.8556948100273360502399,both,1
yf-routine-campaign-default,"YF:YF,routine,with:default",YF,total,routine,AGO,Angola,2060,0,0,<NA>,<NA>,0.8656948100273360591217,both,1
yf-routine-campaign-default,"YF:YF,routine,with:default",YF,total,routine,AGO,Angola,2061,0,0,<NA>,<NA>,0.8756948100273360680035,both,1
yf-routine-campaign-default,"YF:YF,routine,with:default",YF,total,routine,AGO,Angola,2062,0,0,<NA>,<NA>,0.8856948100273360768853,both,1
yf-routine-campaign-default,"YF:YF,routine,with:default",YF,total,routine,AGO,Angola,2063,0,0,<NA>,<NA>,0.895694810027336085767,both,1
yf-routine-campaign-default,"YF:YF,routine,with:default",YF,total,routine,AGO,Angola,2064,0,0,<NA>,<NA>,0.9056948100273360946488,both,1
yf-routine-campaign-default,"YF:YF,routine,with:default",YF,total,routine,AGO,Angola,2065,0,0,<NA>,<NA>,0.9156948100273361035306,both,1
yf-routine-campaign-default,"YF:YF,routine,with:default",YF,total,routine,AGO,Angola,2066,0,0,<NA>,<NA>,0.9256948100273360013901,both,1
yf-routine-campaign-default,"YF:YF,routine,with:default",YF,total,routine,AGO,Angola,2067,0,0,<NA>,<NA>,0.9356948100273360102719,both,1
yf-routine-campaign-default,"YF:YF,routine,with:default",YF,total,routine,AGO,Angola,2068,0,0,<NA>,<NA>,0.9456948100273360191537,both,1
yf-routine-campaign-default,"YF:YF,routine,with:default",YF,total,routine,AGO,Angola,2069,0,0,<NA>,<NA>,0.9499999999999999555911,both,1
yf-routine-campaign-default,"YF:YF,routine,with:default",YF,total,routine,AGO,Angola,2070,0,0,<NA>,<NA>,0.9499999999999999555911,both,1
yf-routine-campaign-default,"YF:YF,routine,with:default",YF,total,routine,AGO,Angola,2071,0,0,<NA>,<NA>,0.9499999999999999555911,both,1
yf-routine-campaign-default,"YF:YF,routine,with:default",YF,total,routine,AGO,Angola,2072,0,0,<NA>,<NA>,0.9499999999999999555911,both,1
yf-routine-campaign-default,"YF:YF,routine,with:default",YF,total,routine,AGO,Angola,2073,0,0,<NA>,<NA>,0.9499999999999999555911,both,1
yf-routine-campaign-default,"YF:YF,routine,with:default",YF,total,routine,AGO,Angola,2074,0,0,<NA>,<NA>,0.9499999999999999555911,both,1
yf-routine-campaign-default,"YF:YF,routine,with:default",YF,total,routine,AGO,Angola,2075,0,0,<NA>,<NA>,0.9499999999999999555911,both,1
yf-routine-campaign-default,"YF:YF,routine,with:default",YF,total,routine,AGO,Angola,2076,0,0,<NA>,<NA>,0.9499999999999999555911,both,1
yf-routine-campaign-default,"YF:YF,routine,with:default",YF,total,routine,AGO,Angola,2077,0,0,<NA>,<NA>,0.9499999999999999555911,both,1
yf-routine-campaign-default,"YF:YF,routine,with:default",YF,total,routine,AGO,Angola,2078,0,0,<NA>,<NA>,0.9499999999999999555911,both,1
yf-routine-campaign-default,"YF:YF,routine,with:default",YF,total,routine,AGO,Angola,2079,0,0,<NA>,<NA>,0.9499999999999999555911,both,1
yf-routine-campaign-default,"YF:YF,routine,with:default",YF,total,routine,AGO,Angola,2080,0,0,<NA>,<NA>,0.9499999999999999555911,both,1
yf-routine-campaign-default,"YF:YF,routine,with:default",YF,total,routine,AGO,Angola,2081,0,0,<NA>,<NA>,0.9499999999999999555911,both,1
yf-routine-campaign-default,"YF:YF,routine,with:default",YF,total,routine,AGO,Angola,2082,0,0,<NA>,<NA>,0.9499999999999999555911,both,1
yf-routine-campaign-default,"YF:YF,routine,with:default",YF,total,routine,AGO,Angola,2083,0,0,<NA>,<NA>,0.9499999999999999555911,both,1
yf-routine-campaign-default,"YF:YF,routine,with:default",YF,total,routine,AGO,Angola,2084,0,0,<NA>,<NA>,0.9499999999999999555911,both,1
yf-routine-campaign-default,"YF:YF,routine,with:default",YF,total,routine,AGO,Angola,2085,0,0,<NA>,<NA>,0.9499999999999999555911,both,1
yf-routine-campaign-default,"YF:YF,routine,with:default",YF,total,routine,AGO,Angola,2086,0,0,<NA>,<NA>,0.9499999999999999555911,both,1
yf-routine-campaign-default,"YF:YF,routine,with:default",YF,total,routine,AGO,Angola,2087,0,0,<NA>,<NA>,0.9499999999999999555911,both,1
yf-routine-campaign-default,"YF:YF,routine,with:default",YF,total,routine,AGO,Angola,2088,0,0,<NA>,<NA>,0.9499999999999999555911,both,1
yf-routine-campaign-default,"YF:YF,routine,with:default",YF,total,routine,AGO,Angola,2089,0,0,<NA>,<NA>,0.9499999999999999555911,both,1
yf-routine-campaign-default,"YF:YF,routine,with:default",YF,total,routine,AGO,Angola,2090,0,0,<NA>,<NA>,0.9499999999999999555911,both,1
yf-routine-campaign-default,"YF:YF,routine,with:default",YF,total,routine,AGO,Angola,2091,0,0,<NA>,<NA>,0.9499999999999999555911,both,1
yf-routine-campaign-default,"YF:YF,routine,with:default",YF,total,routine,AGO,Angola,2092,0,0,<NA>,<NA>,0.9499999999999999555911,both,1
yf-routine-campaign-default,"YF:YF,routine,with:default",YF,total,routine,AGO,Angola,2093,0,0,<NA>,<NA>,0.9499999999999999555911,both,1
yf-routine-campaign-default,"YF:YF,routine,with:default",YF,total,routine,AGO,Angola,2094,0,0,<NA>,<NA>,0.9499999999999999555911,both,1
yf-routine-campaign-default,"YF:YF,routine,with:default",YF,total,routine,AGO,Angola,2095,0,0,<NA>,<NA>,0.9499999999999999555911,both,1
yf-routine-campaign-default,"YF:YF,routine,with:default",YF,total,routine,AGO,Angola,2096,0,0,<NA>,<NA>,0.9499999999999999555911,both,1
yf-routine-campaign-default,"YF:YF,routine,with:default",YF,total,routine,AGO,Angola,2097,0,0,<NA>,<NA>,0.9499999999999999555911,both,1
yf-routine-campaign-default,"YF:YF,routine,with:default",YF,total,routine,AGO,Angola,2098,0,0,<NA>,<NA>,0.9499999999999999555911,both,1
yf-routine-campaign-default,"YF:YF,routine,with:default",YF,total,routine,AGO,Angola,2099,0,0,<NA>,<NA>,0.9499999999999999555911,both,1
yf-routine-campaign-default,"YF:YF,routine,with:default",YF,total,routine,AGO,Angola,2100,0,0,<NA>,<NA>,0.9499999999999999555911,both,1
yf-routine-campaign-default,"YF:YF,routine,with:default",YF,total,routine,BDI,Burundi,2026,0,0,<NA>,<NA>,0.24396420965642673373,both,1
yf-routine-campaign-default,"YF:YF,routine,with:default",YF,total,routine,BDI,Burundi,2027,0,0,<NA>,<NA>,0.5497792006646657902991,both,1
yf-routine-campaign-default,"YF:YF,routine,with:default",YF,total,routine,BDI,Burundi,2028,0,0,<NA>,<NA>,0.731892628969280978346,both,1
yf-routine-campaign-default,"YF:YF,routine,with:default",YF,total,routine,BDI,Burundi,2029,0,0,<NA>,<NA>,0.836260154198582794649,both,1
yf-routine-campaign-default,"YF:YF,routine,with:default",YF,total,routine,BDI,Burundi,2030,0,0,<NA>,<NA>,0.9000000000000000222045,both,1
yf-routine-campaign-default,"YF:YF,routine,with:default",YF,total,routine,BDI,Burundi,2031,0,0,<NA>,<NA>,0.9100000000000000310862,both,1
yf-routine-campaign-default,"YF:YF,routine,with:default",YF,total,routine,BDI,Burundi,2032,0,0,<NA>,<NA>,0.920000000000000039968,both,1
yf-routine-campaign-default,"YF:YF,routine,with:default",YF,total,routine,BDI,Burundi,2033,0,0,<NA>,<NA>,0.9300000000000000488498,both,1
yf-routine-campaign-default,"YF:YF,routine,with:default",YF,total,routine,BDI,Burundi,2034,0,0,<NA>,<NA>,0.9400000000000000577316,both,1
yf-routine-campaign-default,"YF:YF,routine,with:default",YF,total,routine,BDI,Burundi,2035,0,0,<NA>,<NA>,0.9499999999999999555911,both,1
yf-routine-campaign-default,"YF:YF,routine,with:default",YF,total,routine,BDI,Burundi,2036,0,0,<NA>,<NA>,0.9499999999999999555911,both,1
yf-routine-campaign-default,"YF:YF,routine,with:default",YF,total,routine,BDI,Burundi,2037,0,0,<NA>,<NA>,0.9499999999999999555911,both,1
yf-routine-campaign-default,"YF:YF,routine,with:default",YF,total,routine,BDI,Burundi,2038,0,0,<NA>,<NA>,0.9499999999999999555911,both,1
yf-routine-campaign-default,"YF:YF,routine,with:default",YF,total,routine,BDI,Burundi,2039,0,0,<NA>,<NA>,0.9499999999999999555911,both,1
yf-routine-campaign-default,"YF:YF,routine,with:default",YF,total,routine,BDI,Burundi,2040,0,0,<NA>,<NA>,0.9499999999999999555911,both,1
yf-routine-campaign-default,"YF:YF,routine,with:default",YF,total,routine,BDI,Burundi,2041,0,0,<NA>,<NA>,0.9499999999999999555911,both,1
yf-routine-campaign-default,"YF:YF,routine,with:default",YF,total,routine,BDI,Burundi,2042,0,0,<NA>,<NA>,0.9499999999999999555911,both,1
yf-routine-campaign-default,"YF:YF,routine,with:default",YF,total,routine,BDI,Burundi,2043,0,0,<NA>,<NA>,0.9499999999999999555911,both,1
yf-routine-campaign-default,"YF:YF,routine,with:default",YF,total,routine,BDI,Burundi,2044,0,0,<NA>,<NA>,0.9499999999999999555911,both,1
yf-routine-campaign-default,"YF:YF,routine,with:default",YF,total,routine,BDI,Burundi,2045,0,0,<NA>,<NA>,0.9499999999999999555911,both,1
yf-routine-campaign-default,"YF:YF,routine,with:default",YF,total,routine,BDI,Burundi,2046,0,0,<NA>,<NA>,0.9499999999999999555911,both,1
yf-routine-campaign-default,"YF:YF,routine,with:default",YF,total,routine,BDI,Burundi,2047,0,0,<NA>,<NA>,0.9499999999999999555911,both,1
yf-routine-campaign-default,"YF:YF,routine,with:default",YF,total,routine,BDI,Burundi,2048,0,0,<NA>,<NA>,0.9499999999999999555911,both,1
yf-routine-campaign-default,"YF:YF,routine,with:default",YF,total,routine,BDI,Burundi,2049,0,0,<NA>,<NA>,0.9499999999999999555911,both,1
yf-routine-campaign-default,"YF:YF,routine,with:default",YF,total,routine,BDI,Burundi,2050,0,0,<NA>,<NA>,0.9499999999999999555911,both,1
yf-routine-campaign-default,"YF:YF,routine,with:default",YF,total,routine,BDI,Burundi,2051,0,0,<NA>,<NA>,0.9499999999999999555911,both,1
yf-routine-campaign-default,"YF:YF,routine,with:default",YF,total,routine,BDI,Burundi,2052,0,0,<NA>,<NA>,0.9499999999999999555911,both,1
yf-routine-campaign-default,"YF:YF,routine,with:default",YF,total,routine,BDI,Burundi,2053,0,0,<NA>,<NA>,0.9499999999999999555911,both,1
yf-routine-campaign-default,"YF:YF,routine,with:default",YF,total,routine,BDI,Burundi,2054,0,0,<NA>,<NA>,0.9499999999999999555911,both,1
yf-routine-campaign-default,"YF:YF,routine,with:default",YF,total,routine,BDI,Burundi,2055,0,0,<NA>,<NA>,0.9499999999999999555911,both,1
yf-routine-campaign-default,"YF:YF,routine,with:default",YF,total,routine,BDI,Burundi,2056,0,0,<NA>,<NA>,0.9499999999999999555911,both,1
yf-routine-campaign-default,"YF:YF,routine,with:default",YF,total,routine,BDI,Burundi,2057,0,0,<NA>,<NA>,0.9499999999999999555911,both,1
yf-routine-campaign-default,"YF:YF,routine,with:default",YF,total,routine,BDI,Burundi,2058,0,0,<NA>,<NA>,0.9499999999999999555911,both,1
yf-routine-campaign-default,"YF:YF,routine,with:default",YF,total,routine,BDI,Burundi,2059,0,0,<NA>,<NA>,0.9499999999999999555911,both,1
yf-routine-campaign-default,"YF:YF,routine,with:default",YF,total,routine,BDI,Burundi,2060,0,0,<NA>,<NA>,0.9499999999999999555911,both,1
yf-routine-campaign-default,"YF:YF,routine,with:default",YF,total,routine,BDI,Burundi,2061,0,0,<NA>,<NA>,0.9499999999999999555911,both,1
yf-routine-campaign-default,"YF:YF,routine,with:default",YF,total,routine,BDI,Burundi,2062,0,0,<NA>,<NA>,0.9499999999999999555911,both,1
yf-routine-campaign-default,"YF:YF,routine,with:default",YF,total,routine,BDI,Burundi,2063,0,0,<NA>,<NA>,0.9499999999999999555911,both,1
yf-routine-campaign-default,"YF:YF,routine,with:default",YF,total,routine,BDI,Burundi,2064,0,0,<NA>,<NA>,0.9499999999999999555911,both,1
yf-routine-campaign-default,"YF:YF,routine,with:default",YF,total,routine,BDI,Burundi,2065,0,0,<NA>,<NA>,0.9499999999999999555911,both,1
yf-routine-campaign-default,"YF:YF,routine,with:default",YF,total,routine,BDI,Burundi,2066,0,0,<NA>,<NA>,0.9499999999999999555911,both,1
yf-routine-campaign-default,"YF:YF,routine,with:default",YF,total,routine,BDI,Burundi,2067,0,0,<NA>,<NA>,0.9499999999999999555911,both,1
yf-routine-campaign-default,"YF:YF,routine,with:default",YF,total,routine,BDI,Burundi,2068,0,0,<NA>,<NA>,0.9499999999999999555911,both,1
yf-routine-campaign-default,"YF:YF,routine,with:default",YF,total,routine,BDI,Burundi,2069,0,0,<NA>,<NA>,0.9499999999999999555911,both,1
yf-routine-campaign-default,"YF:YF,routine,with:default",YF,total,routine,BDI,Burundi,2070,0,0,<NA>,<NA>,0.9499999999999999555911,both,1
yf-routine-campaign-default,"YF:YF,routine,with:default",YF,total,routine,BDI,Burundi,2071,0,0,<NA>,<NA>,0.9499999999999999555911,both,1
yf-routine-campaign-default,"YF:YF,routine,with:default",YF,total,routine,BDI,Burundi,2072,0,0,<NA>,<NA>,0.9499999999999999555911,both,1
yf-routine-campaign-default,"YF:YF,routine,with:default",YF,total,routine,BDI,Burundi,2073,0,0,<NA>,<NA>,0.9499999999999999555911,both,1
yf-routine-campaign-default,"YF:YF,routine,with:default",YF,total,routine,BDI,Burundi,2074,0,0,<NA>,<NA>,0.9499999999999999555911,both,1
yf-routine-campaign-default,"YF:YF,routine,with:default",YF,total,routine,BDI,Burundi,2075,0,0,<NA>,<NA>,0.9499999999999999555911,both,1
yf-routine-campaign-default,"YF:YF,routine,with:default",YF,total,routine,BDI,Burundi,2076,0,0,<NA>,<NA>,0.9499999999999999555911,both,1
yf-routine-campaign-default,"YF:YF,routine,with:default",YF,total,routine,BDI,Burundi,2077,0,0,<NA>,<NA>,0.9499999999999999555911,both,1
yf-routine-campaign-default,"YF:YF,routine,with:default",YF,total,routine,BDI,Burundi,2078,0,0,<NA>,<NA>,0.9499999999999999555911,both,1
yf-routine-campaign-default,"YF:YF,routine,with:default",YF,total,routine,BDI,Burundi,2079,0,0,<NA>,<NA>,0.9499999999999999555911,both,1
yf-routine-campaign-default,"YF:YF,routine,with:default",YF,total,routine,BDI,Burundi,2080,0,0,<NA>,<NA>,0.9499999999999999555911,both,1
yf-routine-campaign-default,"YF:YF,routine,with:default",YF,total,routine,BDI,Burundi,2081,0,0,<NA>,<NA>,0.9499999999999999555911,both,1
yf-routine-campaign-default,"YF:YF,routine,with:default",YF,total,routine,BDI,Burundi,2082,0,0,<NA>,<NA>,0.9499999999999999555911,both,1
yf-routine-campaign-default,"YF:YF,routine,with:default",YF,total,routine,BDI,Burundi,2083,0,0,<NA>,<NA>,0.9499999999999999555911,both,1
yf-routine-campaign-default,"YF:YF,routine,with:default",YF,total,routine,BDI,Burundi,2084,0,0,<NA>,<NA>,0.9499999999999999555911,both,1
yf-routine-campaign-default,"YF:YF,routine,with:default",YF,total,routine,BDI,Burundi,2085,0,0,<NA>,<NA>,0.9499999999999999555911,both,1
yf-routine-campaign-default,"YF:YF,routine,with:default",YF,total,routine,BDI,Burundi,2086,0,0,<NA>,<NA>,0.9499999999999999555911,both,1
yf-routine-campaign-default,"YF:YF,routine,with:default",YF,total,routine,BDI,Burundi,2087,0,0,<NA>,<NA>,0.9499999999999999555911,both,1
yf-routine-campaign-default,"YF:YF,routine,with:default",YF,total,routine,BDI,Burundi,2088,0,0,<NA>,<NA>,0.9499999999999999555911,both,1
yf-routine-campaign-default,"YF:YF,routine,with:default",YF,total,routine,BDI,Burundi,2089,0,0,<NA>,<NA>,0.9499999999999999555911,both,1
yf-routine-campaign-default,"YF:YF,routine,with:default",YF,total,routine,BDI,Burundi,2090,0,0,<NA>,<NA>,0.9499999999999999555911,both,1
yf-routine-campaign-default,"YF:YF,routine,with:default",YF,total,routine,BDI,Burundi,2091,0,0,<NA>,<NA>,0.9499999999999999555911,both,1
yf-routine-campaign-default,"YF:YF,routine,with:default",YF,total,routine,BDI,Burundi,2092,0,0,<NA>,<NA>,0.9499999999999999555911,both,1
yf-routine-campaign-default,"YF:YF,routine,with:default",YF,total,routine,BDI,Burundi,2093,0,0,<NA>,<NA>,0.9499999999999999555911,both,1
yf-routine-campaign-default,"YF:YF,routine,with:default",YF,total,routine,BDI,Burundi,2094,0,0,<NA>,<NA>,0.9499999999999999555911,both,1
yf-routine-campaign-default,"YF:YF,routine,with:default",YF,total,routine,BDI,Burundi,2095,0,0,<NA>,<NA>,0.9499999999999999555911,both,1
yf-routine-campaign-default,"YF:YF,routine,with:default",YF,total,routine,BDI,Burundi,2096,0,0,<NA>,<NA>,0.9499999999999999555911,both,1
yf-routine-campaign-default,"YF:YF,routine,with:default",YF,total,routine,BDI,Burundi,2097,0,0,<NA>,<NA>,0.9499999999999999555911,both,1
yf-routine-campaign-default,"YF:YF,routine,with:default",YF,total,routine,BDI,Burundi,2098,0,0,<NA>,<NA>,0.9499999999999999555911,both,1
yf-routine-campaign-default,"YF:YF,routine,with:default",YF,total,routine,BDI,Burundi,2099,0,0,<NA>,<NA>,0.9499999999999999555911,both,1
yf-routine-campaign-default,"YF:YF,routine,with:default",YF,total,routine,BDI,Burundi,2100,0,0,<NA>,<NA>,0.9499999999999999555911,both,1
yf-routine-campaign-default,"YF:YF,routine,with:default",YF,total,routine,BEN,Benin,2002,0,0,default routine age,<NA>,0.2700000000000000177636,both,1
yf-routine-campaign-default,"YF:YF,routine,with:default",YF,total,routine,BEN,Benin,2003,0,0,default routine age,<NA>,0.6500000000000000222045,both,1
yf-routine-campaign-default,"YF:YF,routine,with:default",YF,total,routine,BEN,Benin,2004,0,0,default routine age,<NA>,0.6500000000000000222045,both,1
yf-routine-campaign-default,"YF:YF,routine,with:default",YF,total,routine,BEN,Benin,2005,0,0,default routine age,<NA>,0.6099999999999999866773,both,1
yf-routine-campaign-default,"YF:YF,routine,with:default",YF,total,routine,BEN,Benin,2006,0,0,default routine age,<NA>,0.670000000000000039968,both,1
yf-routine-campaign-default,"YF:YF,routine,with:default",YF,total,routine,BEN,Benin,2007,0,0,default routine age,<NA>,0.6999999999999999555911,both,1
yf-routine-campaign-default,"YF:YF,routine,with:default",YF,total,routine,BEN,Benin,2008,0,0,default routine age,<NA>,0.6600000000000000310862,both,1
yf-routine-campaign-default,"YF:YF,routine,with:default",YF,total,routine,BEN,Benin,2009,0,0,default routine age,<NA>,0.7199999999999999733546,both,1
yf-routine-campaign-default,"YF:YF,routine,with:default",YF,total,routine,BEN,Benin,2010,0,0,default routine age,<NA>,0.6800000000000000488498,both,1
yf-routine-campaign-default,"YF:YF,routine,with:default",YF,total,routine,BEN,Benin,2011,0,0,default routine age,<NA>,0.6899999999999999467093,both,1
yf-routine-campaign-default,"YF:YF,routine,with:default",YF,total,routine,BEN,Benin,2012,0,0,default routine age,<NA>,0.6899999999999999467093,both,1
yf-routine-campaign-default,"YF:YF,routine,with:default",YF,total,routine,BEN,Benin,2013,0,0,default routine age,<NA>,0.6999999999999999555911,both,1
yf-routine-campaign-default,"YF:YF,routine,with:default",YF,total,routine,BEN,Benin,2014,0,0,default routine age,<NA>,0.6300000000000000044409,both,1
yf-routine-campaign-default,"YF:YF,routine,with:default",YF,total,routine,BEN,Benin,2015,0,0,default routine age,<NA>,0.6300000000000000044409,both,1
yf-routine-campaign-default,"YF:YF,routine,with:default",YF,total,routine,BEN,Benin,2016,0,0,default routine age,<NA>,0.6400000000000000133227,both,1
yf-routine-campaign-default,"YF:YF,routine,with:default",YF,total,routine,BEN,Benin,2017,0,0,default routine age,<NA>,0.6999999999999999555911,both,1
yf-routine-campaign-default,"YF:YF,routine,with:default",YF,total,routine,BEN,Benin,2018,0,0,default routine age,<NA>,0.7099999999999999644729,both,1
yf-routine-campaign-default,"YF:YF,routine,with:default",YF,total,routine,BEN,Benin,2019,0,0,default routine age,<NA>,0.7099999999999999644729,both,1
yf-routine-campaign-default,"YF:YF,routine,with:default",YF,total,routine,BEN,Benin,2020,0,0,default routine age,<NA>,0.670000000000000039968,both,1
yf-routine-campaign-default,"YF:YF,routine,with:default",YF,total,routine,BEN,Benin,2021,0,0,default routine age,<NA>,0.7099999999999999644729,both,1
yf-routine-campaign-default,"YF:YF,routine,with:default",YF,total,routine,BEN,Benin,2022,0,0,default routine age,<NA>,0.7099999999999999644729,both,1
yf-routine-campaign-default,"YF:YF,routine,with:default",YF,total,routine,BEN,Benin,2023,0,0,<NA>,<NA>,0.7215325219507753296,both,1
yf-routine-campaign-default,"YF:YF,routine,with:default",YF,total,routine,BEN,Benin,2024,0,0,<NA>,<NA>,0.7326064264444985818514,both,1
yf-routine-campaign-default,"YF:YF,routine,with:default",YF,total,routine,BEN,Benin,2025,0,0,<NA>,<NA>,0.7432399514669989493143,both,1
yf-routine-campaign-default,"YF:YF,routine,with:default",YF,total,routine,BEN,Benin,2026,0,0,<NA>,<NA>,0.7534506097283402148435,both,1
yf-routine-campaign-default,"YF:YF,routine,with:default",YF,total,routine,BEN,Benin,2027,0,0,<NA>,<NA>,0.7632552175050926202005,both,1
yf-routine-campaign-default,"YF:YF,routine,with:default",YF,total,routine,BEN,Benin,2028,0,0,<NA>,<NA>,0.772669922335623926557,both,1
yf-routine-campaign-default,"YF:YF,routine,with:default",YF,total,routine,BEN,Benin,2029,0,0,<NA>,<NA>,0.7817102296140235884181,both,1
yf-routine-campaign-default,"YF:YF,routine,with:default",YF,total,routine,BEN,Benin,2030,0,0,<NA>,<NA>,0.7903910281264580062199,both,1
yf-routine-campaign-default,"YF:YF,routine,with:default",YF,total,routine,BEN,Benin,2031,0,0,<NA>,<NA>,0.8003910281264580151017,both,1
yf-routine-campaign-default,"YF:YF,routine,with:default",YF,total,routine,BEN,Benin,2032,0,0,<NA>,<NA>,0.8103910281264580239835,both,1
yf-routine-campaign-default,"YF:YF,routine,with:default",YF,total,routine,BEN,Benin,2033,0,0,<NA>,<NA>,0.8203910281264580328653,both,1
yf-routine-campaign-default,"YF:YF,routine,with:default",YF,total,routine,BEN,Benin,2034,0,0,<NA>,<NA>,0.8303910281264580417471,both,1
yf-routine-campaign-default,"YF:YF,routine,with:default",YF,total,routine,BEN,Benin,2035,0,0,<NA>,<NA>,0.8403910281264580506289,both,1
yf-routine-campaign-default,"YF:YF,routine,with:default",YF,total,routine,BEN,Benin,2036,0,0,<NA>,<NA>,0.8503910281264579484883,both,1
yf-routine-campaign-default,"YF:YF,routine,with:default",YF,total,routine,BEN,Benin,2037,0,0,<NA>,<NA>,0.8603910281264579573701,both,1
yf-routine-campaign-default,"YF:YF,routine,with:default",YF,total,routine,BEN,Benin,2038,0,0,<NA>,<NA>,0.8703910281264579662519,both,1
yf-routine-campaign-default,"YF:YF,routine,with:default",YF,total,routine,BEN,Benin,2039,0,0,<NA>,<NA>,0.8803910281264579751337,both,1
yf-routine-campaign-default,"YF:YF,routine,with:default",YF,total,routine,BEN,Benin,2040,0,0,<NA>,<NA>,0.8903910281264579840155,both,1
yf-routine-campaign-default,"YF:YF,routine,with:default",YF,total,routine,BEN,Benin,2041,0,0,<NA>,<NA>,0.9003910281264579928973,both,1
yf-routine-campaign-default,"YF:YF,routine,with:default",YF,total,routine,BEN,Benin,2042,0,0,<NA>,<NA>,0.910391028126458001779,both,1
yf-routine-campaign-default,"YF:YF,routine,with:default",YF,total,routine,BEN,Benin,2043,0,0,<NA>,<NA>,0.9203910281264580106608,both,1
yf-routine-campaign-default,"YF:YF,routine,with:default",YF,total,routine,BEN,Benin,2044,0,0,<NA>,<NA>,0.9303910281264580195426,both,1
yf-routine-campaign-default,"YF:YF,routine,with:default",YF,total,routine,BEN,Benin,2045,0,0,<NA>,<NA>,0.9403910281264580284244,both,1
yf-routine-campaign-default,"YF:YF,routine,with:default",YF,total,routine,BEN,Benin,2046,0,0,<NA>,<NA>,0.9499999999999999555911,both,1
yf-routine-campaign-default,"YF:YF,routine,with:default",YF,total,routine,BEN,Benin,2047,0,0,<NA>,<NA>,0.9499999999999999555911,both,1
yf-routine-campaign-default,"YF:YF,routine,with:default",YF,total,routine,BEN,Benin,2048,0,0,<NA>,<NA>,0.9499999999999999555911,both,1
yf-routine-campaign-default,"YF:YF,routine,with:default",YF,total,routine,BEN,Benin,2049,0,0,<NA>,<NA>,0.9499999999999999555911,both,1
yf-routine-campaign-default,"YF:YF,routine,with:default",YF,total,routine,BEN,Benin,2050,0,0,<NA>,<NA>,0.9499999999999999555911,both,1
yf-routine-campaign-default,"YF:YF,routine,with:default",YF,total,routine,BEN,Benin,2051,0,0,<NA>,<NA>,0.9499999999999999555911,both,1
yf-routine-campaign-default,"YF:YF,routine,with:default",YF,total,routine,BEN,Benin,2052,0,0,<NA>,<NA>,0.9499999999999999555911,both,1
yf-routine-campaign-default,"YF:YF,routine,with:default",YF,total,routine,BEN,Benin,2053,0,0,<NA>,<NA>,0.9499999999999999555911,both,1
yf-routine-campaign-default,"YF:YF,routine,with:default",YF,total,routine,BEN,Benin,2054,0,0,<NA>,<NA>,0.9499999999999999555911,both,1
yf-routine-campaign-default,"YF:YF,routine,with:default",YF,total,routine,BEN,Benin,2055,0,0,<NA>,<NA>,0.9499999999999999555911,both,1
yf-routine-campaign-default,"YF:YF,routine,with:default",YF,total,routine,BEN,Benin,2056,0,0,<NA>,<NA>,0.9499999999999999555911,both,1
yf-routine-campaign-default,"YF:YF,routine,with:default",YF,total,routine,BEN,Benin,2057,0,0,<NA>,<NA>,0.9499999999999999555911,both,1
yf-routine-campaign-default,"YF:YF,routine,with:default",YF,total,routine,BEN,Benin,2058,0,0,<NA>,<NA>,0.9499999999999999555911,both,1
yf-routine-campaign-default,"YF:YF,routine,with:default",YF,total,routine,BEN,Benin,2059,0,0,<NA>,<NA>,0.9499999999999999555911,both,1
yf-routine-campaign-default,"YF:YF,routine,with:default",YF,total,routine,BEN,Benin,2060,0,0,<NA>,<NA>,0.9499999999999999555911,both,1
yf-routine-campaign-default,"YF:YF,routine,with:default",YF,total,routine,BEN,Benin,2061,0,0,<NA>,<NA>,0.9499999999999999555911,both,1
yf-routine-campaign-default,"YF:YF,routine,with:default",YF,total,routine,BEN,Benin,2062,0,0,<NA>,<NA>,0.9499999999999999555911,both,1
yf-routine-campaign-default,"YF:YF,routine,with:default",YF,total,routine,BEN,Benin,2063,0,0,<NA>,<NA>,0.9499999999999999555911,both,1
yf-routine-campaign-default,"YF:YF,routine,with:default",YF,total,routine,BEN,Benin,2064,0,0,<NA>,<NA>,0.9499999999999999555911,both,1
yf-routine-campaign-default,"YF:YF,routine,with:default",YF,total,routine,BEN,Benin,2065,0,0,<NA>,<NA>,0.9499999999999999555911,both,1
yf-routine-campaign-default,"YF:YF,routine,with:default",YF,total,routine,BEN,Benin,2066,0,0,<NA>,<NA>,0.9499999999999999555911,both,1
yf-routine-campaign-default,"YF:YF,routine,with:default",YF,total,routine,BEN,Benin,2067,0,0,<NA>,<NA>,0.9499999999999999555911,both,1
yf-routine-campaign-default,"YF:YF,routine,with:default",YF,total,routine,BEN,Benin,2068,0,0,<NA>,<NA>,0.9499999999999999555911,both,1
yf-routine-campaign-default,"YF:YF,routine,with:default",YF,total,routine,BEN,Benin,2069,0,0,<NA>,<NA>,0.9499999999999999555911,both,1
yf-routine-campaign-default,"YF:YF,routine,with:default",YF,total,routine,BEN,Benin,2070,0,0,<NA>,<NA>,0.9499999999999999555911,both,1
yf-routine-campaign-default,"YF:YF,routine,with:default",YF,total,routine,BEN,Benin,2071,0,0,<NA>,<NA>,0.9499999999999999555911,both,1
yf-routine-campaign-default,"YF:YF,routine,with:default",YF,total,routine,BEN,Benin,2072,0,0,<NA>,<NA>,0.9499999999999999555911,both,1
yf-routine-campaign-default,"YF:YF,routine,with:default",YF,total,routine,BEN,Benin,2073,0,0,<NA>,<NA>,0.9499999999999999555911,both,1
yf-routine-campaign-default,"YF:YF,routine,with:default",YF,total,routine,BEN,Benin,2074,0,0,<NA>,<NA>,0.9499999999999999555911,both,1
yf-routine-campaign-default,"YF:YF,routine,with:default",YF,total,routine,BEN,Benin,2075,0,0,<NA>,<NA>,0.9499999999999999555911,both,1
yf-routine-campaign-default,"YF:YF,routine,with:default",YF,total,routine,BEN,Benin,2076,0,0,<NA>,<NA>,0.9499999999999999555911,both,1
yf-routine-campaign-default,"YF:YF,routine,with:default",YF,total,routine,BEN,Benin,2077,0,0,<NA>,<NA>,0.9499999999999999555911,both,1
yf-routine-campaign-default,"YF:YF,routine,with:default",YF,total,routine,BEN,Benin,2078,0,0,<NA>,<NA>,0.9499999999999999555911,both,1
yf-routine-campaign-default,"YF:YF,routine,with:default",YF,total,routine,BEN,Benin,2079,0,0,<NA>,<NA>,0.9499999999999999555911,both,1
yf-routine-campaign-default,"YF:YF,routine,with:default",YF,total,routine,BEN,Benin,2080,0,0,<NA>,<NA>,0.9499999999999999555911,both,1
yf-routine-campaign-default,"YF:YF,routine,with:default",YF,total,routine,BEN,Benin,2081,0,0,<NA>,<NA>,0.9499999999999999555911,both,1
yf-routine-campaign-default,"YF:YF,routine,with:default",YF,total,routine,BEN,Benin,2082,0,0,<NA>,<NA>,0.9499999999999999555911,both,1
yf-routine-campaign-default,"YF:YF,routine,with:default",YF,total,routine,BEN,Benin,2083,0,0,<NA>,<NA>,0.9499999999999999555911,both,1
yf-routine-campaign-default,"YF:YF,routine,with:default",YF,total,routine,BEN,Benin,2084,0,0,<NA>,<NA>,0.9499999999999999555911,both,1
yf-routine-campaign-default,"YF:YF,routine,with:default",YF,total,routine,BEN,Benin,2085,0,0,<NA>,<NA>,0.9499999999999999555911,both,1
yf-routine-campaign-default,"YF:YF,routine,with:default",YF,total,routine,BEN,Benin,2086,0,0,<NA>,<NA>,0.9499999999999999555911,both,1
yf-routine-campaign-default,"YF:YF,routine,with:default",YF,total,routine,BEN,Benin,2087,0,0,<NA>,<NA>,0.9499999999999999555911,both,1
yf-routine-campaign-default,"YF:YF,routine,with:default",YF,total,routine,BEN,Benin,2088,0,0,<NA>,<NA>,0.9499999999999999555911,both,1
yf-routine-campaign-default,"YF:YF,routine,with:default",YF,total,routine,BEN,Benin,2089,0,0,<NA>,<NA>,0.9499999999999999555911,both,1
yf-routine-campaign-default,"YF:YF,routine,with:default",YF,total,routine,BEN,Benin,2090,0,0,<NA>,<NA>,0.9499999999999999555911,both,1
yf-routine-campaign-default,"YF:YF,routine,with:default",YF,total,routine,BEN,Benin,2091,0,0,<NA>,<NA>,0.9499999999999999555911,both,1
yf-routine-campaign-default,"YF:YF,routine,with:default",YF,total,routine,BEN,Benin,2092,0,0,<NA>,<NA>,0.9499999999999999555911,both,1
yf-routine-campaign-default,"YF:YF,routine,with:default",YF,total,routine,BEN,Benin,2093,0,0,<NA>,<NA>,0.9499999999999999555911,both,1
yf-routine-campaign-default,"YF:YF,routine,with:default",YF,total,routine,BEN,Benin,2094,0,0,<NA>,<NA>,0.9499999999999999555911,both,1
yf-routine-campaign-default,"YF:YF,routine,with:default",YF,total,routine,BEN,Benin,2095,0,0,<NA>,<NA>,0.9499999999999999555911,both,1
yf-routine-campaign-default,"YF:YF,routine,with:default",YF,total,routine,BEN,Benin,2096,0,0,<NA>,<NA>,0.9499999999999999555911,both,1
yf-routine-campaign-default,"YF:YF,routine,with:default",YF,total,routine,BEN,Benin,2097,0,0,<NA>,<NA>,0.9499999999999999555911,both,1
yf-routine-campaign-default,"YF:YF,routine,with:default",YF,total,routine,BEN,Benin,2098,0,0,<NA>,<NA>,0.9499999999999999555911,both,1
yf-routine-campaign-default,"YF:YF,routine,with:default",YF,total,routine,BEN,Benin,2099,0,0,<NA>,<NA>,0.9499999999999999555911,both,1
yf-routine-campaign-default,"YF:YF,routine,with:default",YF,total,routine,BEN,Benin,2100,0,0,<NA>,<NA>,0.9499999999999999555911,both,1
yf-routine-campaign-default,"YF:YF,routine,with:default",YF,total,routine,BFA,Burkina Faso,1999,0,0,default routine age,<NA>,0.1700000000000000122125,both,1
yf-routine-campaign-default,"YF:YF,routine,with:default",YF,total,routine,BFA,Burkina Faso,2000,0,0,default routine age,<NA>,0.4000000000000000222045,both,1
yf-routine-campaign-default,"YF:YF,routine,with:default",YF,total,routine,BFA,Burkina Faso,2001,0,0,default routine age,<NA>,0.3599999999999999866773,both,1
yf-routine-campaign-default,"YF:YF,routine,with:default",YF,total,routine,BFA,Burkina Faso,2002,0,0,default routine age,<NA>,0.4500000000000000111022,both,1
yf-routine-campaign-default,"YF:YF,routine,with:default",YF,total,routine,BFA,Burkina Faso,2003,0,0,default routine age,<NA>,0.5999999999999999777955,both,1
yf-routine-campaign-default,"YF:YF,routine,with:default",YF,total,routine,BFA,Burkina Faso,2004,0,0,default routine age,<NA>,0.7099999999999999644729,both,1
yf-routine-campaign-default,"YF:YF,routine,with:default",YF,total,routine,BFA,Burkina Faso,2005,0,0,default routine age,<NA>,0.8399999999999999689138,both,1
yf-routine-campaign-default,"YF:YF,routine,with:default",YF,total,routine,BFA,Burkina Faso,2006,0,0,default routine age,<NA>,0.8800000000000000044409,both,1
yf-routine-campaign-default,"YF:YF,routine,with:default",YF,total,routine,BFA,Burkina Faso,2007,0,0,default routine age,<NA>,0.8900000000000000133227,both,1
yf-routine-campaign-default,"YF:YF,routine,with:default",YF,total,routine,BFA,Burkina Faso,2008,0,0,default routine age,<NA>,0.9100000000000000310862,both,1
yf-routine-campaign-default,"YF:YF,routine,with:default",YF,total,routine,BFA,Burkina Faso,2009,0,0,default routine age,<NA>,0.9300000000000000488498,both,1
yf-routine-campaign-default,"YF:YF,routine,with:default",YF,total,routine,BFA,Burkina Faso,2010,0,0,default routine age,<NA>,0.8199999999999999511502,both,1
yf-routine-campaign-default,"YF:YF,routine,with:default",YF,total,routine,BFA,Burkina Faso,2011,0,0,default routine age,<NA>,0.8199999999999999511502,both,1
yf-routine-campaign-default,"YF:YF,routine,with:default",YF,total,routine,BFA,Burkina Faso,2012,0,0,default routine age,<NA>,0.8699999999999999955591,both,1
yf-routine-campaign-default,"YF:YF,routine,with:default",YF,total,routine,BFA,Burkina Faso,2013,0,0,default routine age,<NA>,0.8800000000000000044409,both,1
yf-routine-campaign-default,"YF:YF,routine,with:default",YF,total,routine,BFA,Burkina Faso,2014,0,0,default routine age,<NA>,0.8800000000000000044409,both,1
yf-routine-campaign-default,"YF:YF,routine,with:default",YF,total,routine,BFA,Burkina Faso,2015,0,0,default routine age,<NA>,0.8800000000000000044409,both,1
yf-routine-campaign-default,"YF:YF,routine,with:default",YF,total,routine,BFA,Burkina Faso,2016,0,0,default routine age,<NA>,0.4899999999999999911182,both,1
yf-routine-campaign-default,"YF:YF,routine,with:default",YF,total,routine,BFA,Burkina Faso,2017,0,0,default routine age,<NA>,0.4699999999999999733546,both,1
yf-routine-campaign-default,"YF:YF,routine,with:default",YF,total,routine,BFA,Burkina Faso,2018,0,0,default routine age,<NA>,0.8499999999999999777955,both,1
yf-routine-campaign-default,"YF:YF,routine,with:default",YF,total,routine,BFA,Burkina Faso,2019,0,0,default routine age,<NA>,0.8499999999999999777955,both,1
yf-routine-campaign-default,"YF:YF,routine,with:default",YF,total,routine,BFA,Burkina Faso,2020,0,0,default routine age,<NA>,0.8499999999999999777955,both,1
yf-routine-campaign-default,"YF:YF,routine,with:default",YF,total,routine,BFA,Burkina Faso,2021,0,0,default routine age,<NA>,0.8499999999999999777955,both,1
yf-routine-campaign-default,"YF:YF,routine,with:default",YF,total,routine,BFA,Burkina Faso,2022,0,0,default routine age,<NA>,0.8499999999999999777955,both,1
yf-routine-campaign-default,"YF:YF,routine,with:default",YF,total,routine,BFA,Burkina Faso,2023,0,0,<NA>,<NA>,0.8499999999999999777955,both,1
yf-routine-campaign-default,"YF:YF,routine,with:default",YF,total,routine,BFA,Burkina Faso,2024,0,0,<NA>,<NA>,0.8499999999999999777955,both,1
yf-routine-campaign-default,"YF:YF,routine,with:default",YF,total,routine,BFA,Burkina Faso,2025,0,0,<NA>,<NA>,0.8499999999999999777955,both,1
yf-routine-campaign-default,"YF:YF,routine,with:default",YF,total,routine,BFA,Burkina Faso,2026,0,0,<NA>,<NA>,0.8499999999999999777955,both,1
yf-routine-campaign-default,"YF:YF,routine,with:default",YF,total,routine,BFA,Burkina Faso,2027,0,0,<NA>,<NA>,0.8499999999999999777955,both,1
yf-routine-campaign-default,"YF:YF,routine,with:default",YF,total,routine,BFA,Burkina Faso,2028,0,0,<NA>,<NA>,0.8499999999999999777955,both,1
yf-routine-campaign-default,"YF:YF,routine,with:default",YF,total,routine,BFA,Burkina Faso,2029,0,0,<NA>,<NA>,0.8499999999999999777955,both,1
yf-routine-campaign-default,"YF:YF,routine,with:default",YF,total,routine,BFA,Burkina Faso,2030,0,0,<NA>,<NA>,0.8499999999999999777955,both,1
yf-routine-campaign-default,"YF:YF,routine,with:default",YF,total,routine,BFA,Burkina Faso,2031,0,0,<NA>,<NA>,0.8599999999999999866773,both,1
yf-routine-campaign-default,"YF:YF,routine,with:default",YF,total,routine,BFA,Burkina Faso,2032,0,0,<NA>,<NA>,0.8699999999999999955591,both,1
yf-routine-campaign-default,"YF:YF,routine,with:default",YF,total,routine,BFA,Burkina Faso,2033,0,0,<NA>,<NA>,0.8800000000000000044409,both,1
yf-routine-campaign-default,"YF:YF,routine,with:default",YF,total,routine,BFA,Burkina Faso,2034,0,0,<NA>,<NA>,0.8900000000000000133227,both,1
yf-routine-campaign-default,"YF:YF,routine,with:default",YF,total,routine,BFA,Burkina Faso,2035,0,0,<NA>,<NA>,0.9000000000000000222045,both,1
yf-routine-campaign-default,"YF:YF,routine,with:default",YF,total,routine,BFA,Burkina Faso,2036,0,0,<NA>,<NA>,0.9099999999999999200639,both,1
yf-routine-campaign-default,"YF:YF,routine,with:default",YF,total,routine,BFA,Burkina Faso,2037,0,0,<NA>,<NA>,0.9199999999999999289457,both,1
yf-routine-campaign-default,"YF:YF,routine,with:default",YF,total,routine,BFA,Burkina Faso,2038,0,0,<NA>,<NA>,0.9299999999999999378275,both,1
yf-routine-campaign-default,"YF:YF,routine,with:default",YF,total,routine,BFA,Burkina Faso,2039,0,0,<NA>,<NA>,0.9399999999999999467093,both,1
yf-routine-campaign-default,"YF:YF,routine,with:default",YF,total,routine,BFA,Burkina Faso,2040,0,0,<NA>,<NA>,0.9499999999999999555911,both,1
yf-routine-campaign-default,"YF:YF,routine,with:default",YF,total,routine,BFA,Burkina Faso,2041,0,0,<NA>,<NA>,0.9499999999999999555911,both,1
yf-routine-campaign-default,"YF:YF,routine,with:default",YF,total,routine,BFA,Burkina Faso,2042,0,0,<NA>,<NA>,0.9499999999999999555911,both,1
yf-routine-campaign-default,"YF:YF,routine,with:default",YF,total,routine,BFA,Burkina Faso,2043,0,0,<NA>,<NA>,0.9499999999999999555911,both,1
yf-routine-campaign-default,"YF:YF,routine,with:default",YF,total,routine,BFA,Burkina Faso,2044,0,0,<NA>,<NA>,0.9499999999999999555911,both,1
yf-routine-campaign-default,"YF:YF,routine,with:default",YF,total,routine,BFA,Burkina Faso,2045,0,0,<NA>,<NA>,0.9499999999999999555911,both,1
yf-routine-campaign-default,"YF:YF,routine,with:default",YF,total,routine,BFA,Burkina Faso,2046,0,0,<NA>,<NA>,0.9499999999999999555911,both,1
yf-routine-campaign-default,"YF:YF,routine,with:default",YF,total,routine,BFA,Burkina Faso,2047,0,0,<NA>,<NA>,0.9499999999999999555911,both,1
yf-routine-campaign-default,"YF:YF,routine,with:default",YF,total,routine,BFA,Burkina Faso,2048,0,0,<NA>,<NA>,0.9499999999999999555911,both,1
yf-routine-campaign-default,"YF:YF,routine,with:default",YF,total,routine,BFA,Burkina Faso,2049,0,0,<NA>,<NA>,0.9499999999999999555911,both,1
yf-routine-campaign-default,"YF:YF,routine,with:default",YF,total,routine,BFA,Burkina Faso,2050,0,0,<NA>,<NA>,0.9499999999999999555911,both,1
yf-routine-campaign-default,"YF:YF,routine,with:default",YF,total,routine,BFA,Burkina Faso,2051,0,0,<NA>,<NA>,0.9499999999999999555911,both,1
yf-routine-campaign-default,"YF:YF,routine,with:default",YF,total,routine,BFA,Burkina Faso,2052,0,0,<NA>,<NA>,0.9499999999999999555911,both,1
yf-routine-campaign-default,"YF:YF,routine,with:default",YF,total,routine,BFA,Burkina Faso,2053,0,0,<NA>,<NA>,0.9499999999999999555911,both,1
yf-routine-campaign-default,"YF:YF,routine,with:default",YF,total,routine,BFA,Burkina Faso,2054,0,0,<NA>,<NA>,0.9499999999999999555911,both,1
yf-routine-campaign-default,"YF:YF,routine,with:default",YF,total,routine,BFA,Burkina Faso,2055,0,0,<NA>,<NA>,0.9499999999999999555911,both,1
yf-routine-campaign-default,"YF:YF,routine,with:default",YF,total,routine,BFA,Burkina Faso,2056,0,0,<NA>,<NA>,0.9499999999999999555911,both,1
yf-routine-campaign-default,"YF:YF,routine,with:default",YF,total,routine,BFA,Burkina Faso,2057,0,0,<NA>,<NA>,0.9499999999999999555911,both,1
yf-routine-campaign-default,"YF:YF,routine,with:default",YF,total,routine,BFA,Burkina Faso,2058,0,0,<NA>,<NA>,0.9499999999999999555911,both,1
yf-routine-campaign-default,"YF:YF,routine,with:default",YF,total,routine,BFA,Burkina Faso,2059,0,0,<NA>,<NA>,0.9499999999999999555911,both,1
yf-routine-campaign-default,"YF:YF,routine,with:default",YF,total,routine,BFA,Burkina Faso,2060,0,0,<NA>,<NA>,0.9499999999999999555911,both,1
yf-routine-campaign-default,"YF:YF,routine,with:default",YF,total,routine,BFA,Burkina Faso,2061,0,0,<NA>,<NA>,0.9499999999999999555911,both,1
yf-routine-campaign-default,"YF:YF,routine,with:default",YF,total,routine,BFA,Burkina Faso,2062,0,0,<NA>,<NA>,0.9499999999999999555911,both,1
yf-routine-campaign-default,"YF:YF,routine,with:default",YF,total,routine,BFA,Burkina Faso,2063,0,0,<NA>,<NA>,0.9499999999999999555911,both,1
yf-routine-campaign-default,"YF:YF,routine,with:default",YF,total,routine,BFA,Burkina Faso,2064,0,0,<NA>,<NA>,0.9499999999999999555911,both,1
yf-routine-campaign-default,"YF:YF,routine,with:default",YF,total,routine,BFA,Burkina Faso,2065,0,0,<NA>,<NA>,0.9499999999999999555911,both,1
yf-routine-campaign-default,"YF:YF,routine,with:default",YF,total,routine,BFA,Burkina Faso,2066,0,0,<NA>,<NA>,0.9499999999999999555911,both,1
yf-routine-campaign-default,"YF:YF,routine,with:default",YF,total,routine,BFA,Burkina Faso,2067,0,0,<NA>,<NA>,0.9499999999999999555911,both,1
yf-routine-campaign-default,"YF:YF,routine,with:default",YF,total,routine,BFA,Burkina Faso,2068,0,0,<NA>,<NA>,0.9499999999999999555911,both,1
yf-routine-campaign-default,"YF:YF,routine,with:default",YF,total,routine,BFA,Burkina Faso,2069,0,0,<NA>,<NA>,0.9499999999999999555911,both,1
yf-routine-campaign-default,"YF:YF,routine,with:default",YF,total,routine,BFA,Burkina Faso,2070,0,0,<NA>,<NA>,0.9499999999999999555911,both,1
yf-routine-campaign-default,"YF:YF,routine,with:default",YF,total,routine,BFA,Burkina Faso,2071,0,0,<NA>,<NA>,0.9499999999999999555911,both,1
yf-routine-campaign-default,"YF:YF,routine,with:default",YF,total,routine,BFA,Burkina Faso,2072,0,0,<NA>,<NA>,0.9499999999999999555911,both,1
yf-routine-campaign-default,"YF:YF,routine,with:default",YF,total,routine,BFA,Burkina Faso,2073,0,0,<NA>,<NA>,0.9499999999999999555911,both,1
yf-routine-campaign-default,"YF:YF,routine,with:default",YF,total,routine,BFA,Burkina Faso,2074,0,0,<NA>,<NA>,0.9499999999999999555911,both,1
yf-routine-campaign-default,"YF:YF,routine,with:default",YF,total,routine,BFA,Burkina Faso,2075,0,0,<NA>,<NA>,0.9499999999999999555911,both,1
yf-routine-campaign-default,"YF:YF,routine,with:default",YF,total,routine,BFA,Burkina Faso,2076,0,0,<NA>,<NA>,0.9499999999999999555911,both,1
yf-routine-campaign-default,"YF:YF,routine,with:default",YF,total,routine,BFA,Burkina Faso,2077,0,0,<NA>,<NA>,0.9499999999999999555911,both,1
yf-routine-campaign-default,"YF:YF,routine,with:default",YF,total,routine,BFA,Burkina Faso,2078,0,0,<NA>,<NA>,0.9499999999999999555911,both,1
yf-routine-campaign-default,"YF:YF,routine,with:default",YF,total,routine,BFA,Burkina Faso,2079,0,0,<NA>,<NA>,0.9499999999999999555911,both,1
yf-routine-campaign-default,"YF:YF,routine,with:default",YF,total,routine,BFA,Burkina Faso,2080,0,0,<NA>,<NA>,0.9499999999999999555911,both,1
yf-routine-campaign-default,"YF:YF,routine,with:default",YF,total,routine,BFA,Burkina Faso,2081,0,0,<NA>,<NA>,0.9499999999999999555911,both,1
yf-routine-campaign-default,"YF:YF,routine,with:default",YF,total,routine,BFA,Burkina Faso,2082,0,0,<NA>,<NA>,0.9499999999999999555911,both,1
yf-routine-campaign-default,"YF:YF,routine,with:default",YF,total,routine,BFA,Burkina Faso,2083,0,0,<NA>,<NA>,0.9499999999999999555911,both,1
yf-routine-campaign-default,"YF:YF,routine,with:default",YF,total,routine,BFA,Burkina Faso,2084,0,0,<NA>,<NA>,0.9499999999999999555911,both,1
yf-routine-campaign-default,"YF:YF,routine,with:default",YF,total,routine,BFA,Burkina Faso,2085,0,0,<NA>,<NA>,0.9499999999999999555911,both,1
yf-routine-campaign-default,"YF:YF,routine,with:default",YF,total,routine,BFA,Burkina Faso,2086,0,0,<NA>,<NA>,0.9499999999999999555911,both,1
yf-routine-campaign-default,"YF:YF,routine,with:default",YF,total,routine,BFA,Burkina Faso,2087,0,0,<NA>,<NA>,0.9499999999999999555911,both,1
yf-routine-campaign-default,"YF:YF,routine,with:default",YF,total,routine,BFA,Burkina Faso,2088,0,0,<NA>,<NA>,0.9499999999999999555911,both,1
yf-routine-campaign-default,"YF:YF,routine,with:default",YF,total,routine,BFA,Burkina Faso,2089,0,0,<NA>,<NA>,0.9499999999999999555911,both,1
yf-routine-campaign-default,"YF:YF,routine,with:default",YF,total,routine,BFA,Burkina Faso,2090,0,0,<NA>,<NA>,0.9499999999999999555911,both,1
yf-routine-campaign-default,"YF:YF,routine,with:default",YF,total,routine,BFA,Burkina Faso,2091,0,0,<NA>,<NA>,0.9499999999999999555911,both,1
yf-routine-campaign-default,"YF:YF,routine,with:default",YF,total,routine,BFA,Burkina Faso,2092,0,0,<NA>,<NA>,0.9499999999999999555911,both,1
yf-routine-campaign-default,"YF:YF,routine,with:default",YF,total,routine,BFA,Burkina Faso,2093,0,0,<NA>,<NA>,0.9499999999999999555911,both,1
yf-routine-campaign-default,"YF:YF,routine,with:default",YF,total,routine,BFA,Burkina Faso,2094,0,0,<NA>,<NA>,0.9499999999999999555911,both,1
yf-routine-campaign-default,"YF:YF,routine,with:default",YF,total,routine,BFA,Burkina Faso,2095,0,0,<NA>,<NA>,0.9499999999999999555911,both,1
yf-routine-campaign-default,"YF:YF,routine,with:default",YF,total,routine,BFA,Burkina Faso,2096,0,0,<NA>,<NA>,0.9499999999999999555911,both,1
yf-routine-campaign-default,"YF:YF,routine,with:default",YF,total,routine,BFA,Burkina Faso,2097,0,0,<NA>,<NA>,0.9499999999999999555911,both,1
yf-routine-campaign-default,"YF:YF,routine,with:default",YF,total,routine,BFA,Burkina Faso,2098,0,0,<NA>,<NA>,0.9499999999999999555911,both,1
yf-routine-campaign-default,"YF:YF,routine,with:default",YF,total,routine,BFA,Burkina Faso,2099,0,0,<NA>,<NA>,0.9499999999999999555911,both,1
yf-routine-campaign-default,"YF:YF,routine,with:default",YF,total,routine,BFA,Burkina Faso,2100,0,0,<NA>,<NA>,0.9499999999999999555911,both,1
yf-routine-campaign-default,"YF:YF,routine,with:default",YF,total,routine,CAF,Central African Republic,1997,0,0,default routine age,<NA>,0.4199999999999999844569,both,1
yf-routine-campaign-default,"YF:YF,routine,with:default",YF,total,routine,CAF,Central African Republic,1998,0,0,default routine age,<NA>,0.4099999999999999755751,both,1
yf-routine-campaign-default,"YF:YF,routine,with:default",YF,total,routine,CAF,Central African Republic,1999,0,0,default routine age,<NA>,0.3699999999999999955591,both,1
yf-routine-campaign-default,"YF:YF,routine,with:default",YF,total,routine,CAF,Central African Republic,2000,0,0,default routine age,<NA>,0.3599999999999999866773,both,1
yf-routine-campaign-default,"YF:YF,routine,with:default",YF,total,routine,CAF,Central African Republic,2001,0,0,default routine age,<NA>,0.3499999999999999777955,both,1
yf-routine-campaign-default,"YF:YF,routine,with:default",YF,total,routine,CAF,Central African Republic,2002,0,0,default routine age,<NA>,0.4199999999999999844569,both,1
yf-routine-campaign-default,"YF:YF,routine,with:default",YF,total,routine,CAF,Central African Republic,2003,0,0,default routine age,<NA>,0.4799999999999999822364,both,1
yf-routine-campaign-default,"YF:YF,routine,with:default",YF,total,routine,CAF,Central African Republic,2004,0,0,default routine age,<NA>,0.5500000000000000444089,both,1
yf-routine-campaign-default,"YF:YF,routine,with:default",YF,total,routine,CAF,Central African Republic,2005,0,0,default routine age,<NA>,0.6199999999999999955591,both,1
yf-routine-campaign-default,"YF:YF,routine,with:default",YF,total,routine,CAF,Central African Republic,2006,0,0,default routine age,<NA>,0.6199999999999999955591,both,1
yf-routine-campaign-default,"YF:YF,routine,with:default",YF,total,routine,CAF,Central African Republic,2007,0,0,default routine age,<NA>,0.6199999999999999955591,both,1
yf-routine-campaign-default,"YF:YF,routine,with:default",YF,total,routine,CAF,Central African Republic,2008,0,0,default routine age,<NA>,0.6199999999999999955591,both,1
yf-routine-campaign-default,"YF:YF,routine,with:default",YF,total,routine,CAF,Central African Republic,2009,0,0,default routine age,<NA>,0.6199999999999999955591,both,1
yf-routine-campaign-default,"YF:YF,routine,with:default",YF,total,routine,CAF,Central African Republic,2010,0,0,default routine age,<NA>,0.5500000000000000444089,both,1
yf-routine-campaign-default,"YF:YF,routine,with:default",YF,total,routine,CAF,Central African Republic,2011,0,0,default routine age,<NA>,0.4799999999999999822364,both,1
yf-routine-campaign-default,"YF:YF,routine,with:default",YF,total,routine,CAF,Central African Republic,2012,0,0,default routine age,<NA>,0.4799999999999999822364,both,1
yf-routine-campaign-default,"YF:YF,routine,with:default",YF,total,routine,CAF,Central African Republic,2013,0,0,default routine age,<NA>,0.2399999999999999911182,both,1
yf-routine-campaign-default,"YF:YF,routine,with:default",YF,total,routine,CAF,Central African Republic,2014,0,0,default routine age,<NA>,0.4699999999999999733546,both,1
yf-routine-campaign-default,"YF:YF,routine,with:default",YF,total,routine,CAF,Central African Republic,2015,0,0,default routine age,<NA>,0.4699999999999999733546,both,1
yf-routine-campaign-default,"YF:YF,routine,with:default",YF,total,routine,CAF,Central African Republic,2016,0,0,default routine age,<NA>,0.460000000000000019984,both,1
yf-routine-campaign-default,"YF:YF,routine,with:default",YF,total,routine,CAF,Central African Republic,2017,0,0,default routine age,<NA>,0.4099999999999999755751,both,1
yf-routine-campaign-default,"YF:YF,routine,with:default",YF,total,routine,CAF,Central African Republic,2018,0,0,default routine age,<NA>,0.4099999999999999755751,both,1
yf-routine-campaign-default,"YF:YF,routine,with:default",YF,total,routine,CAF,Central African Republic,2019,0,0,default routine age,<NA>,0.4099999999999999755751,both,1
yf-routine-campaign-default,"YF:YF,routine,with:default",YF,total,routine,CAF,Central African Republic,2020,0,0,default routine age,<NA>,0.4099999999999999755751,both,1
yf-routine-campaign-default,"YF:YF,routine,with:default",YF,total,routine,CAF,Central African Republic,2021,0,0,default routine age,<NA>,0.4099999999999999755751,both,1
yf-routine-campaign-default,"YF:YF,routine,with:default",YF,total,routine,CAF,Central African Republic,2022,0,0,default routine age,<NA>,0.4099999999999999755751,both,1
yf-routine-campaign-default,"YF:YF,routine,with:default",YF,total,routine,CAF,Central African Republic,2023,0,0,<NA>,<NA>,0.4428324742386651191595,both,1
yf-routine-campaign-default,"YF:YF,routine,with:default",YF,total,routine,CAF,Central African Republic,2024,0,0,<NA>,<NA>,0.4738378783677835714983,both,1
yf-routine-campaign-default,"YF:YF,routine,with:default",YF,total,routine,CAF,Central African Republic,2025,0,0,<NA>,<NA>,0.5031178856624465289826,both,1
yf-routine-campaign-default,"YF:YF,routine,with:default",YF,total,routine,CAF,Central African Republic,2026,0,0,<NA>,<NA>,0.5307685114567537443264,both,1
yf-routine-campaign-default,"YF:YF,routine,with:default",YF,total,routine,CAF,Central African Republic,2027,0,0,<NA>,<NA>,0.5568804279983921023955,both,1
yf-routine-campaign-default,"YF:YF,routine,with:default",YF,total,routine,CAF,Central African Republic,2028,0,0,<NA>,<NA>,0.581539261782106020604,both,1
yf-routine-campaign-default,"YF:YF,routine,with:default",YF,total,routine,CAF,Central African Republic,2029,0,0,<NA>,<NA>,0.6048258743370751311375,both,1
yf-routine-campaign-default,"YF:YF,routine,with:default",YF,total,routine,CAF,Central African Republic,2030,0,0,<NA>,<NA>,0.6268166273889650419449,both,1
yf-routine-campaign-default,"YF:YF,routine,with:default",YF,total,routine,CAF,Central African Republic,2031,0,0,<NA>,<NA>,0.6368166273889650508266,both,1
yf-routine-campaign-default,"YF:YF,routine,with:default",YF,total,routine,CAF,Central African Republic,2032,0,0,<NA>,<NA>,0.6468166273889650597084,both,1
yf-routine-campaign-default,"YF:YF,routine,with:default",YF,total,routine,CAF,Central African Republic,2033,0,0,<NA>,<NA>,0.6568166273889650685902,both,1
yf-routine-campaign-default,"YF:YF,routine,with:default",YF,total,routine,CAF,Central African Republic,2034,0,0,<NA>,<NA>,0.666816627388965077472,both,1
yf-routine-campaign-default,"YF:YF,routine,with:default",YF,total,routine,CAF,Central African Republic,2035,0,0,<NA>,<NA>,0.6768166273889650863538,both,1
yf-routine-campaign-default,"YF:YF,routine,with:default",YF,total,routine,CAF,Central African Republic,2036,0,0,<NA>,<NA>,0.6868166273889650952356,both,1
yf-routine-campaign-default,"YF:YF,routine,with:default",YF,total,routine,CAF,Central African Republic,2037,0,0,<NA>,<NA>,0.6968166273889651041173,both,1
yf-routine-campaign-default,"YF:YF,routine,with:default",YF,total,routine,CAF,Central African Republic,2038,0,0,<NA>,<NA>,0.7068166273889650019768,both,1
yf-routine-campaign-default,"YF:YF,routine,with:default",YF,total,routine,CAF,Central African Republic,2039,0,0,<NA>,<NA>,0.7168166273889650108586,both,1
yf-routine-campaign-default,"YF:YF,routine,with:default",YF,total,routine,CAF,Central African Republic,2040,0,0,<NA>,<NA>,0.7268166273889650197404,both,1
yf-routine-campaign-default,"YF:YF,routine,with:default",YF,total,routine,CAF,Central African Republic,2041,0,0,<NA>,<NA>,0.7368166273889650286222,both,1
yf-routine-campaign-default,"YF:YF,routine,with:default",YF,total,routine,CAF,Central African Republic,2042,0,0,<NA>,<NA>,0.746816627388965037504,both,1
yf-routine-campaign-default,"YF:YF,routine,with:default",YF,total,routine,CAF,Central African Republic,2043,0,0,<NA>,<NA>,0.7568166273889650463857,both,1
yf-routine-campaign-default,"YF:YF,routine,with:default",YF,total,routine,CAF,Central African Republic,2044,0,0,<NA>,<NA>,0.7668166273889650552675,both,1
yf-routine-campaign-default,"YF:YF,routine,with:default",YF,total,routine,CAF,Central African Republic,2045,0,0,<NA>,<NA>,0.7768166273889650641493,both,1
yf-routine-campaign-default,"YF:YF,routine,with:default",YF,total,routine,CAF,Central African Republic,2046,0,0,<NA>,<NA>,0.7868166273889650730311,both,1
yf-routine-campaign-default,"YF:YF,routine,with:default",YF,total,routine,CAF,Central African Republic,2047,0,0,<NA>,<NA>,0.7968166273889650819129,both,1
yf-routine-campaign-default,"YF:YF,routine,with:default",YF,total,routine,CAF,Central African Republic,2048,0,0,<NA>,<NA>,0.8068166273889649797724,both,1
yf-routine-campaign-default,"YF:YF,routine,with:default",YF,total,routine,CAF,Central African Republic,2049,0,0,<NA>,<NA>,0.8168166273889649886542,both,1
yf-routine-campaign-default,"YF:YF,routine,with:default",YF,total,routine,CAF,Central African Republic,2050,0,0,<NA>,<NA>,0.8268166273889649975359,both,1
yf-routine-campaign-default,"YF:YF,routine,with:default",YF,total,routine,CAF,Central African Republic,2051,0,0,<NA>,<NA>,0.8368166273889650064177,both,1
yf-routine-campaign-default,"YF:YF,routine,with:default",YF,total,routine,CAF,Central African Republic,2052,0,0,<NA>,<NA>,0.8468166273889650152995,both,1
yf-routine-campaign-default,"YF:YF,routine,with:default",YF,total,routine,CAF,Central African Republic,2053,0,0,<NA>,<NA>,0.8568166273889650241813,both,1
yf-routine-campaign-default,"YF:YF,routine,with:default",YF,total,routine,CAF,Central African Republic,2054,0,0,<NA>,<NA>,0.8668166273889650330631,both,1
yf-routine-campaign-default,"YF:YF,routine,with:default",YF,total,routine,CAF,Central African Republic,2055,0,0,<NA>,<NA>,0.8768166273889650419449,both,1
yf-routine-campaign-default,"YF:YF,routine,with:default",YF,total,routine,CAF,Central African Republic,2056,0,0,<NA>,<NA>,0.8868166273889650508266,both,1
yf-routine-campaign-default,"YF:YF,routine,with:default",YF,total,routine,CAF,Central African Republic,2057,0,0,<NA>,<NA>,0.8968166273889650597084,both,1
yf-routine-campaign-default,"YF:YF,routine,with:default",YF,total,routine,CAF,Central African Republic,2058,0,0,<NA>,<NA>,0.9068166273889650685902,both,1
yf-routine-campaign-default,"YF:YF,routine,with:default",YF,total,routine,CAF,Central African Republic,2059,0,0,<NA>,<NA>,0.916816627388965077472,both,1
yf-routine-campaign-default,"YF:YF,routine,with:default",YF,total,routine,CAF,Central African Republic,2060,0,0,<NA>,<NA>,0.9268166273889650863538,both,1
yf-routine-campaign-default,"YF:YF,routine,with:default",YF,total,routine,CAF,Central African Republic,2061,0,0,<NA>,<NA>,0.9368166273889650952356,both,1
yf-routine-campaign-default,"YF:YF,routine,with:default",YF,total,routine,CAF,Central African Republic,2062,0,0,<NA>,<NA>,0.9468166273889651041173,both,1
yf-routine-campaign-default,"YF:YF,routine,with:default",YF,total,routine,CAF,Central African Republic,2063,0,0,<NA>,<NA>,0.9499999999999999555911,both,1
yf-routine-campaign-default,"YF:YF,routine,with:default",YF,total,routine,CAF,Central African Republic,2064,0,0,<NA>,<NA>,0.9499999999999999555911,both,1
yf-routine-campaign-default,"YF:YF,routine,with:default",YF,total,routine,CAF,Central African Republic,2065,0,0,<NA>,<NA>,0.9499999999999999555911,both,1
yf-routine-campaign-default,"YF:YF,routine,with:default",YF,total,routine,CAF,Central African Republic,2066,0,0,<NA>,<NA>,0.9499999999999999555911,both,1
yf-routine-campaign-default,"YF:YF,routine,with:default",YF,total,routine,CAF,Central African Republic,2067,0,0,<NA>,<NA>,0.9499999999999999555911,both,1
yf-routine-campaign-default,"YF:YF,routine,with:default",YF,total,routine,CAF,Central African Republic,2068,0,0,<NA>,<NA>,0.9499999999999999555911,both,1
yf-routine-campaign-default,"YF:YF,routine,with:default",YF,total,routine,CAF,Central African Republic,2069,0,0,<NA>,<NA>,0.9499999999999999555911,both,1
yf-routine-campaign-default,"YF:YF,routine,with:default",YF,total,routine,CAF,Central African Republic,2070,0,0,<NA>,<NA>,0.9499999999999999555911,both,1
yf-routine-campaign-default,"YF:YF,routine,with:default",YF,total,routine,CAF,Central African Republic,2071,0,0,<NA>,<NA>,0.9499999999999999555911,both,1
yf-routine-campaign-default,"YF:YF,routine,with:default",YF,total,routine,CAF,Central African Republic,2072,0,0,<NA>,<NA>,0.9499999999999999555911,both,1
yf-routine-campaign-default,"YF:YF,routine,with:default",YF,total,routine,CAF,Central African Republic,2073,0,0,<NA>,<NA>,0.9499999999999999555911,both,1
yf-routine-campaign-default,"YF:YF,routine,with:default",YF,total,routine,CAF,Central African Republic,2074,0,0,<NA>,<NA>,0.9499999999999999555911,both,1
yf-routine-campaign-default,"YF:YF,routine,with:default",YF,total,routine,CAF,Central African Republic,2075,0,0,<NA>,<NA>,0.9499999999999999555911,both,1
yf-routine-campaign-default,"YF:YF,routine,with:default",YF,total,routine,CAF,Central African Republic,2076,0,0,<NA>,<NA>,0.9499999999999999555911,both,1
yf-routine-campaign-default,"YF:YF,routine,with:default",YF,total,routine,CAF,Central African Republic,2077,0,0,<NA>,<NA>,0.9499999999999999555911,both,1
yf-routine-campaign-default,"YF:YF,routine,with:default",YF,total,routine,CAF,Central African Republic,2078,0,0,<NA>,<NA>,0.9499999999999999555911,both,1
yf-routine-campaign-default,"YF:YF,routine,with:default",YF,total,routine,CAF,Central African Republic,2079,0,0,<NA>,<NA>,0.9499999999999999555911,both,1
yf-routine-campaign-default,"YF:YF,routine,with:default",YF,total,routine,CAF,Central African Republic,2080,0,0,<NA>,<NA>,0.9499999999999999555911,both,1
yf-routine-campaign-default,"YF:YF,routine,with:default",YF,total,routine,CAF,Central African Republic,2081,0,0,<NA>,<NA>,0.9499999999999999555911,both,1
yf-routine-campaign-default,"YF:YF,routine,with:default",YF,total,routine,CAF,Central African Republic,2082,0,0,<NA>,<NA>,0.9499999999999999555911,both,1
yf-routine-campaign-default,"YF:YF,routine,with:default",YF,total,routine,CAF,Central African Republic,2083,0,0,<NA>,<NA>,0.9499999999999999555911,both,1
yf-routine-campaign-default,"YF:YF,routine,with:default",YF,total,routine,CAF,Central African Republic,2084,0,0,<NA>,<NA>,0.9499999999999999555911,both,1
yf-routine-campaign-default,"YF:YF,routine,with:default",YF,total,routine,CAF,Central African Republic,2085,0,0,<NA>,<NA>,0.9499999999999999555911,both,1
yf-routine-campaign-default,"YF:YF,routine,with:default",YF,total,routine,CAF,Central African Republic,2086,0,0,<NA>,<NA>,0.9499999999999999555911,both,1
yf-routine-campaign-default,"YF:YF,routine,with:default",YF,total,routine,CAF,Central African Republic,2087,0,0,<NA>,<NA>,0.9499999999999999555911,both,1
yf-routine-campaign-default,"YF:YF,routine,with:default",YF,total,routine,CAF,Central African Republic,2088,0,0,<NA>,<NA>,0.9499999999999999555911,both,1
yf-routine-campaign-default,"YF:YF,routine,with:default",YF,total,routine,CAF,Central African Republic,2089,0,0,<NA>,<NA>,0.9499999999999999555911,both,1
yf-routine-campaign-default,"YF:YF,routine,with:default",YF,total,routine,CAF,Central African Republic,2090,0,0,<NA>,<NA>,0.9499999999999999555911,both,1
yf-routine-campaign-default,"YF:YF,routine,with:default",YF,total,routine,CAF,Central African Republic,2091,0,0,<NA>,<NA>,0.9499999999999999555911,both,1
yf-routine-campaign-default,"YF:YF,routine,with:default",YF,total,routine,CAF,Central African Republic,2092,0,0,<NA>,<NA>,0.9499999999999999555911,both,1
yf-routine-campaign-default,"YF:YF,routine,with:default",YF,total,routine,CAF,Central African Republic,2093,0,0,<NA>,<NA>,0.9499999999999999555911,both,1
yf-routine-campaign-default,"YF:YF,routine,with:default",YF,total,routine,CAF,Central African Republic,2094,0,0,<NA>,<NA>,0.9499999999999999555911,both,1
yf-routine-campaign-default,"YF:YF,routine,with:default",YF,total,routine,CAF,Central African Republic,2095,0,0,<NA>,<NA>,0.9499999999999999555911,both,1
yf-routine-campaign-default,"YF:YF,routine,with:default",YF,total,routine,CAF,Central African Republic,2096,0,0,<NA>,<NA>,0.9499999999999999555911,both,1
yf-routine-campaign-default,"YF:YF,routine,with:default",YF,total,routine,CAF,Central African Republic,2097,0,0,<NA>,<NA>,0.9499999999999999555911,both,1
yf-routine-campaign-default,"YF:YF,routine,with:default",YF,total,routine,CAF,Central African Republic,2098,0,0,<NA>,<NA>,0.9499999999999999555911,both,1
yf-routine-campaign-default,"YF:YF,routine,with:default",YF,total,routine,CAF,Central African Republic,2099,0,0,<NA>,<NA>,0.9499999999999999555911,both,1
yf-routine-campaign-default,"YF:YF,routine,with:default",YF,total,routine,CAF,Central African Republic,2100,0,0,<NA>,<NA>,0.9499999999999999555911,both,1
yf-routine-campaign-default,"YF:YF,routine,with:default",YF,total,routine,CIV,Cote d'Ivoire,1997,0,0,default routine age,<NA>,0.5899999999999999689138,both,1
yf-routine-campaign-default,"YF:YF,routine,with:default",YF,total,routine,CIV,Cote d'Ivoire,1998,0,0,default routine age,<NA>,0.5699999999999999511502,both,1
yf-routine-campaign-default,"YF:YF,routine,with:default",YF,total,routine,CIV,Cote d'Ivoire,1999,0,0,default routine age,<NA>,0.4799999999999999822364,both,1
yf-routine-campaign-default,"YF:YF,routine,with:default",YF,total,routine,CIV,Cote d'Ivoire,2000,0,0,default routine age,<NA>,0.5999999999999999777955,both,1
yf-routine-campaign-default,"YF:YF,routine,with:default",YF,total,routine,CIV,Cote d'Ivoire,2001,0,0,default routine age,<NA>,0.670000000000000039968,both,1
yf-routine-campaign-default,"YF:YF,routine,with:default",YF,total,routine,CIV,Cote d'Ivoire,2002,0,0,default routine age,<NA>,0.670000000000000039968,both,1
yf-routine-campaign-default,"YF:YF,routine,with:default",YF,total,routine,CIV,Cote d'Ivoire,2003,0,0,default routine age,<NA>,0.6500000000000000222045,both,1
yf-routine-campaign-default,"YF:YF,routine,with:default",YF,total,routine,CIV,Cote d'Ivoire,2004,0,0,default routine age,<NA>,0.7299999999999999822364,both,1
yf-routine-campaign-default,"YF:YF,routine,with:default",YF,total,routine,CIV,Cote d'Ivoire,2005,0,0,default routine age,<NA>,0.829999999999999960032,both,1
yf-routine-campaign-default,"YF:YF,routine,with:default",YF,total,routine,CIV,Cote d'Ivoire,2006,0,0,default routine age,<NA>,0.670000000000000039968,both,1
yf-routine-campaign-default,"YF:YF,routine,with:default",YF,total,routine,CIV,Cote d'Ivoire,2007,0,0,default routine age,<NA>,0.6800000000000000488498,both,1
yf-routine-campaign-default,"YF:YF,routine,with:default",YF,total,routine,CIV,Cote d'Ivoire,2008,0,0,default routine age,<NA>,0.5,both,1
yf-routine-campaign-default,"YF:YF,routine,with:default",YF,total,routine,CIV,Cote d'Ivoire,2009,0,0,default routine age,<NA>,0.2399999999999999911182,both,1
yf-routine-campaign-default,"YF:YF,routine,with:default",YF,total,routine,CIV,Cote d'Ivoire,2010,0,0,default routine age,<NA>,0.6400000000000000133227,both,1
yf-routine-campaign-default,"YF:YF,routine,with:default",YF,total,routine,CIV,Cote d'Ivoire,2011,0,0,default routine age,<NA>,0.4899999999999999911182,both,1
yf-routine-campaign-default,"YF:YF,routine,with:default",YF,total,routine,CIV,Cote d'Ivoire,2012,0,0,default routine age,<NA>,0.7299999999999999822364,both,1
yf-routine-campaign-default,"YF:YF,routine,with:default",YF,total,routine,CIV,Cote d'Ivoire,2013,0,0,default routine age,<NA>,0.6099999999999999866773,both,1
yf-routine-campaign-default,"YF:YF,routine,with:default",YF,total,routine,CIV,Cote d'Ivoire,2014,0,0,default routine age,<NA>,0.5200000000000000177636,both,1
yf-routine-campaign-default,"YF:YF,routine,with:default",YF,total,routine,CIV,Cote d'Ivoire,2015,0,0,default routine age,<NA>,0.5400000000000000355271,both,1
yf-routine-campaign-default,"YF:YF,routine,with:default",YF,total,routine,CIV,Cote d'Ivoire,2016,0,0,default routine age,<NA>,0.6199999999999999955591,both,1
yf-routine-campaign-default,"YF:YF,routine,with:default",YF,total,routine,CIV,Cote d'Ivoire,2017,0,0,default routine age,<NA>,0.6800000000000000488498,both,1
yf-routine-campaign-default,"YF:YF,routine,with:default",YF,total,routine,CIV,Cote d'Ivoire,2018,0,0,default routine age,<NA>,0.7299999999999999822364,both,1
yf-routine-campaign-default,"YF:YF,routine,with:default",YF,total,routine,CIV,Cote d'Ivoire,2019,0,0,default routine age,<NA>,0.6999999999999999555911,both,1
yf-routine-campaign-default,"YF:YF,routine,with:default",YF,total,routine,CIV,Cote d'Ivoire,2020,0,0,default routine age,<NA>,0.6400000000000000133227,both,1
yf-routine-campaign-default,"YF:YF,routine,with:default",YF,total,routine,CIV,Cote d'Ivoire,2021,0,0,default routine age,<NA>,0.6500000000000000222045,both,1
yf-routine-campaign-default,"YF:YF,routine,with:default",YF,total,routine,CIV,Cote d'Ivoire,2022,0,0,default routine age,<NA>,0.5999999999999999777955,both,1
yf-routine-campaign-default,"YF:YF,routine,with:default",YF,total,routine,CIV,Cote d'Ivoire,2023,0,0,<NA>,<NA>,0.6365426264392404220871,both,1
yf-routine-campaign-default,"YF:YF,routine,with:default",YF,total,routine,CIV,Cote d'Ivoire,2024,0,0,<NA>,<NA>,0.6697468440107863241195,both,1
yf-routine-campaign-default,"YF:YF,routine,with:default",YF,total,routine,CIV,Cote d'Ivoire,2025,0,0,<NA>,<NA>,0.6999176382850214039877,both,1
yf-routine-campaign-default,"YF:YF,routine,with:default",YF,total,routine,CIV,Cote d'Ivoire,2026,0,0,<NA>,<NA>,0.7273321323979101693524,both,1
yf-routine-campaign-default,"YF:YF,routine,with:default",YF,total,routine,CIV,Cote d'Ivoire,2027,0,0,<NA>,<NA>,0.7522421324673288500762,both,1
yf-routine-campaign-default,"YF:YF,routine,with:default",YF,total,routine,CIV,Cote d'Ivoire,2028,0,0,<NA>,<NA>,0.7748764404689019169581,both,1
yf-routine-campaign-default,"YF:YF,routine,with:default",YF,total,routine,CIV,Cote d'Ivoire,2029,0,0,<NA>,<NA>,0.7954429558154444412921,both,1
yf-routine-campaign-default,"YF:YF,routine,with:default",YF,total,routine,CIV,Cote d'Ivoire,2030,0,0,<NA>,<NA>,0.8141305849433230212853,both,1
yf-routine-campaign-default,"YF:YF,routine,with:default",YF,total,routine,CIV,Cote d'Ivoire,2031,0,0,<NA>,<NA>,0.8241305849433230301671,both,1
yf-routine-campaign-default,"YF:YF,routine,with:default",YF,total,routine,CIV,Cote d'Ivoire,2032,0,0,<NA>,<NA>,0.8341305849433230390488,both,1
yf-routine-campaign-default,"YF:YF,routine,with:default",YF,total,routine,CIV,Cote d'Ivoire,2033,0,0,<NA>,<NA>,0.8441305849433230479306,both,1
yf-routine-campaign-default,"YF:YF,routine,with:default",YF,total,routine,CIV,Cote d'Ivoire,2034,0,0,<NA>,<NA>,0.8541305849433230568124,both,1
yf-routine-campaign-default,"YF:YF,routine,with:default",YF,total,routine,CIV,Cote d'Ivoire,2035,0,0,<NA>,<NA>,0.8641305849433230656942,both,1
yf-routine-campaign-default,"YF:YF,routine,with:default",YF,total,routine,CIV,Cote d'Ivoire,2036,0,0,<NA>,<NA>,0.8741305849433229635537,both,1
yf-routine-campaign-default,"YF:YF,routine,with:default",YF,total,routine,CIV,Cote d'Ivoire,2037,0,0,<NA>,<NA>,0.8841305849433229724355,both,1
yf-routine-campaign-default,"YF:YF,routine,with:default",YF,total,routine,CIV,Cote d'Ivoire,2038,0,0,<NA>,<NA>,0.8941305849433229813172,both,1
yf-routine-campaign-default,"YF:YF,routine,with:default",YF,total,routine,CIV,Cote d'Ivoire,2039,0,0,<NA>,<NA>,0.904130584943322990199,both,1
yf-routine-campaign-default,"YF:YF,routine,with:default",YF,total,routine,CIV,Cote d'Ivoire,2040,0,0,<NA>,<NA>,0.9141305849433229990808,both,1
yf-routine-campaign-default,"YF:YF,routine,with:default",YF,total,routine,CIV,Cote d'Ivoire,2041,0,0,<NA>,<NA>,0.9241305849433230079626,both,1
yf-routine-campaign-default,"YF:YF,routine,with:default",YF,total,routine,CIV,Cote d'Ivoire,2042,0,0,<NA>,<NA>,0.9341305849433230168444,both,1
yf-routine-campaign-default,"YF:YF,routine,with:default",YF,total,routine,CIV,Cote d'Ivoire,2043,0,0,<NA>,<NA>,0.9441305849433230257262,both,1
yf-routine-campaign-default,"YF:YF,routine,with:default",YF,total,routine,CIV,Cote d'Ivoire,2044,0,0,<NA>,<NA>,0.9499999999999999555911,both,1
yf-routine-campaign-default,"YF:YF,routine,with:default",YF,total,routine,CIV,Cote d'Ivoire,2045,0,0,<NA>,<NA>,0.9499999999999999555911,both,1
yf-routine-campaign-default,"YF:YF,routine,with:default",YF,total,routine,CIV,Cote d'Ivoire,2046,0,0,<NA>,<NA>,0.9499999999999999555911,both,1
yf-routine-campaign-default,"YF:YF,routine,with:default",YF,total,routine,CIV,Cote d'Ivoire,2047,0,0,<NA>,<NA>,0.9499999999999999555911,both,1
yf-routine-campaign-default,"YF:YF,routine,with:default",YF,total,routine,CIV,Cote d'Ivoire,2048,0,0,<NA>,<NA>,0.9499999999999999555911,both,1
yf-routine-campaign-default,"YF:YF,routine,with:default",YF,total,routine,CIV,Cote d'Ivoire,2049,0,0,<NA>,<NA>,0.9499999999999999555911,both,1
yf-routine-campaign-default,"YF:YF,routine,with:default",YF,total,routine,CIV,Cote d'Ivoire,2050,0,0,<NA>,<NA>,0.9499999999999999555911,both,1
yf-routine-campaign-default,"YF:YF,routine,with:default",YF,total,routine,CIV,Cote d'Ivoire,2051,0,0,<NA>,<NA>,0.9499999999999999555911,both,1
yf-routine-campaign-default,"YF:YF,routine,with:default",YF,total,routine,CIV,Cote d'Ivoire,2052,0,0,<NA>,<NA>,0.9499999999999999555911,both,1
yf-routine-campaign-default,"YF:YF,routine,with:default",YF,total,routine,CIV,Cote d'Ivoire,2053,0,0,<NA>,<NA>,0.9499999999999999555911,both,1
yf-routine-campaign-default,"YF:YF,routine,with:default",YF,total,routine,CIV,Cote d'Ivoire,2054,0,0,<NA>,<NA>,0.9499999999999999555911,both,1
yf-routine-campaign-default,"YF:YF,routine,with:default",YF,total,routine,CIV,Cote d'Ivoire,2055,0,0,<NA>,<NA>,0.9499999999999999555911,both,1
yf-routine-campaign-default,"YF:YF,routine,with:default",YF,total,routine,CIV,Cote d'Ivoire,2056,0,0,<NA>,<NA>,0.9499999999999999555911,both,1
yf-routine-campaign-default,"YF:YF,routine,with:default",YF,total,routine,CIV,Cote d'Ivoire,2057,0,0,<NA>,<NA>,0.9499999999999999555911,both,1
yf-routine-campaign-default,"YF:YF,routine,with:default",YF,total,routine,CIV,Cote d'Ivoire,2058,0,0,<NA>,<NA>,0.9499999999999999555911,both,1
yf-routine-campaign-default,"YF:YF,routine,with:default",YF,total,routine,CIV,Cote d'Ivoire,2059,0,0,<NA>,<NA>,0.9499999999999999555911,both,1
yf-routine-campaign-default,"YF:YF,routine,with:default",YF,total,routine,CIV,Cote d'Ivoire,2060,0,0,<NA>,<NA>,0.9499999999999999555911,both,1
yf-routine-campaign-default,"YF:YF,routine,with:default",YF,total,routine,CIV,Cote d'Ivoire,2061,0,0,<NA>,<NA>,0.9499999999999999555911,both,1
yf-routine-campaign-default,"YF:YF,routine,with:default",YF,total,routine,CIV,Cote d'Ivoire,2062,0,0,<NA>,<NA>,0.9499999999999999555911,both,1
yf-routine-campaign-default,"YF:YF,routine,with:default",YF,total,routine,CIV,Cote d'Ivoire,2063,0,0,<NA>,<NA>,0.9499999999999999555911,both,1
yf-routine-campaign-default,"YF:YF,routine,with:default",YF,total,routine,CIV,Cote d'Ivoire,2064,0,0,<NA>,<NA>,0.9499999999999999555911,both,1
yf-routine-campaign-default,"YF:YF,routine,with:default",YF,total,routine,CIV,Cote d'Ivoire,2065,0,0,<NA>,<NA>,0.9499999999999999555911,both,1
yf-routine-campaign-default,"YF:YF,routine,with:default",YF,total,routine,CIV,Cote d'Ivoire,2066,0,0,<NA>,<NA>,0.9499999999999999555911,both,1
yf-routine-campaign-default,"YF:YF,routine,with:default",YF,total,routine,CIV,Cote d'Ivoire,2067,0,0,<NA>,<NA>,0.9499999999999999555911,both,1
yf-routine-campaign-default,"YF:YF,routine,with:default",YF,total,routine,CIV,Cote d'Ivoire,2068,0,0,<NA>,<NA>,0.9499999999999999555911,both,1
yf-routine-campaign-default,"YF:YF,routine,with:default",YF,total,routine,CIV,Cote d'Ivoire,2069,0,0,<NA>,<NA>,0.9499999999999999555911,both,1
yf-routine-campaign-default,"YF:YF,routine,with:default",YF,total,routine,CIV,Cote d'Ivoire,2070,0,0,<NA>,<NA>,0.9499999999999999555911,both,1
yf-routine-campaign-default,"YF:YF,routine,with:default",YF,total,routine,CIV,Cote d'Ivoire,2071,0,0,<NA>,<NA>,0.9499999999999999555911,both,1
yf-routine-campaign-default,"YF:YF,routine,with:default",YF,total,routine,CIV,Cote d'Ivoire,2072,0,0,<NA>,<NA>,0.9499999999999999555911,both,1
yf-routine-campaign-default,"YF:YF,routine,with:default",YF,total,routine,CIV,Cote d'Ivoire,2073,0,0,<NA>,<NA>,0.9499999999999999555911,both,1
yf-routine-campaign-default,"YF:YF,routine,with:default",YF,total,routine,CIV,Cote d'Ivoire,2074,0,0,<NA>,<NA>,0.9499999999999999555911,both,1
yf-routine-campaign-default,"YF:YF,routine,with:default",YF,total,routine,CIV,Cote d'Ivoire,2075,0,0,<NA>,<NA>,0.9499999999999999555911,both,1
yf-routine-campaign-default,"YF:YF,routine,with:default",YF,total,routine,CIV,Cote d'Ivoire,2076,0,0,<NA>,<NA>,0.9499999999999999555911,both,1
yf-routine-campaign-default,"YF:YF,routine,with:default",YF,total,routine,CIV,Cote d'Ivoire,2077,0,0,<NA>,<NA>,0.9499999999999999555911,both,1
yf-routine-campaign-default,"YF:YF,routine,with:default",YF,total,routine,CIV,Cote d'Ivoire,2078,0,0,<NA>,<NA>,0.9499999999999999555911,both,1
yf-routine-campaign-default,"YF:YF,routine,with:default",YF,total,routine,CIV,Cote d'Ivoire,2079,0,0,<NA>,<NA>,0.9499999999999999555911,both,1
yf-routine-campaign-default,"YF:YF,routine,with:default",YF,total,routine,CIV,Cote d'Ivoire,2080,0,0,<NA>,<NA>,0.9499999999999999555911,both,1
yf-routine-campaign-default,"YF:YF,routine,with:default",YF,total,routine,CIV,Cote d'Ivoire,2081,0,0,<NA>,<NA>,0.9499999999999999555911,both,1
yf-routine-campaign-default,"YF:YF,routine,with:default",YF,total,routine,CIV,Cote d'Ivoire,2082,0,0,<NA>,<NA>,0.9499999999999999555911,both,1
yf-routine-campaign-default,"YF:YF,routine,with:default",YF,total,routine,CIV,Cote d'Ivoire,2083,0,0,<NA>,<NA>,0.9499999999999999555911,both,1
yf-routine-campaign-default,"YF:YF,routine,with:default",YF,total,routine,CIV,Cote d'Ivoire,2084,0,0,<NA>,<NA>,0.9499999999999999555911,both,1
yf-routine-campaign-default,"YF:YF,routine,with:default",YF,total,routine,CIV,Cote d'Ivoire,2085,0,0,<NA>,<NA>,0.9499999999999999555911,both,1
yf-routine-campaign-default,"YF:YF,routine,with:default",YF,total,routine,CIV,Cote d'Ivoire,2086,0,0,<NA>,<NA>,0.9499999999999999555911,both,1
yf-routine-campaign-default,"YF:YF,routine,with:default",YF,total,routine,CIV,Cote d'Ivoire,2087,0,0,<NA>,<NA>,0.9499999999999999555911,both,1
yf-routine-campaign-default,"YF:YF,routine,with:default",YF,total,routine,CIV,Cote d'Ivoire,2088,0,0,<NA>,<NA>,0.9499999999999999555911,both,1
yf-routine-campaign-default,"YF:YF,routine,with:default",YF,total,routine,CIV,Cote d'Ivoire,2089,0,0,<NA>,<NA>,0.9499999999999999555911,both,1
yf-routine-campaign-default,"YF:YF,routine,with:default",YF,total,routine,CIV,Cote d'Ivoire,2090,0,0,<NA>,<NA>,0.9499999999999999555911,both,1
yf-routine-campaign-default,"YF:YF,routine,with:default",YF,total,routine,CIV,Cote d'Ivoire,2091,0,0,<NA>,<NA>,0.9499999999999999555911,both,1
yf-routine-campaign-default,"YF:YF,routine,with:default",YF,total,routine,CIV,Cote d'Ivoire,2092,0,0,<NA>,<NA>,0.9499999999999999555911,both,1
yf-routine-campaign-default,"YF:YF,routine,with:default",YF,total,routine,CIV,Cote d'Ivoire,2093,0,0,<NA>,<NA>,0.9499999999999999555911,both,1
yf-routine-campaign-default,"YF:YF,routine,with:default",YF,total,routine,CIV,Cote d'Ivoire,2094,0,0,<NA>,<NA>,0.9499999999999999555911,both,1
yf-routine-campaign-default,"YF:YF,routine,with:default",YF,total,routine,CIV,Cote d'Ivoire,2095,0,0,<NA>,<NA>,0.9499999999999999555911,both,1
yf-routine-campaign-default,"YF:YF,routine,with:default",YF,total,routine,CIV,Cote d'Ivoire,2096,0,0,<NA>,<NA>,0.9499999999999999555911,both,1
yf-routine-campaign-default,"YF:YF,routine,with:default",YF,total,routine,CIV,Cote d'Ivoire,2097,0,0,<NA>,<NA>,0.9499999999999999555911,both,1
yf-routine-campaign-default,"YF:YF,routine,with:default",YF,total,routine,CIV,Cote d'Ivoire,2098,0,0,<NA>,<NA>,0.9499999999999999555911,both,1
yf-routine-campaign-default,"YF:YF,routine,with:default",YF,total,routine,CIV,Cote d'Ivoire,2099,0,0,<NA>,<NA>,0.9499999999999999555911,both,1
yf-routine-campaign-default,"YF:YF,routine,with:default",YF,total,routine,CIV,Cote d'Ivoire,2100,0,0,<NA>,<NA>,0.9499999999999999555911,both,1
yf-routine-campaign-default,"YF:YF,routine,with:default",YF,total,routine,CMR,Cameroon,2004,0,0,default routine age,<NA>,0.5899999999999999689138,both,1
yf-routine-campaign-default,"YF:YF,routine,with:default",YF,total,routine,CMR,Cameroon,2005,0,0,default routine age,<NA>,0.6800000000000000488498,both,1
yf-routine-campaign-default,"YF:YF,routine,with:default",YF,total,routine,CMR,Cameroon,2006,0,0,default routine age,<NA>,0.7199999999999999733546,both,1
yf-routine-campaign-default,"YF:YF,routine,with:default",YF,total,routine,CMR,Cameroon,2007,0,0,default routine age,<NA>,0.7399999999999999911182,both,1
yf-routine-campaign-default,"YF:YF,routine,with:default",YF,total,routine,CMR,Cameroon,2008,0,0,default routine age,<NA>,0.7700000000000000177636,both,1
yf-routine-campaign-default,"YF:YF,routine,with:default",YF,total,routine,CMR,Cameroon,2009,0,0,default routine age,<NA>,0.7199999999999999733546,both,1
yf-routine-campaign-default,"YF:YF,routine,with:default",YF,total,routine,CMR,Cameroon,2010,0,0,default routine age,<NA>,0.7900000000000000355271,both,1
yf-routine-campaign-default,"YF:YF,routine,with:default",YF,total,routine,CMR,Cameroon,2011,0,0,default routine age,<NA>,0.75,both,1
yf-routine-campaign-default,"YF:YF,routine,with:default",YF,total,routine,CMR,Cameroon,2012,0,0,default routine age,<NA>,0.8000000000000000444089,both,1
yf-routine-campaign-default,"YF:YF,routine,with:default",YF,total,routine,CMR,Cameroon,2013,0,0,default routine age,<NA>,0.829999999999999960032,both,1
yf-routine-campaign-default,"YF:YF,routine,with:default",YF,total,routine,CMR,Cameroon,2014,0,0,default routine age,<NA>,0.7700000000000000177636,both,1
yf-routine-campaign-default,"YF:YF,routine,with:default",YF,total,routine,CMR,Cameroon,2015,0,0,default routine age,<NA>,0.6999999999999999555911,both,1
yf-routine-campaign-default,"YF:YF,routine,with:default",YF,total,routine,CMR,Cameroon,2016,0,0,default routine age,<NA>,0.6800000000000000488498,both,1
yf-routine-campaign-default,"YF:YF,routine,with:default",YF,total,routine,CMR,Cameroon,2017,0,0,default routine age,<NA>,0.6500000000000000222045,both,1
yf-routine-campaign-default,"YF:YF,routine,with:default",YF,total,routine,CMR,Cameroon,2018,0,0,default routine age,<NA>,0.6099999999999999866773,both,1
yf-routine-campaign-default,"YF:YF,routine,with:default",YF,total,routine,CMR,Cameroon,2019,0,0,default routine age,<NA>,0.5899999999999999689138,both,1
yf-routine-campaign-default,"YF:YF,routine,with:default",YF,total,routine,CMR,Cameroon,2020,0,0,default routine age,<NA>,0.5999999999999999777955,both,1
yf-routine-campaign-default,"YF:YF,routine,with:default",YF,total,routine,CMR,Cameroon,2021,0,0,default routine age,<NA>,0.5699999999999999511502,both,1
yf-routine-campaign-default,"YF:YF,routine,with:default",YF,total,routine,CMR,Cameroon,2022,0,0,default routine age,<NA>,0.579999999999999960032,both,1
yf-routine-campaign-default,"YF:YF,routine,with:default",YF,total,routine,CMR,Cameroon,2023,0,0,<NA>,<NA>,0.5913482663873359523876,both,1
yf-routine-campaign-default,"YF:YF,routine,with:default",YF,total,routine,CMR,Cameroon,2024,0,0,<NA>,<NA>,0.6023899062270579030098,both,1
yf-routine-campaign-default,"YF:YF,routine,with:default",YF,total,routine,CMR,Cameroon,2025,0,0,<NA>,<NA>,0.6131332044709364437196,both,1
yf-routine-campaign-default,"YF:YF,routine,with:default",YF,total,routine,CMR,Cameroon,2026,0,0,<NA>,<NA>,0.6235862222139813004773,both,1
yf-routine-campaign-default,"YF:YF,routine,with:default",YF,total,routine,CMR,Cameroon,2027,0,0,<NA>,<NA>,0.6337568027429795192162,both,1
yf-routine-campaign-default,"YF:YF,routine,with:default",YF,total,routine,CMR,Cameroon,2028,0,0,<NA>,<NA>,0.6436525774216040884923,both,1
yf-routine-campaign-default,"YF:YF,routine,with:default",YF,total,routine,CMR,Cameroon,2029,0,0,<NA>,<NA>,0.6532809714165093151195,both,1
yf-routine-campaign-default,"YF:YF,routine,with:default",YF,total,routine,CMR,Cameroon,2030,0,0,<NA>,<NA>,0.662649209268708960785,both,1
yf-routine-campaign-default,"YF:YF,routine,with:default",YF,total,routine,CMR,Cameroon,2031,0,0,<NA>,<NA>,0.6726492092687089696668,both,1
yf-routine-campaign-default,"YF:YF,routine,with:default",YF,total,routine,CMR,Cameroon,2032,0,0,<NA>,<NA>,0.6826492092687089785485,both,1
yf-routine-campaign-default,"YF:YF,routine,with:default",YF,total,routine,CMR,Cameroon,2033,0,0,<NA>,<NA>,0.6926492092687089874303,both,1
yf-routine-campaign-default,"YF:YF,routine,with:default",YF,total,routine,CMR,Cameroon,2034,0,0,<NA>,<NA>,0.7026492092687089963121,both,1
yf-routine-campaign-default,"YF:YF,routine,with:default",YF,total,routine,CMR,Cameroon,2035,0,0,<NA>,<NA>,0.7126492092687090051939,both,1
yf-routine-campaign-default,"YF:YF,routine,with:default",YF,total,routine,CMR,Cameroon,2036,0,0,<NA>,<NA>,0.7226492092687089030534,both,1
yf-routine-campaign-default,"YF:YF,routine,with:default",YF,total,routine,CMR,Cameroon,2037,0,0,<NA>,<NA>,0.7326492092687089119352,both,1
yf-routine-campaign-default,"YF:YF,routine,with:default",YF,total,routine,CMR,Cameroon,2038,0,0,<NA>,<NA>,0.7426492092687089208169,both,1
yf-routine-campaign-default,"YF:YF,routine,with:default",YF,total,routine,CMR,Cameroon,2039,0,0,<NA>,<NA>,0.7526492092687089296987,both,1
yf-routine-campaign-default,"YF:YF,routine,with:default",YF,total,routine,CMR,Cameroon,2040,0,0,<NA>,<NA>,0.7626492092687089385805,both,1
yf-routine-campaign-default,"YF:YF,routine,with:default",YF,total,routine,CMR,Cameroon,2041,0,0,<NA>,<NA>,0.7726492092687089474623,both,1
yf-routine-campaign-default,"YF:YF,routine,with:default",YF,total,routine,CMR,Cameroon,2042,0,0,<NA>,<NA>,0.7826492092687089563441,both,1
yf-routine-campaign-default,"YF:YF,routine,with:default",YF,total,routine,CMR,Cameroon,2043,0,0,<NA>,<NA>,0.7926492092687089652259,both,1
yf-routine-campaign-default,"YF:YF,routine,with:default",YF,total,routine,CMR,Cameroon,2044,0,0,<NA>,<NA>,0.8026492092687089741077,both,1
yf-routine-campaign-default,"YF:YF,routine,with:default",YF,total,routine,CMR,Cameroon,2045,0,0,<NA>,<NA>,0.8126492092687089829894,both,1
yf-routine-campaign-default,"YF:YF,routine,with:default",YF,total,routine,CMR,Cameroon,2046,0,0,<NA>,<NA>,0.8226492092687089918712,both,1
yf-routine-campaign-default,"YF:YF,routine,with:default",YF,total,routine,CMR,Cameroon,2047,0,0,<NA>,<NA>,0.832649209268709000753,both,1
yf-routine-campaign-default,"YF:YF,routine,with:default",YF,total,routine,CMR,Cameroon,2048,0,0,<NA>,<NA>,0.8426492092687090096348,both,1
yf-routine-campaign-default,"YF:YF,routine,with:default",YF,total,routine,CMR,Cameroon,2049,0,0,<NA>,<NA>,0.8526492092687090185166,both,1
yf-routine-campaign-default,"YF:YF,routine,with:default",YF,total,routine,CMR,Cameroon,2050,0,0,<NA>,<NA>,0.8626492092687090273984,both,1
yf-routine-campaign-default,"YF:YF,routine,with:default",YF,total,routine,CMR,Cameroon,2051,0,0,<NA>,<NA>,0.8726492092687089252578,both,1
yf-routine-campaign-default,"YF:YF,routine,with:default",YF,total,routine,CMR,Cameroon,2052,0,0,<NA>,<NA>,0.8826492092687089341396,both,1
yf-routine-campaign-default,"YF:YF,routine,with:default",YF,total,routine,CMR,Cameroon,2053,0,0,<NA>,<NA>,0.8926492092687089430214,both,1
yf-routine-campaign-default,"YF:YF,routine,with:default",YF,total,routine,CMR,Cameroon,2054,0,0,<NA>,<NA>,0.9026492092687089519032,both,1
yf-routine-campaign-default,"YF:YF,routine,with:default",YF,total,routine,CMR,Cameroon,2055,0,0,<NA>,<NA>,0.912649209268708960785,both,1
yf-routine-campaign-default,"YF:YF,routine,with:default",YF,total,routine,CMR,Cameroon,2056,0,0,<NA>,<NA>,0.9226492092687089696668,both,1
yf-routine-campaign-default,"YF:YF,routine,with:default",YF,total,routine,CMR,Cameroon,2057,0,0,<NA>,<NA>,0.9326492092687089785485,both,1
yf-routine-campaign-default,"YF:YF,routine,with:default",YF,total,routine,CMR,Cameroon,2058,0,0,<NA>,<NA>,0.9426492092687089874303,both,1
yf-routine-campaign-default,"YF:YF,routine,with:default",YF,total,routine,CMR,Cameroon,2059,0,0,<NA>,<NA>,0.9499999999999999555911,both,1
yf-routine-campaign-default,"YF:YF,routine,with:default",YF,total,routine,CMR,Cameroon,2060,0,0,<NA>,<NA>,0.9499999999999999555911,both,1
yf-routine-campaign-default,"YF:YF,routine,with:default",YF,total,routine,CMR,Cameroon,2061,0,0,<NA>,<NA>,0.9499999999999999555911,both,1
yf-routine-campaign-default,"YF:YF,routine,with:default",YF,total,routine,CMR,Cameroon,2062,0,0,<NA>,<NA>,0.9499999999999999555911,both,1
yf-routine-campaign-default,"YF:YF,routine,with:default",YF,total,routine,CMR,Cameroon,2063,0,0,<NA>,<NA>,0.9499999999999999555911,both,1
yf-routine-campaign-default,"YF:YF,routine,with:default",YF,total,routine,CMR,Cameroon,2064,0,0,<NA>,<NA>,0.9499999999999999555911,both,1
yf-routine-campaign-default,"YF:YF,routine,with:default",YF,total,routine,CMR,Cameroon,2065,0,0,<NA>,<NA>,0.9499999999999999555911,both,1
yf-routine-campaign-default,"YF:YF,routine,with:default",YF,total,routine,CMR,Cameroon,2066,0,0,<NA>,<NA>,0.9499999999999999555911,both,1
yf-routine-campaign-default,"YF:YF,routine,with:default",YF,total,routine,CMR,Cameroon,2067,0,0,<NA>,<NA>,0.9499999999999999555911,both,1
yf-routine-campaign-default,"YF:YF,routine,with:default",YF,total,routine,CMR,Cameroon,2068,0,0,<NA>,<NA>,0.9499999999999999555911,both,1
yf-routine-campaign-default,"YF:YF,routine,with:default",YF,total,routine,CMR,Cameroon,2069,0,0,<NA>,<NA>,0.9499999999999999555911,both,1
yf-routine-campaign-default,"YF:YF,routine,with:default",YF,total,routine,CMR,Cameroon,2070,0,0,<NA>,<NA>,0.9499999999999999555911,both,1
yf-routine-campaign-default,"YF:YF,routine,with:default",YF,total,routine,CMR,Cameroon,2071,0,0,<NA>,<NA>,0.9499999999999999555911,both,1
yf-routine-campaign-default,"YF:YF,routine,with:default",YF,total,routine,CMR,Cameroon,2072,0,0,<NA>,<NA>,0.9499999999999999555911,both,1
yf-routine-campaign-default,"YF:YF,routine,with:default",YF,total,routine,CMR,Cameroon,2073,0,0,<NA>,<NA>,0.9499999999999999555911,both,1
yf-routine-campaign-default,"YF:YF,routine,with:default",YF,total,routine,CMR,Cameroon,2074,0,0,<NA>,<NA>,0.9499999999999999555911,both,1
yf-routine-campaign-default,"YF:YF,routine,with:default",YF,total,routine,CMR,Cameroon,2075,0,0,<NA>,<NA>,0.9499999999999999555911,both,1
yf-routine-campaign-default,"YF:YF,routine,with:default",YF,total,routine,CMR,Cameroon,2076,0,0,<NA>,<NA>,0.9499999999999999555911,both,1
yf-routine-campaign-default,"YF:YF,routine,with:default",YF,total,routine,CMR,Cameroon,2077,0,0,<NA>,<NA>,0.9499999999999999555911,both,1
yf-routine-campaign-default,"YF:YF,routine,with:default",YF,total,routine,CMR,Cameroon,2078,0,0,<NA>,<NA>,0.9499999999999999555911,both,1
yf-routine-campaign-default,"YF:YF,routine,with:default",YF,total,routine,CMR,Cameroon,2079,0,0,<NA>,<NA>,0.9499999999999999555911,both,1
yf-routine-campaign-default,"YF:YF,routine,with:default",YF,total,routine,CMR,Cameroon,2080,0,0,<NA>,<NA>,0.9499999999999999555911,both,1
yf-routine-campaign-default,"YF:YF,routine,with:default",YF,total,routine,CMR,Cameroon,2081,0,0,<NA>,<NA>,0.9499999999999999555911,both,1
yf-routine-campaign-default,"YF:YF,routine,with:default",YF,total,routine,CMR,Cameroon,2082,0,0,<NA>,<NA>,0.9499999999999999555911,both,1
yf-routine-campaign-default,"YF:YF,routine,with:default",YF,total,routine,CMR,Cameroon,2083,0,0,<NA>,<NA>,0.9499999999999999555911,both,1
yf-routine-campaign-default,"YF:YF,routine,with:default",YF,total,routine,CMR,Cameroon,2084,0,0,<NA>,<NA>,0.9499999999999999555911,both,1
yf-routine-campaign-default,"YF:YF,routine,with:default",YF,total,routine,CMR,Cameroon,2085,0,0,<NA>,<NA>,0.9499999999999999555911,both,1
yf-routine-campaign-default,"YF:YF,routine,with:default",YF,total,routine,CMR,Cameroon,2086,0,0,<NA>,<NA>,0.9499999999999999555911,both,1
yf-routine-campaign-default,"YF:YF,routine,with:default",YF,total,routine,CMR,Cameroon,2087,0,0,<NA>,<NA>,0.9499999999999999555911,both,1
yf-routine-campaign-default,"YF:YF,routine,with:default",YF,total,routine,CMR,Cameroon,2088,0,0,<NA>,<NA>,0.9499999999999999555911,both,1
yf-routine-campaign-default,"YF:YF,routine,with:default",YF,total,routine,CMR,Cameroon,2089,0,0,<NA>,<NA>,0.9499999999999999555911,both,1
yf-routine-campaign-default,"YF:YF,routine,with:default",YF,total,routine,CMR,Cameroon,2090,0,0,<NA>,<NA>,0.9499999999999999555911,both,1
yf-routine-campaign-default,"YF:YF,routine,with:default",YF,total,routine,CMR,Cameroon,2091,0,0,<NA>,<NA>,0.9499999999999999555911,both,1
yf-routine-campaign-default,"YF:YF,routine,with:default",YF,total,routine,CMR,Cameroon,2092,0,0,<NA>,<NA>,0.9499999999999999555911,both,1
yf-routine-campaign-default,"YF:YF,routine,with:default",YF,total,routine,CMR,Cameroon,2093,0,0,<NA>,<NA>,0.9499999999999999555911,both,1
yf-routine-campaign-default,"YF:YF,routine,with:default",YF,total,routine,CMR,Cameroon,2094,0,0,<NA>,<NA>,0.9499999999999999555911,both,1
yf-routine-campaign-default,"YF:YF,routine,with:default",YF,total,routine,CMR,Cameroon,2095,0,0,<NA>,<NA>,0.9499999999999999555911,both,1
yf-routine-campaign-default,"YF:YF,routine,with:default",YF,total,routine,CMR,Cameroon,2096,0,0,<NA>,<NA>,0.9499999999999999555911,both,1
yf-routine-campaign-default,"YF:YF,routine,with:default",YF,total,routine,CMR,Cameroon,2097,0,0,<NA>,<NA>,0.9499999999999999555911,both,1
yf-routine-campaign-default,"YF:YF,routine,with:default",YF,total,routine,CMR,Cameroon,2098,0,0,<NA>,<NA>,0.9499999999999999555911,both,1
yf-routine-campaign-default,"YF:YF,routine,with:default",YF,total,routine,CMR,Cameroon,2099,0,0,<NA>,<NA>,0.9499999999999999555911,both,1
yf-routine-campaign-default,"YF:YF,routine,with:default",YF,total,routine,CMR,Cameroon,2100,0,0,<NA>,<NA>,0.9499999999999999555911,both,1
yf-routine-campaign-default,"YF:YF,routine,with:default",YF,total,routine,COD,"Congo, the Democratic Republic of the",2003,0,0,default routine age,<NA>,0.0500000000000000027756,both,1
yf-routine-campaign-default,"YF:YF,routine,with:default",YF,total,routine,COD,"Congo, the Democratic Republic of the",2004,0,0,default routine age,<NA>,0.25,both,1
yf-routine-campaign-default,"YF:YF,routine,with:default",YF,total,routine,COD,"Congo, the Democratic Republic of the",2005,0,0,default routine age,<NA>,0.4199999999999999844569,both,1
yf-routine-campaign-default,"YF:YF,routine,with:default",YF,total,routine,COD,"Congo, the Democratic Republic of the",2006,0,0,default routine age,<NA>,0.5,both,1
yf-routine-campaign-default,"YF:YF,routine,with:default",YF,total,routine,COD,"Congo, the Democratic Republic of the",2007,0,0,default routine age,<NA>,0.5400000000000000355271,both,1
yf-routine-campaign-default,"YF:YF,routine,with:default",YF,total,routine,COD,"Congo, the Democratic Republic of the",2008,0,0,default routine age,<NA>,0.5899999999999999689138,both,1
yf-routine-campaign-default,"YF:YF,routine,with:default",YF,total,routine,COD,"Congo, the Democratic Republic of the",2009,0,0,default routine age,<NA>,0.6300000000000000044409,both,1
yf-routine-campaign-default,"YF:YF,routine,with:default",YF,total,routine,COD,"Congo, the Democratic Republic of the",2010,0,0,default routine age,<NA>,0.5999999999999999777955,both,1
yf-routine-campaign-default,"YF:YF,routine,with:default",YF,total,routine,COD,"Congo, the Democratic Republic of the",2011,0,0,default routine age,<NA>,0.4400000000000000022204,both,1
yf-routine-campaign-default,"YF:YF,routine,with:default",YF,total,routine,COD,"Congo, the Democratic Republic of the",2012,0,0,default routine age,<NA>,0.6300000000000000044409,both,1
yf-routine-campaign-default,"YF:YF,routine,with:default",YF,total,routine,COD,"Congo, the Democratic Republic of the",2013,0,0,default routine age,<NA>,0.5400000000000000355271,both,1
yf-routine-campaign-default,"YF:YF,routine,with:default",YF,total,routine,COD,"Congo, the Democratic Republic of the",2014,0,0,default routine age,<NA>,0.5600000000000000532907,both,1
yf-routine-campaign-default,"YF:YF,routine,with:default",YF,total,routine,COD,"Congo, the Democratic Republic of the",2015,0,0,default routine age,<NA>,0.6400000000000000133227,both,1
yf-routine-campaign-default,"YF:YF,routine,with:default",YF,total,routine,COD,"Congo, the Democratic Republic of the",2016,0,0,default routine age,<NA>,0.5600000000000000532907,both,1
yf-routine-campaign-default,"YF:YF,routine,with:default",YF,total,routine,COD,"Congo, the Democratic Republic of the",2017,0,0,default routine age,<NA>,0.6199999999999999955591,both,1
yf-routine-campaign-default,"YF:YF,routine,with:default",YF,total,routine,COD,"Congo, the Democratic Republic of the",2018,0,0,default routine age,<NA>,0.6500000000000000222045,both,1
yf-routine-campaign-default,"YF:YF,routine,with:default",YF,total,routine,COD,"Congo, the Democratic Republic of the",2019,0,0,default routine age,<NA>,0.6500000000000000222045,both,1
yf-routine-campaign-default,"YF:YF,routine,with:default",YF,total,routine,COD,"Congo, the Democratic Republic of the",2020,0,0,default routine age,<NA>,0.6300000000000000044409,both,1
yf-routine-campaign-default,"YF:YF,routine,with:default",YF,total,routine,COD,"Congo, the Democratic Republic of the",2021,0,0,default routine age,<NA>,0.5600000000000000532907,both,1
yf-routine-campaign-default,"YF:YF,routine,with:default",YF,total,routine,COD,"Congo, the Democratic Republic of the",2022,0,0,default routine age,<NA>,0.5500000000000000444089,both,1
yf-routine-campaign-default,"YF:YF,routine,with:default",YF,total,routine,COD,"Congo, the Democratic Republic of the",2023,0,0,<NA>,<NA>,0.5676800861670794340341,both,1
yf-routine-campaign-default,"YF:YF,routine,with:default",YF,total,routine,COD,"Congo, the Democratic Republic of the",2024,0,0,<NA>,<NA>,0.5846655380077691033236,both,1
yf-routine-campaign-default,"YF:YF,routine,with:default",YF,total,routine,COD,"Congo, the Democratic Republic of the",2025,0,0,<NA>,<NA>,0.6009836470659473128819,both,1
yf-routine-campaign-default,"YF:YF,routine,with:default",YF,total,routine,COD,"Congo, the Democratic Republic of the",2026,0,0,<NA>,<NA>,0.6166606326258313730548,both,1
yf-routine-campaign-default,"YF:YF,routine,with:default",YF,total,routine,COD,"Congo, the Democratic Republic of the",2027,0,0,<NA>,<NA>,0.6317216838400735445802,both,1
yf-routine-campaign-default,"YF:YF,routine,with:default",YF,total,routine,COD,"Congo, the Democratic Republic of the",2028,0,0,<NA>,<NA>,0.6461910002026833854671,both,1
yf-routine-campaign-default,"YF:YF,routine,with:default",YF,total,routine,COD,"Congo, the Democratic Republic of the",2029,0,0,<NA>,<NA>,0.660091830431804971191,both,1
yf-routine-campaign-default,"YF:YF,routine,with:default",YF,total,routine,COD,"Congo, the Democratic Republic of the",2030,0,0,<NA>,<NA>,0.6734465098248270109593,both,1
yf-routine-campaign-default,"YF:YF,routine,with:default",YF,total,routine,COD,"Congo, the Democratic Republic of the",2031,0,0,<NA>,<NA>,0.6834465098248270198411,both,1
yf-routine-campaign-default,"YF:YF,routine,with:default",YF,total,routine,COD,"Congo, the Democratic Republic of the",2032,0,0,<NA>,<NA>,0.6934465098248270287229,both,1
yf-routine-campaign-default,"YF:YF,routine,with:default",YF,total,routine,COD,"Congo, the Democratic Republic of the",2033,0,0,<NA>,<NA>,0.7034465098248270376047,both,1
yf-routine-campaign-default,"YF:YF,routine,with:default",YF,total,routine,COD,"Congo, the Democratic Republic of the",2034,0,0,<NA>,<NA>,0.7134465098248270464865,both,1
yf-routine-campaign-default,"YF:YF,routine,with:default",YF,total,routine,COD,"Congo, the Democratic Republic of the",2035,0,0,<NA>,<NA>,0.7234465098248270553682,both,1
yf-routine-campaign-default,"YF:YF,routine,with:default",YF,total,routine,COD,"Congo, the Democratic Republic of the",2036,0,0,<NA>,<NA>,0.73344650982482706425,both,1
yf-routine-campaign-default,"YF:YF,routine,with:default",YF,total,routine,COD,"Congo, the Democratic Republic of the",2037,0,0,<NA>,<NA>,0.7434465098248270731318,both,1
yf-routine-campaign-default,"YF:YF,routine,with:default",YF,total,routine,COD,"Congo, the Democratic Republic of the",2038,0,0,<NA>,<NA>,0.7534465098248269709913,both,1
yf-routine-campaign-default,"YF:YF,routine,with:default",YF,total,routine,COD,"Congo, the Democratic Republic of the",2039,0,0,<NA>,<NA>,0.7634465098248269798731,both,1
yf-routine-campaign-default,"YF:YF,routine,with:default",YF,total,routine,COD,"Congo, the Democratic Republic of the",2040,0,0,<NA>,<NA>,0.7734465098248269887549,both,1
yf-routine-campaign-default,"YF:YF,routine,with:default",YF,total,routine,COD,"Congo, the Democratic Republic of the",2041,0,0,<NA>,<NA>,0.7834465098248269976366,both,1
yf-routine-campaign-default,"YF:YF,routine,with:default",YF,total,routine,COD,"Congo, the Democratic Republic of the",2042,0,0,<NA>,<NA>,0.7934465098248270065184,both,1
yf-routine-campaign-default,"YF:YF,routine,with:default",YF,total,routine,COD,"Congo, the Democratic Republic of the",2043,0,0,<NA>,<NA>,0.8034465098248270154002,both,1
yf-routine-campaign-default,"YF:YF,routine,with:default",YF,total,routine,COD,"Congo, the Democratic Republic of the",2044,0,0,<NA>,<NA>,0.813446509824827024282,both,1
yf-routine-campaign-default,"YF:YF,routine,with:default",YF,total,routine,COD,"Congo, the Democratic Republic of the",2045,0,0,<NA>,<NA>,0.8234465098248270331638,both,1
yf-routine-campaign-default,"YF:YF,routine,with:default",YF,total,routine,COD,"Congo, the Democratic Republic of the",2046,0,0,<NA>,<NA>,0.8334465098248270420456,both,1
yf-routine-campaign-default,"YF:YF,routine,with:default",YF,total,routine,COD,"Congo, the Democratic Republic of the",2047,0,0,<NA>,<NA>,0.8434465098248270509274,both,1
yf-routine-campaign-default,"YF:YF,routine,with:default",YF,total,routine,COD,"Congo, the Democratic Republic of the",2048,0,0,<NA>,<NA>,0.8534465098248269487868,both,1
yf-routine-campaign-default,"YF:YF,routine,with:default",YF,total,routine,COD,"Congo, the Democratic Republic of the",2049,0,0,<NA>,<NA>,0.8634465098248269576686,both,1
yf-routine-campaign-default,"YF:YF,routine,with:default",YF,total,routine,COD,"Congo, the Democratic Republic of the",2050,0,0,<NA>,<NA>,0.8734465098248269665504,both,1
yf-routine-campaign-default,"YF:YF,routine,with:default",YF,total,routine,COD,"Congo, the Democratic Republic of the",2051,0,0,<NA>,<NA>,0.8834465098248269754322,both,1
yf-routine-campaign-default,"YF:YF,routine,with:default",YF,total,routine,COD,"Congo, the Democratic Republic of the",2052,0,0,<NA>,<NA>,0.893446509824826984314,both,1
yf-routine-campaign-default,"YF:YF,routine,with:default",YF,total,routine,COD,"Congo, the Democratic Republic of the",2053,0,0,<NA>,<NA>,0.9034465098248269931958,both,1
yf-routine-campaign-default,"YF:YF,routine,with:default",YF,total,routine,COD,"Congo, the Democratic Republic of the",2054,0,0,<NA>,<NA>,0.9134465098248270020775,both,1
yf-routine-campaign-default,"YF:YF,routine,with:default",YF,total,routine,COD,"Congo, the Democratic Republic of the",2055,0,0,<NA>,<NA>,0.9234465098248270109593,both,1
yf-routine-campaign-default,"YF:YF,routine,with:default",YF,total,routine,COD,"Congo, the Democratic Republic of the",2056,0,0,<NA>,<NA>,0.9334465098248270198411,both,1
yf-routine-campaign-default,"YF:YF,routine,with:default",YF,total,routine,COD,"Congo, the Democratic Republic of the",2057,0,0,<NA>,<NA>,0.9434465098248270287229,both,1
yf-routine-campaign-default,"YF:YF,routine,with:default",YF,total,routine,COD,"Congo, the Democratic Republic of the",2058,0,0,<NA>,<NA>,0.9499999999999999555911,both,1
yf-routine-campaign-default,"YF:YF,routine,with:default",YF,total,routine,COD,"Congo, the Democratic Republic of the",2059,0,0,<NA>,<NA>,0.9499999999999999555911,both,1
yf-routine-campaign-default,"YF:YF,routine,with:default",YF,total,routine,COD,"Congo, the Democratic Republic of the",2060,0,0,<NA>,<NA>,0.9499999999999999555911,both,1
yf-routine-campaign-default,"YF:YF,routine,with:default",YF,total,routine,COD,"Congo, the Democratic Republic of the",2061,0,0,<NA>,<NA>,0.9499999999999999555911,both,1
yf-routine-campaign-default,"YF:YF,routine,with:default",YF,total,routine,COD,"Congo, the Democratic Republic of the",2062,0,0,<NA>,<NA>,0.9499999999999999555911,both,1
yf-routine-campaign-default,"YF:YF,routine,with:default",YF,total,routine,COD,"Congo, the Democratic Republic of the",2063,0,0,<NA>,<NA>,0.9499999999999999555911,both,1
yf-routine-campaign-default,"YF:YF,routine,with:default",YF,total,routine,COD,"Congo, the Democratic Republic of the",2064,0,0,<NA>,<NA>,0.9499999999999999555911,both,1
yf-routine-campaign-default,"YF:YF,routine,with:default",YF,total,routine,COD,"Congo, the Democratic Republic of the",2065,0,0,<NA>,<NA>,0.9499999999999999555911,both,1
yf-routine-campaign-default,"YF:YF,routine,with:default",YF,total,routine,COD,"Congo, the Democratic Republic of the",2066,0,0,<NA>,<NA>,0.9499999999999999555911,both,1
yf-routine-campaign-default,"YF:YF,routine,with:default",YF,total,routine,COD,"Congo, the Democratic Republic of the",2067,0,0,<NA>,<NA>,0.9499999999999999555911,both,1
yf-routine-campaign-default,"YF:YF,routine,with:default",YF,total,routine,COD,"Congo, the Democratic Republic of the",2068,0,0,<NA>,<NA>,0.9499999999999999555911,both,1
yf-routine-campaign-default,"YF:YF,routine,with:default",YF,total,routine,COD,"Congo, the Democratic Republic of the",2069,0,0,<NA>,<NA>,0.9499999999999999555911,both,1
yf-routine-campaign-default,"YF:YF,routine,with:default",YF,total,routine,COD,"Congo, the Democratic Republic of the",2070,0,0,<NA>,<NA>,0.9499999999999999555911,both,1
yf-routine-campaign-default,"YF:YF,routine,with:default",YF,total,routine,COD,"Congo, the Democratic Republic of the",2071,0,0,<NA>,<NA>,0.9499999999999999555911,both,1
yf-routine-campaign-default,"YF:YF,routine,with:default",YF,total,routine,COD,"Congo, the Democratic Republic of the",2072,0,0,<NA>,<NA>,0.9499999999999999555911,both,1
yf-routine-campaign-default,"YF:YF,routine,with:default",YF,total,routine,COD,"Congo, the Democratic Republic of the",2073,0,0,<NA>,<NA>,0.9499999999999999555911,both,1
yf-routine-campaign-default,"YF:YF,routine,with:default",YF,total,routine,COD,"Congo, the Democratic Republic of the",2074,0,0,<NA>,<NA>,0.9499999999999999555911,both,1
yf-routine-campaign-default,"YF:YF,routine,with:default",YF,total,routine,COD,"Congo, the Democratic Republic of the",2075,0,0,<NA>,<NA>,0.9499999999999999555911,both,1
yf-routine-campaign-default,"YF:YF,routine,with:default",YF,total,routine,COD,"Congo, the Democratic Republic of the",2076,0,0,<NA>,<NA>,0.9499999999999999555911,both,1
yf-routine-campaign-default,"YF:YF,routine,with:default",YF,total,routine,COD,"Congo, the Democratic Republic of the",2077,0,0,<NA>,<NA>,0.9499999999999999555911,both,1
yf-routine-campaign-default,"YF:YF,routine,with:default",YF,total,routine,COD,"Congo, the Democratic Republic of the",2078,0,0,<NA>,<NA>,0.9499999999999999555911,both,1
yf-routine-campaign-default,"YF:YF,routine,with:default",YF,total,routine,COD,"Congo, the Democratic Republic of the",2079,0,0,<NA>,<NA>,0.9499999999999999555911,both,1
yf-routine-campaign-default,"YF:YF,routine,with:default",YF,total,routine,COD,"Congo, the Democratic Republic of the",2080,0,0,<NA>,<NA>,0.9499999999999999555911,both,1
yf-routine-campaign-default,"YF:YF,routine,with:default",YF,total,routine,COD,"Congo, the Democratic Republic of the",2081,0,0,<NA>,<NA>,0.9499999999999999555911,both,1
yf-routine-campaign-default,"YF:YF,routine,with:default",YF,total,routine,COD,"Congo, the Democratic Republic of the",2082,0,0,<NA>,<NA>,0.9499999999999999555911,both,1
yf-routine-campaign-default,"YF:YF,routine,with:default",YF,total,routine,COD,"Congo, the Democratic Republic of the",2083,0,0,<NA>,<NA>,0.9499999999999999555911,both,1
yf-routine-campaign-default,"YF:YF,routine,with:default",YF,total,routine,COD,"Congo, the Democratic Republic of the",2084,0,0,<NA>,<NA>,0.9499999999999999555911,both,1
yf-routine-campaign-default,"YF:YF,routine,with:default",YF,total,routine,COD,"Congo, the Democratic Republic of the",2085,0,0,<NA>,<NA>,0.9499999999999999555911,both,1
yf-routine-campaign-default,"YF:YF,routine,with:default",YF,total,routine,COD,"Congo, the Democratic Republic of the",2086,0,0,<NA>,<NA>,0.9499999999999999555911,both,1
yf-routine-campaign-default,"YF:YF,routine,with:default",YF,total,routine,COD,"Congo, the Democratic Republic of the",2087,0,0,<NA>,<NA>,0.9499999999999999555911,both,1
yf-routine-campaign-default,"YF:YF,routine,with:default",YF,total,routine,COD,"Congo, the Democratic Republic of the",2088,0,0,<NA>,<NA>,0.9499999999999999555911,both,1
yf-routine-campaign-default,"YF:YF,routine,with:default",YF,total,routine,COD,"Congo, the Democratic Republic of the",2089,0,0,<NA>,<NA>,0.9499999999999999555911,both,1
yf-routine-campaign-default,"YF:YF,routine,with:default",YF,total,routine,COD,"Congo, the Democratic Republic of the",2090,0,0,<NA>,<NA>,0.9499999999999999555911,both,1
yf-routine-campaign-default,"YF:YF,routine,with:default",YF,total,routine,COD,"Congo, the Democratic Republic of the",2091,0,0,<NA>,<NA>,0.9499999999999999555911,both,1
yf-routine-campaign-default,"YF:YF,routine,with:default",YF,total,routine,COD,"Congo, the Democratic Republic of the",2092,0,0,<NA>,<NA>,0.9499999999999999555911,both,1
yf-routine-campaign-default,"YF:YF,routine,with:default",YF,total,routine,COD,"Congo, the Democratic Republic of the",2093,0,0,<NA>,<NA>,0.9499999999999999555911,both,1
yf-routine-campaign-default,"YF:YF,routine,with:default",YF,total,routine,COD,"Congo, the Democratic Republic of the",2094,0,0,<NA>,<NA>,0.9499999999999999555911,both,1
yf-routine-campaign-default,"YF:YF,routine,with:default",YF,total,routine,COD,"Congo, the Democratic Republic of the",2095,0,0,<NA>,<NA>,0.9499999999999999555911,both,1
yf-routine-campaign-default,"YF:YF,routine,with:default",YF,total,routine,COD,"Congo, the Democratic Republic of the",2096,0,0,<NA>,<NA>,0.9499999999999999555911,both,1
yf-routine-campaign-default,"YF:YF,routine,with:default",YF,total,routine,COD,"Congo, the Democratic Republic of the",2097,0,0,<NA>,<NA>,0.9499999999999999555911,both,1
yf-routine-campaign-default,"YF:YF,routine,with:default",YF,total,routine,COD,"Congo, the Democratic Republic of the",2098,0,0,<NA>,<NA>,0.9499999999999999555911,both,1
yf-routine-campaign-default,"YF:YF,routine,with:default",YF,total,routine,COD,"Congo, the Democratic Republic of the",2099,0,0,<NA>,<NA>,0.9499999999999999555911,both,1
yf-routine-campaign-default,"YF:YF,routine,with:default",YF,total,routine,COD,"Congo, the Democratic Republic of the",2100,0,0,<NA>,<NA>,0.9499999999999999555911,both,1
yf-routine-campaign-default,"YF:YF,routine,with:default",YF,total,routine,COG,Congo,2004,0,0,default routine age,<NA>,0.4799999999999999822364,both,1
yf-routine-campaign-default,"YF:YF,routine,with:default",YF,total,routine,COG,Congo,2005,0,0,default routine age,<NA>,0.5400000000000000355271,both,1
yf-routine-campaign-default,"YF:YF,routine,with:default",YF,total,routine,COG,Congo,2006,0,0,default routine age,<NA>,0.6600000000000000310862,both,1
yf-routine-campaign-default,"YF:YF,routine,with:default",YF,total,routine,COG,Congo,2007,0,0,default routine age,<NA>,0.6300000000000000044409,both,1
yf-routine-campaign-default,"YF:YF,routine,with:default",YF,total,routine,COG,Congo,2008,0,0,default routine age,<NA>,0.670000000000000039968,both,1
yf-routine-campaign-default,"YF:YF,routine,with:default",YF,total,routine,COG,Congo,2009,0,0,default routine age,<NA>,0.6600000000000000310862,both,1
yf-routine-campaign-default,"YF:YF,routine,with:default",YF,total,routine,COG,Congo,2010,0,0,default routine age,<NA>,0.75,both,1
yf-routine-campaign-default,"YF:YF,routine,with:default",YF,total,routine,COG,Congo,2011,0,0,default routine age,<NA>,0.7399999999999999911182,both,1
yf-routine-campaign-default,"YF:YF,routine,with:default",YF,total,routine,COG,Congo,2012,0,0,default routine age,<NA>,0.6199999999999999955591,both,1
yf-routine-campaign-default,"YF:YF,routine,with:default",YF,total,routine,COG,Congo,2013,0,0,default routine age,<NA>,0.8000000000000000444089,both,1
yf-routine-campaign-default,"YF:YF,routine,with:default",YF,total,routine,COG,Congo,2014,0,0,default routine age,<NA>,0.8000000000000000444089,both,1
yf-routine-campaign-default,"YF:YF,routine,with:default",YF,total,routine,COG,Congo,2015,0,0,default routine age,<NA>,0.8000000000000000444089,both,1
yf-routine-campaign-default,"YF:YF,routine,with:default",YF,total,routine,COG,Congo,2016,0,0,default routine age,<NA>,0.5899999999999999689138,both,1
yf-routine-campaign-default,"YF:YF,routine,with:default",YF,total,routine,COG,Congo,2017,0,0,default routine age,<NA>,0.6300000000000000044409,both,1
yf-routine-campaign-default,"YF:YF,routine,with:default",YF,total,routine,COG,Congo,2018,0,0,default routine age,<NA>,0.6600000000000000310862,both,1
yf-routine-campaign-default,"YF:YF,routine,with:default",YF,total,routine,COG,Congo,2019,0,0,default routine age,<NA>,0.7099999999999999644729,both,1
yf-routine-campaign-default,"YF:YF,routine,with:default",YF,total,routine,COG,Congo,2020,0,0,default routine age,<NA>,0.6899999999999999467093,both,1
yf-routine-campaign-default,"YF:YF,routine,with:default",YF,total,routine,COG,Congo,2021,0,0,default routine age,<NA>,0.670000000000000039968,both,1
yf-routine-campaign-default,"YF:YF,routine,with:default",YF,total,routine,COG,Congo,2022,0,0,default routine age,<NA>,0.6099999999999999866773,both,1
yf-routine-campaign-default,"YF:YF,routine,with:default",YF,total,routine,COG,Congo,2023,0,0,<NA>,<NA>,0.628165395908094836841,both,1
yf-routine-campaign-default,"YF:YF,routine,with:default",YF,total,routine,COG,Congo,2024,0,0,<NA>,<NA>,0.6454846851277336039487,both,1
yf-routine-campaign-default,"YF:YF,routine,with:default",YF,total,routine,COG,Congo,2025,0,0,<NA>,<NA>,0.6619972775639839657202,both,1
yf-routine-campaign-default,"YF:YF,routine,with:default",YF,total,routine,COG,Congo,2026,0,0,<NA>,<NA>,0.67774074748978918592,both,1
yf-routine-campaign-default,"YF:YF,routine,with:default",YF,total,routine,COG,Congo,2027,0,0,<NA>,<NA>,0.6927509190459294474707,both,1
yf-routine-campaign-default,"YF:YF,routine,with:default",YF,total,routine,COG,Congo,2028,0,0,<NA>,<NA>,0.7070619477585677881137,both,1
yf-routine-campaign-default,"YF:YF,routine,with:default",YF,total,routine,COG,Congo,2029,0,0,<NA>,<NA>,0.7207063982598800322421,both,1
yf-routine-campaign-default,"YF:YF,routine,with:default",YF,total,routine,COG,Congo,2030,0,0,<NA>,<NA>,0.7337153183886160334737,both,1
yf-routine-campaign-default,"YF:YF,routine,with:default",YF,total,routine,COG,Congo,2031,0,0,<NA>,<NA>,0.7437153183886160423555,both,1
yf-routine-campaign-default,"YF:YF,routine,with:default",YF,total,routine,COG,Congo,2032,0,0,<NA>,<NA>,0.7537153183886160512372,both,1
yf-routine-campaign-default,"YF:YF,routine,with:default",YF,total,routine,COG,Congo,2033,0,0,<NA>,<NA>,0.763715318388616060119,both,1
yf-routine-campaign-default,"YF:YF,routine,with:default",YF,total,routine,COG,Congo,2034,0,0,<NA>,<NA>,0.7737153183886160690008,both,1
yf-routine-campaign-default,"YF:YF,routine,with:default",YF,total,routine,COG,Congo,2035,0,0,<NA>,<NA>,0.7837153183886160778826,both,1
yf-routine-campaign-default,"YF:YF,routine,with:default",YF,total,routine,COG,Congo,2036,0,0,<NA>,<NA>,0.7937153183886160867644,both,1
yf-routine-campaign-default,"YF:YF,routine,with:default",YF,total,routine,COG,Congo,2037,0,0,<NA>,<NA>,0.8037153183886160956462,both,1
yf-routine-campaign-default,"YF:YF,routine,with:default",YF,total,routine,COG,Congo,2038,0,0,<NA>,<NA>,0.8137153183886159935057,both,1
yf-routine-campaign-default,"YF:YF,routine,with:default",YF,total,routine,COG,Congo,2039,0,0,<NA>,<NA>,0.8237153183886160023874,both,1
yf-routine-campaign-default,"YF:YF,routine,with:default",YF,total,routine,COG,Congo,2040,0,0,<NA>,<NA>,0.8337153183886160112692,both,1
yf-routine-campaign-default,"YF:YF,routine,with:default",YF,total,routine,COG,Congo,2041,0,0,<NA>,<NA>,0.843715318388616020151,both,1
yf-routine-campaign-default,"YF:YF,routine,with:default",YF,total,routine,COG,Congo,2042,0,0,<NA>,<NA>,0.8537153183886160290328,both,1
yf-routine-campaign-default,"YF:YF,routine,with:default",YF,total,routine,COG,Congo,2043,0,0,<NA>,<NA>,0.8637153183886160379146,both,1
yf-routine-campaign-default,"YF:YF,routine,with:default",YF,total,routine,COG,Congo,2044,0,0,<NA>,<NA>,0.8737153183886160467964,both,1
yf-routine-campaign-default,"YF:YF,routine,with:default",YF,total,routine,COG,Congo,2045,0,0,<NA>,<NA>,0.8837153183886160556781,both,1
yf-routine-campaign-default,"YF:YF,routine,with:default",YF,total,routine,COG,Congo,2046,0,0,<NA>,<NA>,0.8937153183886160645599,both,1
yf-routine-campaign-default,"YF:YF,routine,with:default",YF,total,routine,COG,Congo,2047,0,0,<NA>,<NA>,0.9037153183886160734417,both,1
yf-routine-campaign-default,"YF:YF,routine,with:default",YF,total,routine,COG,Congo,2048,0,0,<NA>,<NA>,0.9137153183886159713012,both,1
yf-routine-campaign-default,"YF:YF,routine,with:default",YF,total,routine,COG,Congo,2049,0,0,<NA>,<NA>,0.923715318388615980183,both,1
yf-routine-campaign-default,"YF:YF,routine,with:default",YF,total,routine,COG,Congo,2050,0,0,<NA>,<NA>,0.9337153183886159890648,both,1
yf-routine-campaign-default,"YF:YF,routine,with:default",YF,total,routine,COG,Congo,2051,0,0,<NA>,<NA>,0.9437153183886159979465,both,1
yf-routine-campaign-default,"YF:YF,routine,with:default",YF,total,routine,COG,Congo,2052,0,0,<NA>,<NA>,0.9499999999999999555911,both,1
yf-routine-campaign-default,"YF:YF,routine,with:default",YF,total,routine,COG,Congo,2053,0,0,<NA>,<NA>,0.9499999999999999555911,both,1
yf-routine-campaign-default,"YF:YF,routine,with:default",YF,total,routine,COG,Congo,2054,0,0,<NA>,<NA>,0.9499999999999999555911,both,1
yf-routine-campaign-default,"YF:YF,routine,with:default",YF,total,routine,COG,Congo,2055,0,0,<NA>,<NA>,0.9499999999999999555911,both,1
yf-routine-campaign-default,"YF:YF,routine,with:default",YF,total,routine,COG,Congo,2056,0,0,<NA>,<NA>,0.9499999999999999555911,both,1
yf-routine-campaign-default,"YF:YF,routine,with:default",YF,total,routine,COG,Congo,2057,0,0,<NA>,<NA>,0.9499999999999999555911,both,1
yf-routine-campaign-default,"YF:YF,routine,with:default",YF,total,routine,COG,Congo,2058,0,0,<NA>,<NA>,0.9499999999999999555911,both,1
yf-routine-campaign-default,"YF:YF,routine,with:default",YF,total,routine,COG,Congo,2059,0,0,<NA>,<NA>,0.9499999999999999555911,both,1
yf-routine-campaign-default,"YF:YF,routine,with:default",YF,total,routine,COG,Congo,2060,0,0,<NA>,<NA>,0.9499999999999999555911,both,1
yf-routine-campaign-default,"YF:YF,routine,with:default",YF,total,routine,COG,Congo,2061,0,0,<NA>,<NA>,0.9499999999999999555911,both,1
yf-routine-campaign-default,"YF:YF,routine,with:default",YF,total,routine,COG,Congo,2062,0,0,<NA>,<NA>,0.9499999999999999555911,both,1
yf-routine-campaign-default,"YF:YF,routine,with:default",YF,total,routine,COG,Congo,2063,0,0,<NA>,<NA>,0.9499999999999999555911,both,1
yf-routine-campaign-default,"YF:YF,routine,with:default",YF,total,routine,COG,Congo,2064,0,0,<NA>,<NA>,0.9499999999999999555911,both,1
yf-routine-campaign-default,"YF:YF,routine,with:default",YF,total,routine,COG,Congo,2065,0,0,<NA>,<NA>,0.9499999999999999555911,both,1
yf-routine-campaign-default,"YF:YF,routine,with:default",YF,total,routine,COG,Congo,2066,0,0,<NA>,<NA>,0.9499999999999999555911,both,1
yf-routine-campaign-default,"YF:YF,routine,with:default",YF,total,routine,COG,Congo,2067,0,0,<NA>,<NA>,0.9499999999999999555911,both,1
yf-routine-campaign-default,"YF:YF,routine,with:default",YF,total,routine,COG,Congo,2068,0,0,<NA>,<NA>,0.9499999999999999555911,both,1
yf-routine-campaign-default,"YF:YF,routine,with:default",YF,total,routine,COG,Congo,2069,0,0,<NA>,<NA>,0.9499999999999999555911,both,1
yf-routine-campaign-default,"YF:YF,routine,with:default",YF,total,routine,COG,Congo,2070,0,0,<NA>,<NA>,0.9499999999999999555911,both,1
yf-routine-campaign-default,"YF:YF,routine,with:default",YF,total,routine,COG,Congo,2071,0,0,<NA>,<NA>,0.9499999999999999555911,both,1
yf-routine-campaign-default,"YF:YF,routine,with:default",YF,total,routine,COG,Congo,2072,0,0,<NA>,<NA>,0.9499999999999999555911,both,1
yf-routine-campaign-default,"YF:YF,routine,with:default",YF,total,routine,COG,Congo,2073,0,0,<NA>,<NA>,0.9499999999999999555911,both,1
yf-routine-campaign-default,"YF:YF,routine,with:default",YF,total,routine,COG,Congo,2074,0,0,<NA>,<NA>,0.9499999999999999555911,both,1
yf-routine-campaign-default,"YF:YF,routine,with:default",YF,total,routine,COG,Congo,2075,0,0,<NA>,<NA>,0.9499999999999999555911,both,1
yf-routine-campaign-default,"YF:YF,routine,with:default",YF,total,routine,COG,Congo,2076,0,0,<NA>,<NA>,0.9499999999999999555911,both,1
yf-routine-campaign-default,"YF:YF,routine,with:default",YF,total,routine,COG,Congo,2077,0,0,<NA>,<NA>,0.9499999999999999555911,both,1
yf-routine-campaign-default,"YF:YF,routine,with:default",YF,total,routine,COG,Congo,2078,0,0,<NA>,<NA>,0.9499999999999999555911,both,1
yf-routine-campaign-default,"YF:YF,routine,with:default",YF,total,routine,COG,Congo,2079,0,0,<NA>,<NA>,0.9499999999999999555911,both,1
yf-routine-campaign-default,"YF:YF,routine,with:default",YF,total,routine,COG,Congo,2080,0,0,<NA>,<NA>,0.9499999999999999555911,both,1
yf-routine-campaign-default,"YF:YF,routine,with:default",YF,total,routine,COG,Congo,2081,0,0,<NA>,<NA>,0.9499999999999999555911,both,1
yf-routine-campaign-default,"YF:YF,routine,with:default",YF,total,routine,COG,Congo,2082,0,0,<NA>,<NA>,0.9499999999999999555911,both,1
yf-routine-campaign-default,"YF:YF,routine,with:default",YF,total,routine,COG,Congo,2083,0,0,<NA>,<NA>,0.9499999999999999555911,both,1
yf-routine-campaign-default,"YF:YF,routine,with:default",YF,total,routine,COG,Congo,2084,0,0,<NA>,<NA>,0.9499999999999999555911,both,1
yf-routine-campaign-default,"YF:YF,routine,with:default",YF,total,routine,COG,Congo,2085,0,0,<NA>,<NA>,0.9499999999999999555911,both,1
yf-routine-campaign-default,"YF:YF,routine,with:default",YF,total,routine,COG,Congo,2086,0,0,<NA>,<NA>,0.9499999999999999555911,both,1
yf-routine-campaign-default,"YF:YF,routine,with:default",YF,total,routine,COG,Congo,2087,0,0,<NA>,<NA>,0.9499999999999999555911,both,1
yf-routine-campaign-default,"YF:YF,routine,with:default",YF,total,routine,COG,Congo,2088,0,0,<NA>,<NA>,0.9499999999999999555911,both,1
yf-routine-campaign-default,"YF:YF,routine,with:default",YF,total,routine,COG,Congo,2089,0,0,<NA>,<NA>,0.9499999999999999555911,both,1
yf-routine-campaign-default,"YF:YF,routine,with:default",YF,total,routine,COG,Congo,2090,0,0,<NA>,<NA>,0.9499999999999999555911,both,1
yf-routine-campaign-default,"YF:YF,routine,with:default",YF,total,routine,COG,Congo,2091,0,0,<NA>,<NA>,0.9499999999999999555911,both,1
yf-routine-campaign-default,"YF:YF,routine,with:default",YF,total,routine,COG,Congo,2092,0,0,<NA>,<NA>,0.9499999999999999555911,both,1
yf-routine-campaign-default,"YF:YF,routine,with:default",YF,total,routine,COG,Congo,2093,0,0,<NA>,<NA>,0.9499999999999999555911,both,1
yf-routine-campaign-default,"YF:YF,routine,with:default",YF,total,routine,COG,Congo,2094,0,0,<NA>,<NA>,0.9499999999999999555911,both,1
yf-routine-campaign-default,"YF:YF,routine,with:default",YF,total,routine,COG,Congo,2095,0,0,<NA>,<NA>,0.9499999999999999555911,both,1
yf-routine-campaign-default,"YF:YF,routine,with:default",YF,total,routine,COG,Congo,2096,0,0,<NA>,<NA>,0.9499999999999999555911,both,1
yf-routine-campaign-default,"YF:YF,routine,with:default",YF,total,routine,COG,Congo,2097,0,0,<NA>,<NA>,0.9499999999999999555911,both,1
yf-routine-campaign-default,"YF:YF,routine,with:default",YF,total,routine,COG,Congo,2098,0,0,<NA>,<NA>,0.9499999999999999555911,both,1
yf-routine-campaign-default,"YF:YF,routine,with:default",YF,total,routine,COG,Congo,2099,0,0,<NA>,<NA>,0.9499999999999999555911,both,1
yf-routine-campaign-default,"YF:YF,routine,with:default",YF,total,routine,COG,Congo,2100,0,0,<NA>,<NA>,0.9499999999999999555911,both,1
yf-routine-campaign-default,"YF:YF,routine,with:default",YF,total,routine,COL,Colombia,2006,0,0,default routine age,<NA>,0.8800000000000000044409,both,1
yf-routine-campaign-default,"YF:YF,routine,with:default",YF,total,routine,COL,Colombia,2007,0,0,default routine age,<NA>,0.8399999999999999689138,both,1
yf-routine-campaign-default,"YF:YF,routine,with:default",YF,total,routine,COL,Colombia,2008,0,0,default routine age,<NA>,0.8100000000000000532907,both,1
yf-routine-campaign-default,"YF:YF,routine,with:default",YF,total,routine,COL,Colombia,2009,0,0,default routine age,<NA>,0.8000000000000000444089,both,1
yf-routine-campaign-default,"YF:YF,routine,with:default",YF,total,routine,COL,Colombia,2010,0,0,default routine age,<NA>,0.7900000000000000355271,both,1
yf-routine-campaign-default,"YF:YF,routine,with:default",YF,total,routine,COL,Colombia,2011,0,0,default routine age,<NA>,0.8800000000000000044409,both,1
yf-routine-campaign-default,"YF:YF,routine,with:default",YF,total,routine,COL,Colombia,2012,0,0,default routine age,<NA>,0.920000000000000039968,both,1
yf-routine-campaign-default,"YF:YF,routine,with:default",YF,total,routine,COL,Colombia,2013,0,0,default routine age,<NA>,0.920000000000000039968,both,1
yf-routine-campaign-default,"YF:YF,routine,with:default",YF,total,routine,COL,Colombia,2014,0,0,default routine age,<NA>,0.920000000000000039968,both,1
yf-routine-campaign-default,"YF:YF,routine,with:default",YF,total,routine,COL,Colombia,2015,0,0,default routine age,<NA>,0.8499999999999999777955,both,1
yf-routine-campaign-default,"YF:YF,routine,with:default",YF,total,routine,COL,Colombia,2016,0,0,default routine age,<NA>,0.7700000000000000177636,both,1
yf-routine-campaign-default,"YF:YF,routine,with:default",YF,total,routine,COL,Colombia,2017,0,0,default routine age,<NA>,0.8800000000000000044409,both,1
yf-routine-campaign-default,"YF:YF,routine,with:default",YF,total,routine,COL,Colombia,2018,0,0,default routine age,<NA>,0.8699999999999999955591,both,1
yf-routine-campaign-default,"YF:YF,routine,with:default",YF,total,routine,COL,Colombia,2019,0,0,default routine age,<NA>,0.9000000000000000222045,both,1
yf-routine-campaign-default,"YF:YF,routine,with:default",YF,total,routine,COL,Colombia,2020,0,0,default routine age,<NA>,0.8399999999999999689138,both,1
yf-routine-campaign-default,"YF:YF,routine,with:default",YF,total,routine,COL,Colombia,2021,0,0,default routine age,<NA>,0.8599999999999999866773,both,1
yf-routine-campaign-default,"YF:YF,routine,with:default",YF,total,routine,COL,Colombia,2022,0,0,default routine age,<NA>,0.75,both,1
yf-routine-campaign-default,"YF:YF,routine,with:default",YF,total,routine,COL,Colombia,2023,0,0,<NA>,<NA>,0.7624610227091559444546,both,1
yf-routine-campaign-default,"YF:YF,routine,with:default",YF,total,routine,COL,Colombia,2024,0,0,<NA>,<NA>,0.7743009370704794225304,both,1
yf-routine-campaign-default,"YF:YF,routine,with:default",YF,total,routine,COL,Colombia,2025,0,0,<NA>,<NA>,0.7855507016648792806279,both,1
yf-routine-campaign-default,"YF:YF,routine,with:default",YF,total,routine,COL,Colombia,2026,0,0,<NA>,<NA>,0.7962397319709452192527,both,1
yf-routine-campaign-default,"YF:YF,routine,with:default",YF,total,routine,COL,Colombia,2027,0,0,<NA>,<NA>,0.8063959772794802027818,both,1
yf-routine-campaign-default,"YF:YF,routine,with:default",YF,total,routine,COL,Colombia,2028,0,0,<NA>,<NA>,0.8160459937742974290131,both,1
yf-routine-campaign-default,"YF:YF,routine,with:default",YF,total,routine,COL,Colombia,2029,0,0,<NA>,<NA>,0.8252150139703722242501,both,1
yf-routine-campaign-default,"YF:YF,routine,with:default",YF,total,routine,COL,Colombia,2030,0,0,<NA>,<NA>,0.8339270126909109626112,both,1
yf-routine-campaign-default,"YF:YF,routine,with:default",YF,total,routine,COL,Colombia,2031,0,0,<NA>,<NA>,0.843927012690910971493,both,1
yf-routine-campaign-default,"YF:YF,routine,with:default",YF,total,routine,COL,Colombia,2032,0,0,<NA>,<NA>,0.8539270126909109803748,both,1
yf-routine-campaign-default,"YF:YF,routine,with:default",YF,total,routine,COL,Colombia,2033,0,0,<NA>,<NA>,0.8639270126909109892566,both,1
yf-routine-campaign-default,"YF:YF,routine,with:default",YF,total,routine,COL,Colombia,2034,0,0,<NA>,<NA>,0.8739270126909109981383,both,1
yf-routine-campaign-default,"YF:YF,routine,with:default",YF,total,routine,COL,Colombia,2035,0,0,<NA>,<NA>,0.8839270126909110070201,both,1
yf-routine-campaign-default,"YF:YF,routine,with:default",YF,total,routine,COL,Colombia,2036,0,0,<NA>,<NA>,0.8939270126909109048796,both,1
yf-routine-campaign-default,"YF:YF,routine,with:default",YF,total,routine,COL,Colombia,2037,0,0,<NA>,<NA>,0.9039270126909109137614,both,1
yf-routine-campaign-default,"YF:YF,routine,with:default",YF,total,routine,COL,Colombia,2038,0,0,<NA>,<NA>,0.9139270126909109226432,both,1
yf-routine-campaign-default,"YF:YF,routine,with:default",YF,total,routine,COL,Colombia,2039,0,0,<NA>,<NA>,0.923927012690910931525,both,1
yf-routine-campaign-default,"YF:YF,routine,with:default",YF,total,routine,COL,Colombia,2040,0,0,<NA>,<NA>,0.9339270126909109404068,both,1
yf-routine-campaign-default,"YF:YF,routine,with:default",YF,total,routine,COL,Colombia,2041,0,0,<NA>,<NA>,0.9439270126909109492885,both,1
yf-routine-campaign-default,"YF:YF,routine,with:default",YF,total,routine,COL,Colombia,2042,0,0,<NA>,<NA>,0.9499999999999999555911,both,1
yf-routine-campaign-default,"YF:YF,routine,with:default",YF,total,routine,COL,Colombia,2043,0,0,<NA>,<NA>,0.9499999999999999555911,both,1
yf-routine-campaign-default,"YF:YF,routine,with:default",YF,total,routine,COL,Colombia,2044,0,0,<NA>,<NA>,0.9499999999999999555911,both,1
yf-routine-campaign-default,"YF:YF,routine,with:default",YF,total,routine,COL,Colombia,2045,0,0,<NA>,<NA>,0.9499999999999999555911,both,1
yf-routine-campaign-default,"YF:YF,routine,with:default",YF,total,routine,COL,Colombia,2046,0,0,<NA>,<NA>,0.9499999999999999555911,both,1
yf-routine-campaign-default,"YF:YF,routine,with:default",YF,total,routine,COL,Colombia,2047,0,0,<NA>,<NA>,0.9499999999999999555911,both,1
yf-routine-campaign-default,"YF:YF,routine,with:default",YF,total,routine,COL,Colombia,2048,0,0,<NA>,<NA>,0.9499999999999999555911,both,1
yf-routine-campaign-default,"YF:YF,routine,with:default",YF,total,routine,COL,Colombia,2049,0,0,<NA>,<NA>,0.9499999999999999555911,both,1
yf-routine-campaign-default,"YF:YF,routine,with:default",YF,total,routine,COL,Colombia,2050,0,0,<NA>,<NA>,0.9499999999999999555911,both,1
yf-routine-campaign-default,"YF:YF,routine,with:default",YF,total,routine,COL,Colombia,2051,0,0,<NA>,<NA>,0.9499999999999999555911,both,1
yf-routine-campaign-default,"YF:YF,routine,with:default",YF,total,routine,COL,Colombia,2052,0,0,<NA>,<NA>,0.9499999999999999555911,both,1
yf-routine-campaign-default,"YF:YF,routine,with:default",YF,total,routine,COL,Colombia,2053,0,0,<NA>,<NA>,0.9499999999999999555911,both,1
yf-routine-campaign-default,"YF:YF,routine,with:default",YF,total,routine,COL,Colombia,2054,0,0,<NA>,<NA>,0.9499999999999999555911,both,1
yf-routine-campaign-default,"YF:YF,routine,with:default",YF,total,routine,COL,Colombia,2055,0,0,<NA>,<NA>,0.9499999999999999555911,both,1
yf-routine-campaign-default,"YF:YF,routine,with:default",YF,total,routine,COL,Colombia,2056,0,0,<NA>,<NA>,0.9499999999999999555911,both,1
yf-routine-campaign-default,"YF:YF,routine,with:default",YF,total,routine,COL,Colombia,2057,0,0,<NA>,<NA>,0.9499999999999999555911,both,1
yf-routine-campaign-default,"YF:YF,routine,with:default",YF,total,routine,COL,Colombia,2058,0,0,<NA>,<NA>,0.9499999999999999555911,both,1
yf-routine-campaign-default,"YF:YF,routine,with:default",YF,total,routine,COL,Colombia,2059,0,0,<NA>,<NA>,0.9499999999999999555911,both,1
yf-routine-campaign-default,"YF:YF,routine,with:default",YF,total,routine,COL,Colombia,2060,0,0,<NA>,<NA>,0.9499999999999999555911,both,1
yf-routine-campaign-default,"YF:YF,routine,with:default",YF,total,routine,COL,Colombia,2061,0,0,<NA>,<NA>,0.9499999999999999555911,both,1
yf-routine-campaign-default,"YF:YF,routine,with:default",YF,total,routine,COL,Colombia,2062,0,0,<NA>,<NA>,0.9499999999999999555911,both,1
yf-routine-campaign-default,"YF:YF,routine,with:default",YF,total,routine,COL,Colombia,2063,0,0,<NA>,<NA>,0.9499999999999999555911,both,1
yf-routine-campaign-default,"YF:YF,routine,with:default",YF,total,routine,COL,Colombia,2064,0,0,<NA>,<NA>,0.9499999999999999555911,both,1
yf-routine-campaign-default,"YF:YF,routine,with:default",YF,total,routine,COL,Colombia,2065,0,0,<NA>,<NA>,0.9499999999999999555911,both,1
yf-routine-campaign-default,"YF:YF,routine,with:default",YF,total,routine,COL,Colombia,2066,0,0,<NA>,<NA>,0.9499999999999999555911,both,1
yf-routine-campaign-default,"YF:YF,routine,with:default",YF,total,routine,COL,Colombia,2067,0,0,<NA>,<NA>,0.9499999999999999555911,both,1
yf-routine-campaign-default,"YF:YF,routine,with:default",YF,total,routine,COL,Colombia,2068,0,0,<NA>,<NA>,0.9499999999999999555911,both,1
yf-routine-campaign-default,"YF:YF,routine,with:default",YF,total,routine,COL,Colombia,2069,0,0,<NA>,<NA>,0.9499999999999999555911,both,1
yf-routine-campaign-default,"YF:YF,routine,with:default",YF,total,routine,COL,Colombia,2070,0,0,<NA>,<NA>,0.9499999999999999555911,both,1
yf-routine-campaign-default,"YF:YF,routine,with:default",YF,total,routine,COL,Colombia,2071,0,0,<NA>,<NA>,0.9499999999999999555911,both,1
yf-routine-campaign-default,"YF:YF,routine,with:default",YF,total,routine,COL,Colombia,2072,0,0,<NA>,<NA>,0.9499999999999999555911,both,1
yf-routine-campaign-default,"YF:YF,routine,with:default",YF,total,routine,COL,Colombia,2073,0,0,<NA>,<NA>,0.9499999999999999555911,both,1
yf-routine-campaign-default,"YF:YF,routine,with:default",YF,total,routine,COL,Colombia,2074,0,0,<NA>,<NA>,0.9499999999999999555911,both,1
yf-routine-campaign-default,"YF:YF,routine,with:default",YF,total,routine,COL,Colombia,2075,0,0,<NA>,<NA>,0.9499999999999999555911,both,1
yf-routine-campaign-default,"YF:YF,routine,with:default",YF,total,routine,COL,Colombia,2076,0,0,<NA>,<NA>,0.9499999999999999555911,both,1
yf-routine-campaign-default,"YF:YF,routine,with:default",YF,total,routine,COL,Colombia,2077,0,0,<NA>,<NA>,0.9499999999999999555911,both,1
yf-routine-campaign-default,"YF:YF,routine,with:default",YF,total,routine,COL,Colombia,2078,0,0,<NA>,<NA>,0.9499999999999999555911,both,1
yf-routine-campaign-default,"YF:YF,routine,with:default",YF,total,routine,COL,Colombia,2079,0,0,<NA>,<NA>,0.9499999999999999555911,both,1
yf-routine-campaign-default,"YF:YF,routine,with:default",YF,total,routine,COL,Colombia,2080,0,0,<NA>,<NA>,0.9499999999999999555911,both,1
yf-routine-campaign-default,"YF:YF,routine,with:default",YF,total,routine,COL,Colombia,2081,0,0,<NA>,<NA>,0.9499999999999999555911,both,1
yf-routine-campaign-default,"YF:YF,routine,with:default",YF,total,routine,COL,Colombia,2082,0,0,<NA>,<NA>,0.9499999999999999555911,both,1
yf-routine-campaign-default,"YF:YF,routine,with:default",YF,total,routine,COL,Colombia,2083,0,0,<NA>,<NA>,0.9499999999999999555911,both,1
yf-routine-campaign-default,"YF:YF,routine,with:default",YF,total,routine,COL,Colombia,2084,0,0,<NA>,<NA>,0.9499999999999999555911,both,1
yf-routine-campaign-default,"YF:YF,routine,with:default",YF,total,routine,COL,Colombia,2085,0,0,<NA>,<NA>,0.9499999999999999555911,both,1
yf-routine-campaign-default,"YF:YF,routine,with:default",YF,total,routine,COL,Colombia,2086,0,0,<NA>,<NA>,0.9499999999999999555911,both,1
yf-routine-campaign-default,"YF:YF,routine,with:default",YF,total,routine,COL,Colombia,2087,0,0,<NA>,<NA>,0.9499999999999999555911,both,1
yf-routine-campaign-default,"YF:YF,routine,with:default",YF,total,routine,COL,Colombia,2088,0,0,<NA>,<NA>,0.9499999999999999555911,both,1
yf-routine-campaign-default,"YF:YF,routine,with:default",YF,total,routine,COL,Colombia,2089,0,0,<NA>,<NA>,0.9499999999999999555911,both,1
yf-routine-campaign-default,"YF:YF,routine,with:default",YF,total,routine,COL,Colombia,2090,0,0,<NA>,<NA>,0.9499999999999999555911,both,1
yf-routine-campaign-default,"YF:YF,routine,with:default",YF,total,routine,COL,Colombia,2091,0,0,<NA>,<NA>,0.9499999999999999555911,both,1
yf-routine-campaign-default,"YF:YF,routine,with:default",YF,total,routine,COL,Colombia,2092,0,0,<NA>,<NA>,0.9499999999999999555911,both,1
yf-routine-campaign-default,"YF:YF,routine,with:default",YF,total,routine,COL,Colombia,2093,0,0,<NA>,<NA>,0.9499999999999999555911,both,1
yf-routine-campaign-default,"YF:YF,routine,with:default",YF,total,routine,COL,Colombia,2094,0,0,<NA>,<NA>,0.9499999999999999555911,both,1
yf-routine-campaign-default,"YF:YF,routine,with:default",YF,total,routine,COL,Colombia,2095,0,0,<NA>,<NA>,0.9499999999999999555911,both,1
yf-routine-campaign-default,"YF:YF,routine,with:default",YF,total,routine,COL,Colombia,2096,0,0,<NA>,<NA>,0.9499999999999999555911,both,1
yf-routine-campaign-default,"YF:YF,routine,with:default",YF,total,routine,COL,Colombia,2097,0,0,<NA>,<NA>,0.9499999999999999555911,both,1
yf-routine-campaign-default,"YF:YF,routine,with:default",YF,total,routine,COL,Colombia,2098,0,0,<NA>,<NA>,0.9499999999999999555911,both,1
yf-routine-campaign-default,"YF:YF,routine,with:default",YF,total,routine,COL,Colombia,2099,0,0,<NA>,<NA>,0.9499999999999999555911,both,1
yf-routine-campaign-default,"YF:YF,routine,with:default",YF,total,routine,COL,Colombia,2100,0,0,<NA>,<NA>,0.9499999999999999555911,both,1
yf-routine-campaign-default,"YF:YF,routine,with:default",YF,total,routine,ECU,Ecuador,2000,0,0,default routine age,<NA>,0.0500000000000000027756,both,1
yf-routine-campaign-default,"YF:YF,routine,with:default",YF,total,routine,ECU,Ecuador,2001,0,0,default routine age,<NA>,0.0500000000000000027756,both,1
yf-routine-campaign-default,"YF:YF,routine,with:default",YF,total,routine,ECU,Ecuador,2002,0,0,default routine age,<NA>,0.0500000000000000027756,both,1
yf-routine-campaign-default,"YF:YF,routine,with:default",YF,total,routine,ECU,Ecuador,2003,0,0,default routine age,<NA>,0.0500000000000000027756,both,1
yf-routine-campaign-default,"YF:YF,routine,with:default",YF,total,routine,ECU,Ecuador,2004,0,0,default routine age,<NA>,0.0500000000000000027756,both,1
yf-routine-campaign-default,"YF:YF,routine,with:default",YF,total,routine,ECU,Ecuador,2005,0,0,default routine age,<NA>,0.0500000000000000027756,both,1
yf-routine-campaign-default,"YF:YF,routine,with:default",YF,total,routine,ECU,Ecuador,2006,0,0,default routine age,<NA>,0.0500000000000000027756,both,1
yf-routine-campaign-default,"YF:YF,routine,with:default",YF,total,routine,ECU,Ecuador,2007,0,0,default routine age,<NA>,0.0500000000000000027756,both,1
yf-routine-campaign-default,"YF:YF,routine,with:default",YF,total,routine,ECU,Ecuador,2008,0,0,default routine age,<NA>,0.0500000000000000027756,both,1
yf-routine-campaign-default,"YF:YF,routine,with:default",YF,total,routine,ECU,Ecuador,2009,0,0,default routine age,<NA>,0.0500000000000000027756,both,1
yf-routine-campaign-default,"YF:YF,routine,with:default",YF,total,routine,ECU,Ecuador,2010,0,0,default routine age,<NA>,0.8100000000000000532907,both,1
yf-routine-campaign-default,"YF:YF,routine,with:default",YF,total,routine,ECU,Ecuador,2011,0,0,default routine age,<NA>,0.7399999999999999911182,both,1
yf-routine-campaign-default,"YF:YF,routine,with:default",YF,total,routine,ECU,Ecuador,2012,0,0,default routine age,<NA>,0.7399999999999999911182,both,1
yf-routine-campaign-default,"YF:YF,routine,with:default",YF,total,routine,ECU,Ecuador,2013,0,0,default routine age,<NA>,0.7299999999999999822364,both,1
yf-routine-campaign-default,"YF:YF,routine,with:default",YF,total,routine,ECU,Ecuador,2014,0,0,default routine age,<NA>,0.8599999999999999866773,both,1
yf-routine-campaign-default,"YF:YF,routine,with:default",YF,total,routine,ECU,Ecuador,2015,0,0,default routine age,<NA>,0.7800000000000000266454,both,1
yf-routine-campaign-default,"YF:YF,routine,with:default",YF,total,routine,ECU,Ecuador,2016,0,0,default routine age,<NA>,0.8100000000000000532907,both,1
yf-routine-campaign-default,"YF:YF,routine,with:default",YF,total,routine,ECU,Ecuador,2017,0,0,default routine age,<NA>,0.8399999999999999689138,both,1
yf-routine-campaign-default,"YF:YF,routine,with:default",YF,total,routine,ECU,Ecuador,2018,0,0,default routine age,<NA>,0.8499999999999999777955,both,1
yf-routine-campaign-default,"YF:YF,routine,with:default",YF,total,routine,ECU,Ecuador,2019,0,0,default routine age,<NA>,0.8399999999999999689138,both,1
yf-routine-campaign-default,"YF:YF,routine,with:default",YF,total,routine,ECU,Ecuador,2020,0,0,default routine age,<NA>,0.7900000000000000355271,both,1
yf-routine-campaign-default,"YF:YF,routine,with:default",YF,total,routine,ECU,Ecuador,2021,0,0,default routine age,<NA>,0.6999999999999999555911,both,1
yf-routine-campaign-default,"YF:YF,routine,with:default",YF,total,routine,ECU,Ecuador,2022,0,0,default routine age,<NA>,0.6999999999999999555911,both,1
yf-routine-campaign-default,"YF:YF,routine,with:default",YF,total,routine,ECU,Ecuador,2023,0,0,<NA>,<NA>,0.7162023111460196211908,both,1
yf-routine-campaign-default,"YF:YF,routine,with:default",YF,total,routine,ECU,Ecuador,2024,0,0,<NA>,<NA>,0.7315295726704644785343,both,1
yf-routine-campaign-default,"YF:YF,routine,with:default",YF,total,routine,ECU,Ecuador,2025,0,0,<NA>,<NA>,0.7460290439941246187772,both,1
yf-routine-campaign-default,"YF:YF,routine,with:default",YF,total,routine,ECU,Ecuador,2026,0,0,<NA>,<NA>,0.7597454321649887987178,both,1
yf-routine-campaign-default,"YF:YF,routine,with:default",YF,total,routine,ECU,Ecuador,2027,0,0,<NA>,<NA>,0.7727210297060399524227,both,1
yf-routine-campaign-default,"YF:YF,routine,with:default",YF,total,routine,ECU,Ecuador,2028,0,0,<NA>,<NA>,0.7849958450182056290956,both,1
yf-routine-campaign-default,"YF:YF,routine,with:default",YF,total,routine,ECU,Ecuador,2029,0,0,<NA>,<NA>,0.7966077257405458356132,both,1
yf-routine-campaign-default,"YF:YF,routine,with:default",YF,total,routine,ECU,Ecuador,2030,0,0,<NA>,<NA>,0.8075924754480400258316,both,1
yf-routine-campaign-default,"YF:YF,routine,with:default",YF,total,routine,ECU,Ecuador,2031,0,0,<NA>,<NA>,0.8175924754480400347134,both,1
yf-routine-campaign-default,"YF:YF,routine,with:default",YF,total,routine,ECU,Ecuador,2032,0,0,<NA>,<NA>,0.8275924754480400435952,both,1
yf-routine-campaign-default,"YF:YF,routine,with:default",YF,total,routine,ECU,Ecuador,2033,0,0,<NA>,<NA>,0.837592475448040052477,both,1
yf-routine-campaign-default,"YF:YF,routine,with:default",YF,total,routine,ECU,Ecuador,2034,0,0,<NA>,<NA>,0.8475924754480400613588,both,1
yf-routine-campaign-default,"YF:YF,routine,with:default",YF,total,routine,ECU,Ecuador,2035,0,0,<NA>,<NA>,0.8575924754480400702406,both,1
yf-routine-campaign-default,"YF:YF,routine,with:default",YF,total,routine,ECU,Ecuador,2036,0,0,<NA>,<NA>,0.8675924754480399681,both,1
yf-routine-campaign-default,"YF:YF,routine,with:default",YF,total,routine,ECU,Ecuador,2037,0,0,<NA>,<NA>,0.8775924754480399769818,both,1
yf-routine-campaign-default,"YF:YF,routine,with:default",YF,total,routine,ECU,Ecuador,2038,0,0,<NA>,<NA>,0.8875924754480399858636,both,1
yf-routine-campaign-default,"YF:YF,routine,with:default",YF,total,routine,ECU,Ecuador,2039,0,0,<NA>,<NA>,0.8975924754480399947454,both,1
yf-routine-campaign-default,"YF:YF,routine,with:default",YF,total,routine,ECU,Ecuador,2040,0,0,<NA>,<NA>,0.9075924754480400036272,both,1
yf-routine-campaign-default,"YF:YF,routine,with:default",YF,total,routine,ECU,Ecuador,2041,0,0,<NA>,<NA>,0.917592475448040012509,both,1
yf-routine-campaign-default,"YF:YF,routine,with:default",YF,total,routine,ECU,Ecuador,2042,0,0,<NA>,<NA>,0.9275924754480400213907,both,1
yf-routine-campaign-default,"YF:YF,routine,with:default",YF,total,routine,ECU,Ecuador,2043,0,0,<NA>,<NA>,0.9375924754480400302725,both,1
yf-routine-campaign-default,"YF:YF,routine,with:default",YF,total,routine,ECU,Ecuador,2044,0,0,<NA>,<NA>,0.9475924754480400391543,both,1
yf-routine-campaign-default,"YF:YF,routine,with:default",YF,total,routine,ECU,Ecuador,2045,0,0,<NA>,<NA>,0.9499999999999999555911,both,1
yf-routine-campaign-default,"YF:YF,routine,with:default",YF,total,routine,ECU,Ecuador,2046,0,0,<NA>,<NA>,0.9499999999999999555911,both,1
yf-routine-campaign-default,"YF:YF,routine,with:default",YF,total,routine,ECU,Ecuador,2047,0,0,<NA>,<NA>,0.9499999999999999555911,both,1
yf-routine-campaign-default,"YF:YF,routine,with:default",YF,total,routine,ECU,Ecuador,2048,0,0,<NA>,<NA>,0.9499999999999999555911,both,1
yf-routine-campaign-default,"YF:YF,routine,with:default",YF,total,routine,ECU,Ecuador,2049,0,0,<NA>,<NA>,0.9499999999999999555911,both,1
yf-routine-campaign-default,"YF:YF,routine,with:default",YF,total,routine,ECU,Ecuador,2050,0,0,<NA>,<NA>,0.9499999999999999555911,both,1
yf-routine-campaign-default,"YF:YF,routine,with:default",YF,total,routine,ECU,Ecuador,2051,0,0,<NA>,<NA>,0.9499999999999999555911,both,1
yf-routine-campaign-default,"YF:YF,routine,with:default",YF,total,routine,ECU,Ecuador,2052,0,0,<NA>,<NA>,0.9499999999999999555911,both,1
yf-routine-campaign-default,"YF:YF,routine,with:default",YF,total,routine,ECU,Ecuador,2053,0,0,<NA>,<NA>,0.9499999999999999555911,both,1
yf-routine-campaign-default,"YF:YF,routine,with:default",YF,total,routine,ECU,Ecuador,2054,0,0,<NA>,<NA>,0.9499999999999999555911,both,1
yf-routine-campaign-default,"YF:YF,routine,with:default",YF,total,routine,ECU,Ecuador,2055,0,0,<NA>,<NA>,0.9499999999999999555911,both,1
yf-routine-campaign-default,"YF:YF,routine,with:default",YF,total,routine,ECU,Ecuador,2056,0,0,<NA>,<NA>,0.9499999999999999555911,both,1
yf-routine-campaign-default,"YF:YF,routine,with:default",YF,total,routine,ECU,Ecuador,2057,0,0,<NA>,<NA>,0.9499999999999999555911,both,1
yf-routine-campaign-default,"YF:YF,routine,with:default",YF,total,routine,ECU,Ecuador,2058,0,0,<NA>,<NA>,0.9499999999999999555911,both,1
yf-routine-campaign-default,"YF:YF,routine,with:default",YF,total,routine,ECU,Ecuador,2059,0,0,<NA>,<NA>,0.9499999999999999555911,both,1
yf-routine-campaign-default,"YF:YF,routine,with:default",YF,total,routine,ECU,Ecuador,2060,0,0,<NA>,<NA>,0.9499999999999999555911,both,1
yf-routine-campaign-default,"YF:YF,routine,with:default",YF,total,routine,ECU,Ecuador,2061,0,0,<NA>,<NA>,0.9499999999999999555911,both,1
yf-routine-campaign-default,"YF:YF,routine,with:default",YF,total,routine,ECU,Ecuador,2062,0,0,<NA>,<NA>,0.9499999999999999555911,both,1
yf-routine-campaign-default,"YF:YF,routine,with:default",YF,total,routine,ECU,Ecuador,2063,0,0,<NA>,<NA>,0.9499999999999999555911,both,1
yf-routine-campaign-default,"YF:YF,routine,with:default",YF,total,routine,ECU,Ecuador,2064,0,0,<NA>,<NA>,0.9499999999999999555911,both,1
yf-routine-campaign-default,"YF:YF,routine,with:default",YF,total,routine,ECU,Ecuador,2065,0,0,<NA>,<NA>,0.9499999999999999555911,both,1
yf-routine-campaign-default,"YF:YF,routine,with:default",YF,total,routine,ECU,Ecuador,2066,0,0,<NA>,<NA>,0.9499999999999999555911,both,1
yf-routine-campaign-default,"YF:YF,routine,with:default",YF,total,routine,ECU,Ecuador,2067,0,0,<NA>,<NA>,0.9499999999999999555911,both,1
yf-routine-campaign-default,"YF:YF,routine,with:default",YF,total,routine,ECU,Ecuador,2068,0,0,<NA>,<NA>,0.9499999999999999555911,both,1
yf-routine-campaign-default,"YF:YF,routine,with:default",YF,total,routine,ECU,Ecuador,2069,0,0,<NA>,<NA>,0.9499999999999999555911,both,1
yf-routine-campaign-default,"YF:YF,routine,with:default",YF,total,routine,ECU,Ecuador,2070,0,0,<NA>,<NA>,0.9499999999999999555911,both,1
yf-routine-campaign-default,"YF:YF,routine,with:default",YF,total,routine,ECU,Ecuador,2071,0,0,<NA>,<NA>,0.9499999999999999555911,both,1
yf-routine-campaign-default,"YF:YF,routine,with:default",YF,total,routine,ECU,Ecuador,2072,0,0,<NA>,<NA>,0.9499999999999999555911,both,1
yf-routine-campaign-default,"YF:YF,routine,with:default",YF,total,routine,ECU,Ecuador,2073,0,0,<NA>,<NA>,0.9499999999999999555911,both,1
yf-routine-campaign-default,"YF:YF,routine,with:default",YF,total,routine,ECU,Ecuador,2074,0,0,<NA>,<NA>,0.9499999999999999555911,both,1
yf-routine-campaign-default,"YF:YF,routine,with:default",YF,total,routine,ECU,Ecuador,2075,0,0,<NA>,<NA>,0.9499999999999999555911,both,1
yf-routine-campaign-default,"YF:YF,routine,with:default",YF,total,routine,ECU,Ecuador,2076,0,0,<NA>,<NA>,0.9499999999999999555911,both,1
yf-routine-campaign-default,"YF:YF,routine,with:default",YF,total,routine,ECU,Ecuador,2077,0,0,<NA>,<NA>,0.9499999999999999555911,both,1
yf-routine-campaign-default,"YF:YF,routine,with:default",YF,total,routine,ECU,Ecuador,2078,0,0,<NA>,<NA>,0.9499999999999999555911,both,1
yf-routine-campaign-default,"YF:YF,routine,with:default",YF,total,routine,ECU,Ecuador,2079,0,0,<NA>,<NA>,0.9499999999999999555911,both,1
yf-routine-campaign-default,"YF:YF,routine,with:default",YF,total,routine,ECU,Ecuador,2080,0,0,<NA>,<NA>,0.9499999999999999555911,both,1
yf-routine-campaign-default,"YF:YF,routine,with:default",YF,total,routine,ECU,Ecuador,2081,0,0,<NA>,<NA>,0.9499999999999999555911,both,1
yf-routine-campaign-default,"YF:YF,routine,with:default",YF,total,routine,ECU,Ecuador,2082,0,0,<NA>,<NA>,0.9499999999999999555911,both,1
yf-routine-campaign-default,"YF:YF,routine,with:default",YF,total,routine,ECU,Ecuador,2083,0,0,<NA>,<NA>,0.9499999999999999555911,both,1
yf-routine-campaign-default,"YF:YF,routine,with:default",YF,total,routine,ECU,Ecuador,2084,0,0,<NA>,<NA>,0.9499999999999999555911,both,1
yf-routine-campaign-default,"YF:YF,routine,with:default",YF,total,routine,ECU,Ecuador,2085,0,0,<NA>,<NA>,0.9499999999999999555911,both,1
yf-routine-campaign-default,"YF:YF,routine,with:default",YF,total,routine,ECU,Ecuador,2086,0,0,<NA>,<NA>,0.9499999999999999555911,both,1
yf-routine-campaign-default,"YF:YF,routine,with:default",YF,total,routine,ECU,Ecuador,2087,0,0,<NA>,<NA>,0.9499999999999999555911,both,1
yf-routine-campaign-default,"YF:YF,routine,with:default",YF,total,routine,ECU,Ecuador,2088,0,0,<NA>,<NA>,0.9499999999999999555911,both,1
yf-routine-campaign-default,"YF:YF,routine,with:default",YF,total,routine,ECU,Ecuador,2089,0,0,<NA>,<NA>,0.9499999999999999555911,both,1
yf-routine-campaign-default,"YF:YF,routine,with:default",YF,total,routine,ECU,Ecuador,2090,0,0,<NA>,<NA>,0.9499999999999999555911,both,1
yf-routine-campaign-default,"YF:YF,routine,with:default",YF,total,routine,ECU,Ecuador,2091,0,0,<NA>,<NA>,0.9499999999999999555911,both,1
yf-routine-campaign-default,"YF:YF,routine,with:default",YF,total,routine,ECU,Ecuador,2092,0,0,<NA>,<NA>,0.9499999999999999555911,both,1
yf-routine-campaign-default,"YF:YF,routine,with:default",YF,total,routine,ECU,Ecuador,2093,0,0,<NA>,<NA>,0.9499999999999999555911,both,1
yf-routine-campaign-default,"YF:YF,routine,with:default",YF,total,routine,ECU,Ecuador,2094,0,0,<NA>,<NA>,0.9499999999999999555911,both,1
yf-routine-campaign-default,"YF:YF,routine,with:default",YF,total,routine,ECU,Ecuador,2095,0,0,<NA>,<NA>,0.9499999999999999555911,both,1
yf-routine-campaign-default,"YF:YF,routine,with:default",YF,total,routine,ECU,Ecuador,2096,0,0,<NA>,<NA>,0.9499999999999999555911,both,1
yf-routine-campaign-default,"YF:YF,routine,with:default",YF,total,routine,ECU,Ecuador,2097,0,0,<NA>,<NA>,0.9499999999999999555911,both,1
yf-routine-campaign-default,"YF:YF,routine,with:default",YF,total,routine,ECU,Ecuador,2098,0,0,<NA>,<NA>,0.9499999999999999555911,both,1
yf-routine-campaign-default,"YF:YF,routine,with:default",YF,total,routine,ECU,Ecuador,2099,0,0,<NA>,<NA>,0.9499999999999999555911,both,1
yf-routine-campaign-default,"YF:YF,routine,with:default",YF,total,routine,ECU,Ecuador,2100,0,0,<NA>,<NA>,0.9499999999999999555911,both,1
yf-routine-campaign-default,"YF:YF,routine,with:default",YF,total,routine,ERI,Eritrea,2027,0,0,<NA>,<NA>,0.2533333333333330772419,both,1
yf-routine-campaign-default,"YF:YF,routine,with:default",YF,total,routine,ERI,Eritrea,2028,0,0,<NA>,<NA>,0.5766797902296654232401,both,1
yf-routine-campaign-default,"YF:YF,routine,with:default",YF,total,routine,ERI,Eritrea,2029,0,0,<NA>,<NA>,0.7600000000000000088818,both,1
yf-routine-campaign-default,"YF:YF,routine,with:default",YF,total,routine,ERI,Eritrea,2030,0,0,<NA>,<NA>,0.9000000000000000222045,both,1
yf-routine-campaign-default,"YF:YF,routine,with:default",YF,total,routine,ERI,Eritrea,2031,0,0,<NA>,<NA>,0.9100000000000000310862,both,1
yf-routine-campaign-default,"YF:YF,routine,with:default",YF,total,routine,ERI,Eritrea,2032,0,0,<NA>,<NA>,0.920000000000000039968,both,1
yf-routine-campaign-default,"YF:YF,routine,with:default",YF,total,routine,ERI,Eritrea,2033,0,0,<NA>,<NA>,0.9300000000000000488498,both,1
yf-routine-campaign-default,"YF:YF,routine,with:default",YF,total,routine,ERI,Eritrea,2034,0,0,<NA>,<NA>,0.9400000000000000577316,both,1
yf-routine-campaign-default,"YF:YF,routine,with:default",YF,total,routine,ERI,Eritrea,2035,0,0,<NA>,<NA>,0.9499999999999999555911,both,1
yf-routine-campaign-default,"YF:YF,routine,with:default",YF,total,routine,ERI,Eritrea,2036,0,0,<NA>,<NA>,0.9499999999999999555911,both,1
yf-routine-campaign-default,"YF:YF,routine,with:default",YF,total,routine,ERI,Eritrea,2037,0,0,<NA>,<NA>,0.9499999999999999555911,both,1
yf-routine-campaign-default,"YF:YF,routine,with:default",YF,total,routine,ERI,Eritrea,2038,0,0,<NA>,<NA>,0.9499999999999999555911,both,1
yf-routine-campaign-default,"YF:YF,routine,with:default",YF,total,routine,ERI,Eritrea,2039,0,0,<NA>,<NA>,0.9499999999999999555911,both,1
yf-routine-campaign-default,"YF:YF,routine,with:default",YF,total,routine,ERI,Eritrea,2040,0,0,<NA>,<NA>,0.9499999999999999555911,both,1
yf-routine-campaign-default,"YF:YF,routine,with:default",YF,total,routine,ERI,Eritrea,2041,0,0,<NA>,<NA>,0.9499999999999999555911,both,1
yf-routine-campaign-default,"YF:YF,routine,with:default",YF,total,routine,ERI,Eritrea,2042,0,0,<NA>,<NA>,0.9499999999999999555911,both,1
yf-routine-campaign-default,"YF:YF,routine,with:default",YF,total,routine,ERI,Eritrea,2043,0,0,<NA>,<NA>,0.9499999999999999555911,both,1
yf-routine-campaign-default,"YF:YF,routine,with:default",YF,total,routine,ERI,Eritrea,2044,0,0,<NA>,<NA>,0.9499999999999999555911,both,1
yf-routine-campaign-default,"YF:YF,routine,with:default",YF,total,routine,ERI,Eritrea,2045,0,0,<NA>,<NA>,0.9499999999999999555911,both,1
yf-routine-campaign-default,"YF:YF,routine,with:default",YF,total,routine,ERI,Eritrea,2046,0,0,<NA>,<NA>,0.9499999999999999555911,both,1
yf-routine-campaign-default,"YF:YF,routine,with:default",YF,total,routine,ERI,Eritrea,2047,0,0,<NA>,<NA>,0.9499999999999999555911,both,1
yf-routine-campaign-default,"YF:YF,routine,with:default",YF,total,routine,ERI,Eritrea,2048,0,0,<NA>,<NA>,0.9499999999999999555911,both,1
yf-routine-campaign-default,"YF:YF,routine,with:default",YF,total,routine,ERI,Eritrea,2049,0,0,<NA>,<NA>,0.9499999999999999555911,both,1
yf-routine-campaign-default,"YF:YF,routine,with:default",YF,total,routine,ERI,Eritrea,2050,0,0,<NA>,<NA>,0.9499999999999999555911,both,1
yf-routine-campaign-default,"YF:YF,routine,with:default",YF,total,routine,ERI,Eritrea,2051,0,0,<NA>,<NA>,0.9499999999999999555911,both,1
yf-routine-campaign-default,"YF:YF,routine,with:default",YF,total,routine,ERI,Eritrea,2052,0,0,<NA>,<NA>,0.9499999999999999555911,both,1
yf-routine-campaign-default,"YF:YF,routine,with:default",YF,total,routine,ERI,Eritrea,2053,0,0,<NA>,<NA>,0.9499999999999999555911,both,1
yf-routine-campaign-default,"YF:YF,routine,with:default",YF,total,routine,ERI,Eritrea,2054,0,0,<NA>,<NA>,0.9499999999999999555911,both,1
yf-routine-campaign-default,"YF:YF,routine,with:default",YF,total,routine,ERI,Eritrea,2055,0,0,<NA>,<NA>,0.9499999999999999555911,both,1
yf-routine-campaign-default,"YF:YF,routine,with:default",YF,total,routine,ERI,Eritrea,2056,0,0,<NA>,<NA>,0.9499999999999999555911,both,1
yf-routine-campaign-default,"YF:YF,routine,with:default",YF,total,routine,ERI,Eritrea,2057,0,0,<NA>,<NA>,0.9499999999999999555911,both,1
yf-routine-campaign-default,"YF:YF,routine,with:default",YF,total,routine,ERI,Eritrea,2058,0,0,<NA>,<NA>,0.9499999999999999555911,both,1
yf-routine-campaign-default,"YF:YF,routine,with:default",YF,total,routine,ERI,Eritrea,2059,0,0,<NA>,<NA>,0.9499999999999999555911,both,1
yf-routine-campaign-default,"YF:YF,routine,with:default",YF,total,routine,ERI,Eritrea,2060,0,0,<NA>,<NA>,0.9499999999999999555911,both,1
yf-routine-campaign-default,"YF:YF,routine,with:default",YF,total,routine,ERI,Eritrea,2061,0,0,<NA>,<NA>,0.9499999999999999555911,both,1
yf-routine-campaign-default,"YF:YF,routine,with:default",YF,total,routine,ERI,Eritrea,2062,0,0,<NA>,<NA>,0.9499999999999999555911,both,1
yf-routine-campaign-default,"YF:YF,routine,with:default",YF,total,routine,ERI,Eritrea,2063,0,0,<NA>,<NA>,0.9499999999999999555911,both,1
yf-routine-campaign-default,"YF:YF,routine,with:default",YF,total,routine,ERI,Eritrea,2064,0,0,<NA>,<NA>,0.9499999999999999555911,both,1
yf-routine-campaign-default,"YF:YF,routine,with:default",YF,total,routine,ERI,Eritrea,2065,0,0,<NA>,<NA>,0.9499999999999999555911,both,1
yf-routine-campaign-default,"YF:YF,routine,with:default",YF,total,routine,ERI,Eritrea,2066,0,0,<NA>,<NA>,0.9499999999999999555911,both,1
yf-routine-campaign-default,"YF:YF,routine,with:default",YF,total,routine,ERI,Eritrea,2067,0,0,<NA>,<NA>,0.9499999999999999555911,both,1
yf-routine-campaign-default,"YF:YF,routine,with:default",YF,total,routine,ERI,Eritrea,2068,0,0,<NA>,<NA>,0.9499999999999999555911,both,1
yf-routine-campaign-default,"YF:YF,routine,with:default",YF,total,routine,ERI,Eritrea,2069,0,0,<NA>,<NA>,0.9499999999999999555911,both,1
yf-routine-campaign-default,"YF:YF,routine,with:default",YF,total,routine,ERI,Eritrea,2070,0,0,<NA>,<NA>,0.9499999999999999555911,both,1
yf-routine-campaign-default,"YF:YF,routine,with:default",YF,total,routine,ERI,Eritrea,2071,0,0,<NA>,<NA>,0.9499999999999999555911,both,1
yf-routine-campaign-default,"YF:YF,routine,with:default",YF,total,routine,ERI,Eritrea,2072,0,0,<NA>,<NA>,0.9499999999999999555911,both,1
yf-routine-campaign-default,"YF:YF,routine,with:default",YF,total,routine,ERI,Eritrea,2073,0,0,<NA>,<NA>,0.9499999999999999555911,both,1
yf-routine-campaign-default,"YF:YF,routine,with:default",YF,total,routine,ERI,Eritrea,2074,0,0,<NA>,<NA>,0.9499999999999999555911,both,1
yf-routine-campaign-default,"YF:YF,routine,with:default",YF,total,routine,ERI,Eritrea,2075,0,0,<NA>,<NA>,0.9499999999999999555911,both,1
yf-routine-campaign-default,"YF:YF,routine,with:default",YF,total,routine,ERI,Eritrea,2076,0,0,<NA>,<NA>,0.9499999999999999555911,both,1
yf-routine-campaign-default,"YF:YF,routine,with:default",YF,total,routine,ERI,Eritrea,2077,0,0,<NA>,<NA>,0.9499999999999999555911,both,1
yf-routine-campaign-default,"YF:YF,routine,with:default",YF,total,routine,ERI,Eritrea,2078,0,0,<NA>,<NA>,0.9499999999999999555911,both,1
yf-routine-campaign-default,"YF:YF,routine,with:default",YF,total,routine,ERI,Eritrea,2079,0,0,<NA>,<NA>,0.9499999999999999555911,both,1
yf-routine-campaign-default,"YF:YF,routine,with:default",YF,total,routine,ERI,Eritrea,2080,0,0,<NA>,<NA>,0.9499999999999999555911,both,1
yf-routine-campaign-default,"YF:YF,routine,with:default",YF,total,routine,ERI,Eritrea,2081,0,0,<NA>,<NA>,0.9499999999999999555911,both,1
yf-routine-campaign-default,"YF:YF,routine,with:default",YF,total,routine,ERI,Eritrea,2082,0,0,<NA>,<NA>,0.9499999999999999555911,both,1
yf-routine-campaign-default,"YF:YF,routine,with:default",YF,total,routine,ERI,Eritrea,2083,0,0,<NA>,<NA>,0.9499999999999999555911,both,1
yf-routine-campaign-default,"YF:YF,routine,with:default",YF,total,routine,ERI,Eritrea,2084,0,0,<NA>,<NA>,0.9499999999999999555911,both,1
yf-routine-campaign-default,"YF:YF,routine,with:default",YF,total,routine,ERI,Eritrea,2085,0,0,<NA>,<NA>,0.9499999999999999555911,both,1
yf-routine-campaign-default,"YF:YF,routine,with:default",YF,total,routine,ERI,Eritrea,2086,0,0,<NA>,<NA>,0.9499999999999999555911,both,1
yf-routine-campaign-default,"YF:YF,routine,with:default",YF,total,routine,ERI,Eritrea,2087,0,0,<NA>,<NA>,0.9499999999999999555911,both,1
yf-routine-campaign-default,"YF:YF,routine,with:default",YF,total,routine,ERI,Eritrea,2088,0,0,<NA>,<NA>,0.9499999999999999555911,both,1
yf-routine-campaign-default,"YF:YF,routine,with:default",YF,total,routine,ERI,Eritrea,2089,0,0,<NA>,<NA>,0.9499999999999999555911,both,1
yf-routine-campaign-default,"YF:YF,routine,with:default",YF,total,routine,ERI,Eritrea,2090,0,0,<NA>,<NA>,0.9499999999999999555911,both,1
yf-routine-campaign-default,"YF:YF,routine,with:default",YF,total,routine,ERI,Eritrea,2091,0,0,<NA>,<NA>,0.9499999999999999555911,both,1
yf-routine-campaign-default,"YF:YF,routine,with:default",YF,total,routine,ERI,Eritrea,2092,0,0,<NA>,<NA>,0.9499999999999999555911,both,1
yf-routine-campaign-default,"YF:YF,routine,with:default",YF,total,routine,ERI,Eritrea,2093,0,0,<NA>,<NA>,0.9499999999999999555911,both,1
yf-routine-campaign-default,"YF:YF,routine,with:default",YF,total,routine,ERI,Eritrea,2094,0,0,<NA>,<NA>,0.9499999999999999555911,both,1
yf-routine-campaign-default,"YF:YF,routine,with:default",YF,total,routine,ERI,Eritrea,2095,0,0,<NA>,<NA>,0.9499999999999999555911,both,1
yf-routine-campaign-default,"YF:YF,routine,with:default",YF,total,routine,ERI,Eritrea,2096,0,0,<NA>,<NA>,0.9499999999999999555911,both,1
yf-routine-campaign-default,"YF:YF,routine,with:default",YF,total,routine,ERI,Eritrea,2097,0,0,<NA>,<NA>,0.9499999999999999555911,both,1
yf-routine-campaign-default,"YF:YF,routine,with:default",YF,total,routine,ERI,Eritrea,2098,0,0,<NA>,<NA>,0.9499999999999999555911,both,1
yf-routine-campaign-default,"YF:YF,routine,with:default",YF,total,routine,ERI,Eritrea,2099,0,0,<NA>,<NA>,0.9499999999999999555911,both,1
yf-routine-campaign-default,"YF:YF,routine,with:default",YF,total,routine,ERI,Eritrea,2100,0,0,<NA>,<NA>,0.9499999999999999555911,both,1
yf-routine-campaign-default,"YF:YF,routine,with:default",YF,total,routine,ETH,Ethiopia,2024,0,0,<NA>,<NA>,0.1816175825510504548976,both,1
yf-routine-campaign-default,"YF:YF,routine,with:default",YF,total,routine,ETH,Ethiopia,2025,0,0,<NA>,<NA>,0.3896849103365863653536,both,1
yf-routine-campaign-default,"YF:YF,routine,with:default",YF,total,routine,ETH,Ethiopia,2026,0,0,<NA>,<NA>,0.54485274765315194756,both,1
yf-routine-campaign-default,"YF:YF,routine,with:default",YF,total,routine,ETH,Ethiopia,2027,0,0,<NA>,<NA>,0.5893383943613913489301,both,1
yf-routine-campaign-default,"YF:YF,routine,with:default",YF,total,routine,ETH,Ethiopia,2028,0,0,<NA>,<NA>,0.6294760575261812984849,both,1
yf-routine-campaign-default,"YF:YF,routine,with:default",YF,total,routine,ETH,Ethiopia,2029,0,0,<NA>,<NA>,0.6656907048009788052667,both,1
yf-routine-campaign-default,"YF:YF,routine,with:default",YF,total,routine,ETH,Ethiopia,2030,0,0,<NA>,<NA>,0.6983657679169720244872,both,1
yf-routine-campaign-default,"YF:YF,routine,with:default",YF,total,routine,ETH,Ethiopia,2031,0,0,<NA>,<NA>,0.7083657679169720333689,both,1
yf-routine-campaign-default,"YF:YF,routine,with:default",YF,total,routine,ETH,Ethiopia,2032,0,0,<NA>,<NA>,0.7183657679169720422507,both,1
yf-routine-campaign-default,"YF:YF,routine,with:default",YF,total,routine,ETH,Ethiopia,2033,0,0,<NA>,<NA>,0.7283657679169720511325,both,1
yf-routine-campaign-default,"YF:YF,routine,with:default",YF,total,routine,ETH,Ethiopia,2034,0,0,<NA>,<NA>,0.7383657679169720600143,both,1
yf-routine-campaign-default,"YF:YF,routine,with:default",YF,total,routine,ETH,Ethiopia,2035,0,0,<NA>,<NA>,0.7483657679169720688961,both,1
yf-routine-campaign-default,"YF:YF,routine,with:default",YF,total,routine,ETH,Ethiopia,2036,0,0,<NA>,<NA>,0.7583657679169719667556,both,1
yf-routine-campaign-default,"YF:YF,routine,with:default",YF,total,routine,ETH,Ethiopia,2037,0,0,<NA>,<NA>,0.7683657679169719756374,both,1
yf-routine-campaign-default,"YF:YF,routine,with:default",YF,total,routine,ETH,Ethiopia,2038,0,0,<NA>,<NA>,0.7783657679169719845191,both,1
yf-routine-campaign-default,"YF:YF,routine,with:default",YF,total,routine,ETH,Ethiopia,2039,0,0,<NA>,<NA>,0.7883657679169719934009,both,1
yf-routine-campaign-default,"YF:YF,routine,with:default",YF,total,routine,ETH,Ethiopia,2040,0,0,<NA>,<NA>,0.7983657679169720022827,both,1
yf-routine-campaign-default,"YF:YF,routine,with:default",YF,total,routine,ETH,Ethiopia,2041,0,0,<NA>,<NA>,0.8083657679169720111645,both,1
yf-routine-campaign-default,"YF:YF,routine,with:default",YF,total,routine,ETH,Ethiopia,2042,0,0,<NA>,<NA>,0.8183657679169720200463,both,1
yf-routine-campaign-default,"YF:YF,routine,with:default",YF,total,routine,ETH,Ethiopia,2043,0,0,<NA>,<NA>,0.8283657679169720289281,both,1
yf-routine-campaign-default,"YF:YF,routine,with:default",YF,total,routine,ETH,Ethiopia,2044,0,0,<NA>,<NA>,0.8383657679169720378098,both,1
yf-routine-campaign-default,"YF:YF,routine,with:default",YF,total,routine,ETH,Ethiopia,2045,0,0,<NA>,<NA>,0.8483657679169720466916,both,1
yf-routine-campaign-default,"YF:YF,routine,with:default",YF,total,routine,ETH,Ethiopia,2046,0,0,<NA>,<NA>,0.8583657679169720555734,both,1
yf-routine-campaign-default,"YF:YF,routine,with:default",YF,total,routine,ETH,Ethiopia,2047,0,0,<NA>,<NA>,0.8683657679169720644552,both,1
yf-routine-campaign-default,"YF:YF,routine,with:default",YF,total,routine,ETH,Ethiopia,2048,0,0,<NA>,<NA>,0.878365767916972073337,both,1
yf-routine-campaign-default,"YF:YF,routine,with:default",YF,total,routine,ETH,Ethiopia,2049,0,0,<NA>,<NA>,0.8883657679169720822188,both,1
yf-routine-campaign-default,"YF:YF,routine,with:default",YF,total,routine,ETH,Ethiopia,2050,0,0,<NA>,<NA>,0.8983657679169720911005,both,1
yf-routine-campaign-default,"YF:YF,routine,with:default",YF,total,routine,ETH,Ethiopia,2051,0,0,<NA>,<NA>,0.90836576791697198896,both,1
yf-routine-campaign-default,"YF:YF,routine,with:default",YF,total,routine,ETH,Ethiopia,2052,0,0,<NA>,<NA>,0.9183657679169719978418,both,1
yf-routine-campaign-default,"YF:YF,routine,with:default",YF,total,routine,ETH,Ethiopia,2053,0,0,<NA>,<NA>,0.9283657679169720067236,both,1
yf-routine-campaign-default,"YF:YF,routine,with:default",YF,total,routine,ETH,Ethiopia,2054,0,0,<NA>,<NA>,0.9383657679169720156054,both,1
yf-routine-campaign-default,"YF:YF,routine,with:default",YF,total,routine,ETH,Ethiopia,2055,0,0,<NA>,<NA>,0.9483657679169720244872,both,1
yf-routine-campaign-default,"YF:YF,routine,with:default",YF,total,routine,ETH,Ethiopia,2056,0,0,<NA>,<NA>,0.9499999999999999555911,both,1
yf-routine-campaign-default,"YF:YF,routine,with:default",YF,total,routine,ETH,Ethiopia,2057,0,0,<NA>,<NA>,0.9499999999999999555911,both,1
yf-routine-campaign-default,"YF:YF,routine,with:default",YF,total,routine,ETH,Ethiopia,2058,0,0,<NA>,<NA>,0.9499999999999999555911,both,1
yf-routine-campaign-default,"YF:YF,routine,with:default",YF,total,routine,ETH,Ethiopia,2059,0,0,<NA>,<NA>,0.9499999999999999555911,both,1
yf-routine-campaign-default,"YF:YF,routine,with:default",YF,total,routine,ETH,Ethiopia,2060,0,0,<NA>,<NA>,0.9499999999999999555911,both,1
yf-routine-campaign-default,"YF:YF,routine,with:default",YF,total,routine,ETH,Ethiopia,2061,0,0,<NA>,<NA>,0.9499999999999999555911,both,1
yf-routine-campaign-default,"YF:YF,routine,with:default",YF,total,routine,ETH,Ethiopia,2062,0,0,<NA>,<NA>,0.9499999999999999555911,both,1
yf-routine-campaign-default,"YF:YF,routine,with:default",YF,total,routine,ETH,Ethiopia,2063,0,0,<NA>,<NA>,0.9499999999999999555911,both,1
yf-routine-campaign-default,"YF:YF,routine,with:default",YF,total,routine,ETH,Ethiopia,2064,0,0,<NA>,<NA>,0.9499999999999999555911,both,1
yf-routine-campaign-default,"YF:YF,routine,with:default",YF,total,routine,ETH,Ethiopia,2065,0,0,<NA>,<NA>,0.9499999999999999555911,both,1
yf-routine-campaign-default,"YF:YF,routine,with:default",YF,total,routine,ETH,Ethiopia,2066,0,0,<NA>,<NA>,0.9499999999999999555911,both,1
yf-routine-campaign-default,"YF:YF,routine,with:default",YF,total,routine,ETH,Ethiopia,2067,0,0,<NA>,<NA>,0.9499999999999999555911,both,1
yf-routine-campaign-default,"YF:YF,routine,with:default",YF,total,routine,ETH,Ethiopia,2068,0,0,<NA>,<NA>,0.9499999999999999555911,both,1
yf-routine-campaign-default,"YF:YF,routine,with:default",YF,total,routine,ETH,Ethiopia,2069,0,0,<NA>,<NA>,0.9499999999999999555911,both,1
yf-routine-campaign-default,"YF:YF,routine,with:default",YF,total,routine,ETH,Ethiopia,2070,0,0,<NA>,<NA>,0.9499999999999999555911,both,1
yf-routine-campaign-default,"YF:YF,routine,with:default",YF,total,routine,ETH,Ethiopia,2071,0,0,<NA>,<NA>,0.9499999999999999555911,both,1
yf-routine-campaign-default,"YF:YF,routine,with:default",YF,total,routine,ETH,Ethiopia,2072,0,0,<NA>,<NA>,0.9499999999999999555911,both,1
yf-routine-campaign-default,"YF:YF,routine,with:default",YF,total,routine,ETH,Ethiopia,2073,0,0,<NA>,<NA>,0.9499999999999999555911,both,1
yf-routine-campaign-default,"YF:YF,routine,with:default",YF,total,routine,ETH,Ethiopia,2074,0,0,<NA>,<NA>,0.9499999999999999555911,both,1
yf-routine-campaign-default,"YF:YF,routine,with:default",YF,total,routine,ETH,Ethiopia,2075,0,0,<NA>,<NA>,0.9499999999999999555911,both,1
yf-routine-campaign-default,"YF:YF,routine,with:default",YF,total,routine,ETH,Ethiopia,2076,0,0,<NA>,<NA>,0.9499999999999999555911,both,1
yf-routine-campaign-default,"YF:YF,routine,with:default",YF,total,routine,ETH,Ethiopia,2077,0,0,<NA>,<NA>,0.9499999999999999555911,both,1
yf-routine-campaign-default,"YF:YF,routine,with:default",YF,total,routine,ETH,Ethiopia,2078,0,0,<NA>,<NA>,0.9499999999999999555911,both,1
yf-routine-campaign-default,"YF:YF,routine,with:default",YF,total,routine,ETH,Ethiopia,2079,0,0,<NA>,<NA>,0.9499999999999999555911,both,1
yf-routine-campaign-default,"YF:YF,routine,with:default",YF,total,routine,ETH,Ethiopia,2080,0,0,<NA>,<NA>,0.9499999999999999555911,both,1
yf-routine-campaign-default,"YF:YF,routine,with:default",YF,total,routine,ETH,Ethiopia,2081,0,0,<NA>,<NA>,0.9499999999999999555911,both,1
yf-routine-campaign-default,"YF:YF,routine,with:default",YF,total,routine,ETH,Ethiopia,2082,0,0,<NA>,<NA>,0.9499999999999999555911,both,1
yf-routine-campaign-default,"YF:YF,routine,with:default",YF,total,routine,ETH,Ethiopia,2083,0,0,<NA>,<NA>,0.9499999999999999555911,both,1
yf-routine-campaign-default,"YF:YF,routine,with:default",YF,total,routine,ETH,Ethiopia,2084,0,0,<NA>,<NA>,0.9499999999999999555911,both,1
yf-routine-campaign-default,"YF:YF,routine,with:default",YF,total,routine,ETH,Ethiopia,2085,0,0,<NA>,<NA>,0.9499999999999999555911,both,1
yf-routine-campaign-default,"YF:YF,routine,with:default",YF,total,routine,ETH,Ethiopia,2086,0,0,<NA>,<NA>,0.9499999999999999555911,both,1
yf-routine-campaign-default,"YF:YF,routine,with:default",YF,total,routine,ETH,Ethiopia,2087,0,0,<NA>,<NA>,0.9499999999999999555911,both,1
yf-routine-campaign-default,"YF:YF,routine,with:default",YF,total,routine,ETH,Ethiopia,2088,0,0,<NA>,<NA>,0.9499999999999999555911,both,1
yf-routine-campaign-default,"YF:YF,routine,with:default",YF,total,routine,ETH,Ethiopia,2089,0,0,<NA>,<NA>,0.9499999999999999555911,both,1
yf-routine-campaign-default,"YF:YF,routine,with:default",YF,total,routine,ETH,Ethiopia,2090,0,0,<NA>,<NA>,0.9499999999999999555911,both,1
yf-routine-campaign-default,"YF:YF,routine,with:default",YF,total,routine,ETH,Ethiopia,2091,0,0,<NA>,<NA>,0.9499999999999999555911,both,1
yf-routine-campaign-default,"YF:YF,routine,with:default",YF,total,routine,ETH,Ethiopia,2092,0,0,<NA>,<NA>,0.9499999999999999555911,both,1
yf-routine-campaign-default,"YF:YF,routine,with:default",YF,total,routine,ETH,Ethiopia,2093,0,0,<NA>,<NA>,0.9499999999999999555911,both,1
yf-routine-campaign-default,"YF:YF,routine,with:default",YF,total,routine,ETH,Ethiopia,2094,0,0,<NA>,<NA>,0.9499999999999999555911,both,1
yf-routine-campaign-default,"YF:YF,routine,with:default",YF,total,routine,ETH,Ethiopia,2095,0,0,<NA>,<NA>,0.9499999999999999555911,both,1
yf-routine-campaign-default,"YF:YF,routine,with:default",YF,total,routine,ETH,Ethiopia,2096,0,0,<NA>,<NA>,0.9499999999999999555911,both,1
yf-routine-campaign-default,"YF:YF,routine,with:default",YF,total,routine,ETH,Ethiopia,2097,0,0,<NA>,<NA>,0.9499999999999999555911,both,1
yf-routine-campaign-default,"YF:YF,routine,with:default",YF,total,routine,ETH,Ethiopia,2098,0,0,<NA>,<NA>,0.9499999999999999555911,both,1
yf-routine-campaign-default,"YF:YF,routine,with:default",YF,total,routine,ETH,Ethiopia,2099,0,0,<NA>,<NA>,0.9499999999999999555911,both,1
yf-routine-campaign-default,"YF:YF,routine,with:default",YF,total,routine,ETH,Ethiopia,2100,0,0,<NA>,<NA>,0.9499999999999999555911,both,1
yf-routine-campaign-default,"YF:YF,routine,with:default",YF,total,routine,GHA,Ghana,1997,0,0,default routine age,<NA>,0.4000000000000000222045,both,1
yf-routine-campaign-default,"YF:YF,routine,with:default",YF,total,routine,GHA,Ghana,1998,0,0,default routine age,<NA>,0.5,both,1
yf-routine-campaign-default,"YF:YF,routine,with:default",YF,total,routine,GHA,Ghana,1999,0,0,default routine age,<NA>,0.5999999999999999777955,both,1
yf-routine-campaign-default,"YF:YF,routine,with:default",YF,total,routine,GHA,Ghana,2000,0,0,default routine age,<NA>,0.7399999999999999911182,both,1
yf-routine-campaign-default,"YF:YF,routine,with:default",YF,total,routine,GHA,Ghana,2001,0,0,default routine age,<NA>,0.8699999999999999955591,both,1
yf-routine-campaign-default,"YF:YF,routine,with:default",YF,total,routine,GHA,Ghana,2002,0,0,default routine age,<NA>,0.8199999999999999511502,both,1
yf-routine-campaign-default,"YF:YF,routine,with:default",YF,total,routine,GHA,Ghana,2003,0,0,default routine age,<NA>,0.7700000000000000177636,both,1
yf-routine-campaign-default,"YF:YF,routine,with:default",YF,total,routine,GHA,Ghana,2004,0,0,default routine age,<NA>,0.8100000000000000532907,both,1
yf-routine-campaign-default,"YF:YF,routine,with:default",YF,total,routine,GHA,Ghana,2005,0,0,default routine age,<NA>,0.8199999999999999511502,both,1
yf-routine-campaign-default,"YF:YF,routine,with:default",YF,total,routine,GHA,Ghana,2006,0,0,default routine age,<NA>,0.8399999999999999689138,both,1
yf-routine-campaign-default,"YF:YF,routine,with:default",YF,total,routine,GHA,Ghana,2007,0,0,default routine age,<NA>,0.9399999999999999467093,both,1
yf-routine-campaign-default,"YF:YF,routine,with:default",YF,total,routine,GHA,Ghana,2008,0,0,default routine age,<NA>,0.8599999999999999866773,both,1
yf-routine-campaign-default,"YF:YF,routine,with:default",YF,total,routine,GHA,Ghana,2009,0,0,default routine age,<NA>,0.9300000000000000488498,both,1
yf-routine-campaign-default,"YF:YF,routine,with:default",YF,total,routine,GHA,Ghana,2010,0,0,default routine age,<NA>,0.9300000000000000488498,both,1
yf-routine-campaign-default,"YF:YF,routine,with:default",YF,total,routine,GHA,Ghana,2011,0,0,default routine age,<NA>,0.9100000000000000310862,both,1
yf-routine-campaign-default,"YF:YF,routine,with:default",YF,total,routine,GHA,Ghana,2012,0,0,default routine age,<NA>,0.8800000000000000044409,both,1
yf-routine-campaign-default,"YF:YF,routine,with:default",YF,total,routine,GHA,Ghana,2013,0,0,default routine age,<NA>,0.8699999999999999955591,both,1
yf-routine-campaign-default,"YF:YF,routine,with:default",YF,total,routine,GHA,Ghana,2014,0,0,default routine age,<NA>,0.920000000000000039968,both,1
yf-routine-campaign-default,"YF:YF,routine,with:default",YF,total,routine,GHA,Ghana,2015,0,0,default routine age,<NA>,0.8800000000000000044409,both,1
yf-routine-campaign-default,"YF:YF,routine,with:default",YF,total,routine,GHA,Ghana,2016,0,0,default routine age,<NA>,0.8800000000000000044409,both,1
yf-routine-campaign-default,"YF:YF,routine,with:default",YF,total,routine,GHA,Ghana,2017,0,0,default routine age,<NA>,0.8599999999999999866773,both,1
yf-routine-campaign-default,"YF:YF,routine,with:default",YF,total,routine,GHA,Ghana,2018,0,0,default routine age,<NA>,0.9100000000000000310862,both,1
yf-routine-campaign-default,"YF:YF,routine,with:default",YF,total,routine,GHA,Ghana,2019,0,0,default routine age,<NA>,0.920000000000000039968,both,1
yf-routine-campaign-default,"YF:YF,routine,with:default",YF,total,routine,GHA,Ghana,2020,0,0,default routine age,<NA>,0.8800000000000000044409,both,1
yf-routine-campaign-default,"YF:YF,routine,with:default",YF,total,routine,GHA,Ghana,2021,0,0,default routine age,<NA>,0.9399999999999999467093,both,1
yf-routine-campaign-default,"YF:YF,routine,with:default",YF,total,routine,GHA,Ghana,2022,0,0,default routine age,<NA>,0.9499999999999999555911,both,1
yf-routine-campaign-default,"YF:YF,routine,with:default",YF,total,routine,GHA,Ghana,2023,0,0,<NA>,<NA>,0.950100664144159501312,both,1
yf-routine-campaign-default,"YF:YF,routine,with:default",YF,total,routine,GHA,Ghana,2024,0,0,<NA>,<NA>,0.9502011256229206948021,both,1
yf-routine-campaign-default,"YF:YF,routine,with:default",YF,total,routine,GHA,Ghana,2025,0,0,<NA>,<NA>,0.950301384844306262778,both,1
yf-routine-campaign-default,"YF:YF,routine,with:default",YF,total,routine,GHA,Ghana,2026,0,0,<NA>,<NA>,0.9504014422155174779405,both,1
yf-routine-campaign-default,"YF:YF,routine,with:default",YF,total,routine,GHA,Ghana,2027,0,0,<NA>,<NA>,0.9505012981429359353314,both,1
yf-routine-campaign-default,"YF:YF,routine,with:default",YF,total,routine,GHA,Ghana,2028,0,0,<NA>,<NA>,0.9506009530321248846008,both,1
yf-routine-campaign-default,"YF:YF,routine,with:default",YF,total,routine,GHA,Ghana,2029,0,0,<NA>,<NA>,0.9507004072878312284089,both,1
yf-routine-campaign-default,"YF:YF,routine,with:default",YF,total,routine,GHA,Ghana,2030,0,0,<NA>,<NA>,0.9507996613139869657161,both,1
yf-routine-campaign-default,"YF:YF,routine,with:default",YF,total,routine,GHA,Ghana,2031,0,0,<NA>,<NA>,0.9507996613139869657161,both,1
yf-routine-campaign-default,"YF:YF,routine,with:default",YF,total,routine,GHA,Ghana,2032,0,0,<NA>,<NA>,0.9507996613139869657161,both,1
yf-routine-campaign-default,"YF:YF,routine,with:default",YF,total,routine,GHA,Ghana,2033,0,0,<NA>,<NA>,0.9507996613139869657161,both,1
yf-routine-campaign-default,"YF:YF,routine,with:default",YF,total,routine,GHA,Ghana,2034,0,0,<NA>,<NA>,0.9507996613139869657161,both,1
yf-routine-campaign-default,"YF:YF,routine,with:default",YF,total,routine,GHA,Ghana,2035,0,0,<NA>,<NA>,0.9507996613139869657161,both,1
yf-routine-campaign-default,"YF:YF,routine,with:default",YF,total,routine,GHA,Ghana,2036,0,0,<NA>,<NA>,0.9507996613139869657161,both,1
yf-routine-campaign-default,"YF:YF,routine,with:default",YF,total,routine,GHA,Ghana,2037,0,0,<NA>,<NA>,0.9507996613139869657161,both,1
yf-routine-campaign-default,"YF:YF,routine,with:default",YF,total,routine,GHA,Ghana,2038,0,0,<NA>,<NA>,0.9507996613139869657161,both,1
yf-routine-campaign-default,"YF:YF,routine,with:default",YF,total,routine,GHA,Ghana,2039,0,0,<NA>,<NA>,0.9507996613139869657161,both,1
yf-routine-campaign-default,"YF:YF,routine,with:default",YF,total,routine,GHA,Ghana,2040,0,0,<NA>,<NA>,0.9507996613139869657161,both,1
yf-routine-campaign-default,"YF:YF,routine,with:default",YF,total,routine,GHA,Ghana,2041,0,0,<NA>,<NA>,0.9507996613139869657161,both,1
yf-routine-campaign-default,"YF:YF,routine,with:default",YF,total,routine,GHA,Ghana,2042,0,0,<NA>,<NA>,0.9507996613139869657161,both,1
yf-routine-campaign-default,"YF:YF,routine,with:default",YF,total,routine,GHA,Ghana,2043,0,0,<NA>,<NA>,0.9507996613139869657161,both,1
yf-routine-campaign-default,"YF:YF,routine,with:default",YF,total,routine,GHA,Ghana,2044,0,0,<NA>,<NA>,0.9507996613139869657161,both,1
yf-routine-campaign-default,"YF:YF,routine,with:default",YF,total,routine,GHA,Ghana,2045,0,0,<NA>,<NA>,0.9507996613139869657161,both,1
yf-routine-campaign-default,"YF:YF,routine,with:default",YF,total,routine,GHA,Ghana,2046,0,0,<NA>,<NA>,0.9507996613139869657161,both,1
yf-routine-campaign-default,"YF:YF,routine,with:default",YF,total,routine,GHA,Ghana,2047,0,0,<NA>,<NA>,0.9507996613139869657161,both,1
yf-routine-campaign-default,"YF:YF,routine,with:default",YF,total,routine,GHA,Ghana,2048,0,0,<NA>,<NA>,0.9507996613139869657161,both,1
yf-routine-campaign-default,"YF:YF,routine,with:default",YF,total,routine,GHA,Ghana,2049,0,0,<NA>,<NA>,0.9507996613139869657161,both,1
yf-routine-campaign-default,"YF:YF,routine,with:default",YF,total,routine,GHA,Ghana,2050,0,0,<NA>,<NA>,0.9507996613139869657161,both,1
yf-routine-campaign-default,"YF:YF,routine,with:default",YF,total,routine,GHA,Ghana,2051,0,0,<NA>,<NA>,0.9507996613139869657161,both,1
yf-routine-campaign-default,"YF:YF,routine,with:default",YF,total,routine,GHA,Ghana,2052,0,0,<NA>,<NA>,0.9507996613139869657161,both,1
yf-routine-campaign-default,"YF:YF,routine,with:default",YF,total,routine,GHA,Ghana,2053,0,0,<NA>,<NA>,0.9507996613139869657161,both,1
yf-routine-campaign-default,"YF:YF,routine,with:default",YF,total,routine,GHA,Ghana,2054,0,0,<NA>,<NA>,0.9507996613139869657161,both,1
yf-routine-campaign-default,"YF:YF,routine,with:default",YF,total,routine,GHA,Ghana,2055,0,0,<NA>,<NA>,0.9507996613139869657161,both,1
yf-routine-campaign-default,"YF:YF,routine,with:default",YF,total,routine,GHA,Ghana,2056,0,0,<NA>,<NA>,0.9507996613139869657161,both,1
yf-routine-campaign-default,"YF:YF,routine,with:default",YF,total,routine,GHA,Ghana,2057,0,0,<NA>,<NA>,0.9507996613139869657161,both,1
yf-routine-campaign-default,"YF:YF,routine,with:default",YF,total,routine,GHA,Ghana,2058,0,0,<NA>,<NA>,0.9507996613139869657161,both,1
yf-routine-campaign-default,"YF:YF,routine,with:default",YF,total,routine,GHA,Ghana,2059,0,0,<NA>,<NA>,0.9507996613139869657161,both,1
yf-routine-campaign-default,"YF:YF,routine,with:default",YF,total,routine,GHA,Ghana,2060,0,0,<NA>,<NA>,0.9507996613139869657161,both,1
yf-routine-campaign-default,"YF:YF,routine,with:default",YF,total,routine,GHA,Ghana,2061,0,0,<NA>,<NA>,0.9507996613139869657161,both,1
yf-routine-campaign-default,"YF:YF,routine,with:default",YF,total,routine,GHA,Ghana,2062,0,0,<NA>,<NA>,0.9507996613139869657161,both,1
yf-routine-campaign-default,"YF:YF,routine,with:default",YF,total,routine,GHA,Ghana,2063,0,0,<NA>,<NA>,0.9507996613139869657161,both,1
yf-routine-campaign-default,"YF:YF,routine,with:default",YF,total,routine,GHA,Ghana,2064,0,0,<NA>,<NA>,0.9507996613139869657161,both,1
yf-routine-campaign-default,"YF:YF,routine,with:default",YF,total,routine,GHA,Ghana,2065,0,0,<NA>,<NA>,0.9507996613139869657161,both,1
yf-routine-campaign-default,"YF:YF,routine,with:default",YF,total,routine,GHA,Ghana,2066,0,0,<NA>,<NA>,0.9507996613139869657161,both,1
yf-routine-campaign-default,"YF:YF,routine,with:default",YF,total,routine,GHA,Ghana,2067,0,0,<NA>,<NA>,0.9507996613139869657161,both,1
yf-routine-campaign-default,"YF:YF,routine,with:default",YF,total,routine,GHA,Ghana,2068,0,0,<NA>,<NA>,0.9507996613139869657161,both,1
yf-routine-campaign-default,"YF:YF,routine,with:default",YF,total,routine,GHA,Ghana,2069,0,0,<NA>,<NA>,0.9507996613139869657161,both,1
yf-routine-campaign-default,"YF:YF,routine,with:default",YF,total,routine,GHA,Ghana,2070,0,0,<NA>,<NA>,0.9507996613139869657161,both,1
yf-routine-campaign-default,"YF:YF,routine,with:default",YF,total,routine,GHA,Ghana,2071,0,0,<NA>,<NA>,0.9507996613139869657161,both,1
yf-routine-campaign-default,"YF:YF,routine,with:default",YF,total,routine,GHA,Ghana,2072,0,0,<NA>,<NA>,0.9507996613139869657161,both,1
yf-routine-campaign-default,"YF:YF,routine,with:default",YF,total,routine,GHA,Ghana,2073,0,0,<NA>,<NA>,0.9507996613139869657161,both,1
yf-routine-campaign-default,"YF:YF,routine,with:default",YF,total,routine,GHA,Ghana,2074,0,0,<NA>,<NA>,0.9507996613139869657161,both,1
yf-routine-campaign-default,"YF:YF,routine,with:default",YF,total,routine,GHA,Ghana,2075,0,0,<NA>,<NA>,0.9507996613139869657161,both,1
yf-routine-campaign-default,"YF:YF,routine,with:default",YF,total,routine,GHA,Ghana,2076,0,0,<NA>,<NA>,0.9507996613139869657161,both,1
yf-routine-campaign-default,"YF:YF,routine,with:default",YF,total,routine,GHA,Ghana,2077,0,0,<NA>,<NA>,0.9507996613139869657161,both,1
yf-routine-campaign-default,"YF:YF,routine,with:default",YF,total,routine,GHA,Ghana,2078,0,0,<NA>,<NA>,0.9507996613139869657161,both,1
yf-routine-campaign-default,"YF:YF,routine,with:default",YF,total,routine,GHA,Ghana,2079,0,0,<NA>,<NA>,0.9507996613139869657161,both,1
yf-routine-campaign-default,"YF:YF,routine,with:default",YF,total,routine,GHA,Ghana,2080,0,0,<NA>,<NA>,0.9507996613139869657161,both,1
yf-routine-campaign-default,"YF:YF,routine,with:default",YF,total,routine,GHA,Ghana,2081,0,0,<NA>,<NA>,0.9507996613139869657161,both,1
yf-routine-campaign-default,"YF:YF,routine,with:default",YF,total,routine,GHA,Ghana,2082,0,0,<NA>,<NA>,0.9507996613139869657161,both,1
yf-routine-campaign-default,"YF:YF,routine,with:default",YF,total,routine,GHA,Ghana,2083,0,0,<NA>,<NA>,0.9507996613139869657161,both,1
yf-routine-campaign-default,"YF:YF,routine,with:default",YF,total,routine,GHA,Ghana,2084,0,0,<NA>,<NA>,0.9507996613139869657161,both,1
yf-routine-campaign-default,"YF:YF,routine,with:default",YF,total,routine,GHA,Ghana,2085,0,0,<NA>,<NA>,0.9507996613139869657161,both,1
yf-routine-campaign-default,"YF:YF,routine,with:default",YF,total,routine,GHA,Ghana,2086,0,0,<NA>,<NA>,0.9507996613139869657161,both,1
yf-routine-campaign-default,"YF:YF,routine,with:default",YF,total,routine,GHA,Ghana,2087,0,0,<NA>,<NA>,0.9507996613139869657161,both,1
yf-routine-campaign-default,"YF:YF,routine,with:default",YF,total,routine,GHA,Ghana,2088,0,0,<NA>,<NA>,0.9507996613139869657161,both,1
yf-routine-campaign-default,"YF:YF,routine,with:default",YF,total,routine,GHA,Ghana,2089,0,0,<NA>,<NA>,0.9507996613139869657161,both,1
yf-routine-campaign-default,"YF:YF,routine,with:default",YF,total,routine,GHA,Ghana,2090,0,0,<NA>,<NA>,0.9507996613139869657161,both,1
yf-routine-campaign-default,"YF:YF,routine,with:default",YF,total,routine,GHA,Ghana,2091,0,0,<NA>,<NA>,0.9507996613139869657161,both,1
yf-routine-campaign-default,"YF:YF,routine,with:default",YF,total,routine,GHA,Ghana,2092,0,0,<NA>,<NA>,0.9507996613139869657161,both,1
yf-routine-campaign-default,"YF:YF,routine,with:default",YF,total,routine,GHA,Ghana,2093,0,0,<NA>,<NA>,0.9507996613139869657161,both,1
yf-routine-campaign-default,"YF:YF,routine,with:default",YF,total,routine,GHA,Ghana,2094,0,0,<NA>,<NA>,0.9507996613139869657161,both,1
yf-routine-campaign-default,"YF:YF,routine,with:default",YF,total,routine,GHA,Ghana,2095,0,0,<NA>,<NA>,0.9507996613139869657161,both,1
yf-routine-campaign-default,"YF:YF,routine,with:default",YF,total,routine,GHA,Ghana,2096,0,0,<NA>,<NA>,0.9507996613139869657161,both,1
yf-routine-campaign-default,"YF:YF,routine,with:default",YF,total,routine,GHA,Ghana,2097,0,0,<NA>,<NA>,0.9507996613139869657161,both,1
yf-routine-campaign-default,"YF:YF,routine,with:default",YF,total,routine,GHA,Ghana,2098,0,0,<NA>,<NA>,0.9507996613139869657161,both,1
yf-routine-campaign-default,"YF:YF,routine,with:default",YF,total,routine,GHA,Ghana,2099,0,0,<NA>,<NA>,0.9507996613139869657161,both,1
yf-routine-campaign-default,"YF:YF,routine,with:default",YF,total,routine,GHA,Ghana,2100,0,0,<NA>,<NA>,0.9507996613139869657161,both,1
yf-routine-campaign-default,"YF:YF,routine,with:default",YF,total,routine,GIN,Guinea,2002,0,0,default routine age,<NA>,0.1700000000000000122125,both,1
yf-routine-campaign-default,"YF:YF,routine,with:default",YF,total,routine,GIN,Guinea,2003,0,0,default routine age,<NA>,0.2800000000000000266454,both,1
yf-routine-campaign-default,"YF:YF,routine,with:default",YF,total,routine,GIN,Guinea,2004,0,0,default routine age,<NA>,0.3900000000000000133227,both,1
yf-routine-campaign-default,"YF:YF,routine,with:default",YF,total,routine,GIN,Guinea,2005,0,0,default routine age,<NA>,0.3900000000000000133227,both,1
yf-routine-campaign-default,"YF:YF,routine,with:default",YF,total,routine,GIN,Guinea,2006,0,0,default routine age,<NA>,0.3800000000000000044409,both,1
yf-routine-campaign-default,"YF:YF,routine,with:default",YF,total,routine,GIN,Guinea,2007,0,0,default routine age,<NA>,0.4500000000000000111022,both,1
yf-routine-campaign-default,"YF:YF,routine,with:default",YF,total,routine,GIN,Guinea,2008,0,0,default routine age,<NA>,0.4699999999999999733546,both,1
yf-routine-campaign-default,"YF:YF,routine,with:default",YF,total,routine,GIN,Guinea,2009,0,0,default routine age,<NA>,0.5200000000000000177636,both,1
yf-routine-campaign-default,"YF:YF,routine,with:default",YF,total,routine,GIN,Guinea,2010,0,0,default routine age,<NA>,0.5600000000000000532907,both,1
yf-routine-campaign-default,"YF:YF,routine,with:default",YF,total,routine,GIN,Guinea,2011,0,0,default routine age,<NA>,0.6199999999999999955591,both,1
yf-routine-campaign-default,"YF:YF,routine,with:default",YF,total,routine,GIN,Guinea,2012,0,0,default routine age,<NA>,0.5600000000000000532907,both,1
yf-routine-campaign-default,"YF:YF,routine,with:default",YF,total,routine,GIN,Guinea,2013,0,0,default routine age,<NA>,0.5100000000000000088818,both,1
yf-routine-campaign-default,"YF:YF,routine,with:default",YF,total,routine,GIN,Guinea,2014,0,0,default routine age,<NA>,0.4500000000000000111022,both,1
yf-routine-campaign-default,"YF:YF,routine,with:default",YF,total,routine,GIN,Guinea,2015,0,0,default routine age,<NA>,0.4400000000000000022204,both,1
yf-routine-campaign-default,"YF:YF,routine,with:default",YF,total,routine,GIN,Guinea,2016,0,0,default routine age,<NA>,0.4000000000000000222045,both,1
yf-routine-campaign-default,"YF:YF,routine,with:default",YF,total,routine,GIN,Guinea,2017,0,0,default routine age,<NA>,0.4000000000000000222045,both,1
yf-routine-campaign-default,"YF:YF,routine,with:default",YF,total,routine,GIN,Guinea,2018,0,0,default routine age,<NA>,0.4000000000000000222045,both,1
yf-routine-campaign-default,"YF:YF,routine,with:default",YF,total,routine,GIN,Guinea,2019,0,0,default routine age,<NA>,0.4000000000000000222045,both,1
yf-routine-campaign-default,"YF:YF,routine,with:default",YF,total,routine,GIN,Guinea,2020,0,0,default routine age,<NA>,0.4000000000000000222045,both,1
yf-routine-campaign-default,"YF:YF,routine,with:default",YF,total,routine,GIN,Guinea,2021,0,0,default routine age,<NA>,0.4000000000000000222045,both,1
yf-routine-campaign-default,"YF:YF,routine,with:default",YF,total,routine,GIN,Guinea,2022,0,0,default routine age,<NA>,0.4000000000000000222045,both,1
yf-routine-campaign-default,"YF:YF,routine,with:default",YF,total,routine,GIN,Guinea,2023,0,0,<NA>,<NA>,0.4248532822235755457285,both,1
yf-routine-campaign-default,"YF:YF,routine,with:default",YF,total,routine,GIN,Guinea,2024,0,0,<NA>,<NA>,0.4486770883850098590173,both,1
yf-routine-campaign-default,"YF:YF,routine,with:default",YF,total,routine,GIN,Guinea,2025,0,0,<NA>,<NA>,0.471514061582827714858,both,1
yf-routine-campaign-default,"YF:YF,routine,with:default",YF,total,routine,GIN,Guinea,2026,0,0,<NA>,<NA>,0.4934050785472828826173,both,1
yf-routine-campaign-default,"YF:YF,routine,with:default",YF,total,routine,GIN,Guinea,2027,0,0,<NA>,<NA>,0.5143893228071070300444,both,1
yf-routine-campaign-default,"YF:YF,routine,with:default",YF,total,routine,GIN,Guinea,2028,0,0,<NA>,<NA>,0.534504354825534599982,both,1
yf-routine-campaign-default,"YF:YF,routine,with:default",YF,total,routine,GIN,Guinea,2029,0,0,<NA>,<NA>,0.5537861792311451480941,both,1
yf-routine-campaign-default,"YF:YF,routine,with:default",YF,total,routine,GIN,Guinea,2030,0,0,<NA>,<NA>,0.572269309263858994008,both,1
yf-routine-campaign-default,"YF:YF,routine,with:default",YF,total,routine,GIN,Guinea,2031,0,0,<NA>,<NA>,0.5822693092638590028898,both,1
yf-routine-campaign-default,"YF:YF,routine,with:default",YF,total,routine,GIN,Guinea,2032,0,0,<NA>,<NA>,0.5922693092638590117716,both,1
yf-routine-campaign-default,"YF:YF,routine,with:default",YF,total,routine,GIN,Guinea,2033,0,0,<NA>,<NA>,0.6022693092638590206533,both,1
yf-routine-campaign-default,"YF:YF,routine,with:default",YF,total,routine,GIN,Guinea,2034,0,0,<NA>,<NA>,0.6122693092638590295351,both,1
yf-routine-campaign-default,"YF:YF,routine,with:default",YF,total,routine,GIN,Guinea,2035,0,0,<NA>,<NA>,0.6222693092638590384169,both,1
yf-routine-campaign-default,"YF:YF,routine,with:default",YF,total,routine,GIN,Guinea,2036,0,0,<NA>,<NA>,0.6322693092638589362764,both,1
yf-routine-campaign-default,"YF:YF,routine,with:default",YF,total,routine,GIN,Guinea,2037,0,0,<NA>,<NA>,0.6422693092638589451582,both,1
yf-routine-campaign-default,"YF:YF,routine,with:default",YF,total,routine,GIN,Guinea,2038,0,0,<NA>,<NA>,0.65226930926385895404,both,1
yf-routine-campaign-default,"YF:YF,routine,with:default",YF,total,routine,GIN,Guinea,2039,0,0,<NA>,<NA>,0.6622693092638589629217,both,1
yf-routine-campaign-default,"YF:YF,routine,with:default",YF,total,routine,GIN,Guinea,2040,0,0,<NA>,<NA>,0.6722693092638589718035,both,1
yf-routine-campaign-default,"YF:YF,routine,with:default",YF,total,routine,GIN,Guinea,2041,0,0,<NA>,<NA>,0.6822693092638589806853,both,1
yf-routine-campaign-default,"YF:YF,routine,with:default",YF,total,routine,GIN,Guinea,2042,0,0,<NA>,<NA>,0.6922693092638589895671,both,1
yf-routine-campaign-default,"YF:YF,routine,with:default",YF,total,routine,GIN,Guinea,2043,0,0,<NA>,<NA>,0.7022693092638589984489,both,1
yf-routine-campaign-default,"YF:YF,routine,with:default",YF,total,routine,GIN,Guinea,2044,0,0,<NA>,<NA>,0.7122693092638590073307,both,1
yf-routine-campaign-default,"YF:YF,routine,with:default",YF,total,routine,GIN,Guinea,2045,0,0,<NA>,<NA>,0.7222693092638590162125,both,1
yf-routine-campaign-default,"YF:YF,routine,with:default",YF,total,routine,GIN,Guinea,2046,0,0,<NA>,<NA>,0.7322693092638590250942,both,1
yf-routine-campaign-default,"YF:YF,routine,with:default",YF,total,routine,GIN,Guinea,2047,0,0,<NA>,<NA>,0.742269309263859033976,both,1
yf-routine-campaign-default,"YF:YF,routine,with:default",YF,total,routine,GIN,Guinea,2048,0,0,<NA>,<NA>,0.7522693092638590428578,both,1
yf-routine-campaign-default,"YF:YF,routine,with:default",YF,total,routine,GIN,Guinea,2049,0,0,<NA>,<NA>,0.7622693092638590517396,both,1
yf-routine-campaign-default,"YF:YF,routine,with:default",YF,total,routine,GIN,Guinea,2050,0,0,<NA>,<NA>,0.7722693092638590606214,both,1
yf-routine-campaign-default,"YF:YF,routine,with:default",YF,total,routine,GIN,Guinea,2051,0,0,<NA>,<NA>,0.7822693092638589584809,both,1
yf-routine-campaign-default,"YF:YF,routine,with:default",YF,total,routine,GIN,Guinea,2052,0,0,<NA>,<NA>,0.7922693092638589673626,both,1
yf-routine-campaign-default,"YF:YF,routine,with:default",YF,total,routine,GIN,Guinea,2053,0,0,<NA>,<NA>,0.8022693092638589762444,both,1
yf-routine-campaign-default,"YF:YF,routine,with:default",YF,total,routine,GIN,Guinea,2054,0,0,<NA>,<NA>,0.8122693092638589851262,both,1
yf-routine-campaign-default,"YF:YF,routine,with:default",YF,total,routine,GIN,Guinea,2055,0,0,<NA>,<NA>,0.822269309263858994008,both,1
yf-routine-campaign-default,"YF:YF,routine,with:default",YF,total,routine,GIN,Guinea,2056,0,0,<NA>,<NA>,0.8322693092638590028898,both,1
yf-routine-campaign-default,"YF:YF,routine,with:default",YF,total,routine,GIN,Guinea,2057,0,0,<NA>,<NA>,0.8422693092638590117716,both,1
yf-routine-campaign-default,"YF:YF,routine,with:default",YF,total,routine,GIN,Guinea,2058,0,0,<NA>,<NA>,0.8522693092638590206533,both,1
yf-routine-campaign-default,"YF:YF,routine,with:default",YF,total,routine,GIN,Guinea,2059,0,0,<NA>,<NA>,0.8622693092638589185128,both,1
yf-routine-campaign-default,"YF:YF,routine,with:default",YF,total,routine,GIN,Guinea,2060,0,0,<NA>,<NA>,0.8722693092638589273946,both,1
yf-routine-campaign-default,"YF:YF,routine,with:default",YF,total,routine,GIN,Guinea,2061,0,0,<NA>,<NA>,0.8822693092638589362764,both,1
yf-routine-campaign-default,"YF:YF,routine,with:default",YF,total,routine,GIN,Guinea,2062,0,0,<NA>,<NA>,0.8922693092638589451582,both,1
yf-routine-campaign-default,"YF:YF,routine,with:default",YF,total,routine,GIN,Guinea,2063,0,0,<NA>,<NA>,0.90226930926385895404,both,1
yf-routine-campaign-default,"YF:YF,routine,with:default",YF,total,routine,GIN,Guinea,2064,0,0,<NA>,<NA>,0.9122693092638589629217,both,1
yf-routine-campaign-default,"YF:YF,routine,with:default",YF,total,routine,GIN,Guinea,2065,0,0,<NA>,<NA>,0.9222693092638589718035,both,1
yf-routine-campaign-default,"YF:YF,routine,with:default",YF,total,routine,GIN,Guinea,2066,0,0,<NA>,<NA>,0.9322693092638589806853,both,1
yf-routine-campaign-default,"YF:YF,routine,with:default",YF,total,routine,GIN,Guinea,2067,0,0,<NA>,<NA>,0.9422693092638589895671,both,1
yf-routine-campaign-default,"YF:YF,routine,with:default",YF,total,routine,GIN,Guinea,2068,0,0,<NA>,<NA>,0.9499999999999999555911,both,1
yf-routine-campaign-default,"YF:YF,routine,with:default",YF,total,routine,GIN,Guinea,2069,0,0,<NA>,<NA>,0.9499999999999999555911,both,1
yf-routine-campaign-default,"YF:YF,routine,with:default",YF,total,routine,GIN,Guinea,2070,0,0,<NA>,<NA>,0.9499999999999999555911,both,1
yf-routine-campaign-default,"YF:YF,routine,with:default",YF,total,routine,GIN,Guinea,2071,0,0,<NA>,<NA>,0.9499999999999999555911,both,1
yf-routine-campaign-default,"YF:YF,routine,with:default",YF,total,routine,GIN,Guinea,2072,0,0,<NA>,<NA>,0.9499999999999999555911,both,1
yf-routine-campaign-default,"YF:YF,routine,with:default",YF,total,routine,GIN,Guinea,2073,0,0,<NA>,<NA>,0.9499999999999999555911,both,1
yf-routine-campaign-default,"YF:YF,routine,with:default",YF,total,routine,GIN,Guinea,2074,0,0,<NA>,<NA>,0.9499999999999999555911,both,1
yf-routine-campaign-default,"YF:YF,routine,with:default",YF,total,routine,GIN,Guinea,2075,0,0,<NA>,<NA>,0.9499999999999999555911,both,1
yf-routine-campaign-default,"YF:YF,routine,with:default",YF,total,routine,GIN,Guinea,2076,0,0,<NA>,<NA>,0.9499999999999999555911,both,1
yf-routine-campaign-default,"YF:YF,routine,with:default",YF,total,routine,GIN,Guinea,2077,0,0,<NA>,<NA>,0.9499999999999999555911,both,1
yf-routine-campaign-default,"YF:YF,routine,with:default",YF,total,routine,GIN,Guinea,2078,0,0,<NA>,<NA>,0.9499999999999999555911,both,1
yf-routine-campaign-default,"YF:YF,routine,with:default",YF,total,routine,GIN,Guinea,2079,0,0,<NA>,<NA>,0.9499999999999999555911,both,1
yf-routine-campaign-default,"YF:YF,routine,with:default",YF,total,routine,GIN,Guinea,2080,0,0,<NA>,<NA>,0.9499999999999999555911,both,1
yf-routine-campaign-default,"YF:YF,routine,with:default",YF,total,routine,GIN,Guinea,2081,0,0,<NA>,<NA>,0.9499999999999999555911,both,1
yf-routine-campaign-default,"YF:YF,routine,with:default",YF,total,routine,GIN,Guinea,2082,0,0,<NA>,<NA>,0.9499999999999999555911,both,1
yf-routine-campaign-default,"YF:YF,routine,with:default",YF,total,routine,GIN,Guinea,2083,0,0,<NA>,<NA>,0.9499999999999999555911,both,1
yf-routine-campaign-default,"YF:YF,routine,with:default",YF,total,routine,GIN,Guinea,2084,0,0,<NA>,<NA>,0.9499999999999999555911,both,1
yf-routine-campaign-default,"YF:YF,routine,with:default",YF,total,routine,GIN,Guinea,2085,0,0,<NA>,<NA>,0.9499999999999999555911,both,1
yf-routine-campaign-default,"YF:YF,routine,with:default",YF,total,routine,GIN,Guinea,2086,0,0,<NA>,<NA>,0.9499999999999999555911,both,1
yf-routine-campaign-default,"YF:YF,routine,with:default",YF,total,routine,GIN,Guinea,2087,0,0,<NA>,<NA>,0.9499999999999999555911,both,1
yf-routine-campaign-default,"YF:YF,routine,with:default",YF,total,routine,GIN,Guinea,2088,0,0,<NA>,<NA>,0.9499999999999999555911,both,1
yf-routine-campaign-default,"YF:YF,routine,with:default",YF,total,routine,GIN,Guinea,2089,0,0,<NA>,<NA>,0.9499999999999999555911,both,1
yf-routine-campaign-default,"YF:YF,routine,with:default",YF,total,routine,GIN,Guinea,2090,0,0,<NA>,<NA>,0.9499999999999999555911,both,1
yf-routine-campaign-default,"YF:YF,routine,with:default",YF,total,routine,GIN,Guinea,2091,0,0,<NA>,<NA>,0.9499999999999999555911,both,1
yf-routine-campaign-default,"YF:YF,routine,with:default",YF,total,routine,GIN,Guinea,2092,0,0,<NA>,<NA>,0.9499999999999999555911,both,1
yf-routine-campaign-default,"YF:YF,routine,with:default",YF,total,routine,GIN,Guinea,2093,0,0,<NA>,<NA>,0.9499999999999999555911,both,1
yf-routine-campaign-default,"YF:YF,routine,with:default",YF,total,routine,GIN,Guinea,2094,0,0,<NA>,<NA>,0.9499999999999999555911,both,1
yf-routine-campaign-default,"YF:YF,routine,with:default",YF,total,routine,GIN,Guinea,2095,0,0,<NA>,<NA>,0.9499999999999999555911,both,1
yf-routine-campaign-default,"YF:YF,routine,with:default",YF,total,routine,GIN,Guinea,2096,0,0,<NA>,<NA>,0.9499999999999999555911,both,1
yf-routine-campaign-default,"YF:YF,routine,with:default",YF,total,routine,GIN,Guinea,2097,0,0,<NA>,<NA>,0.9499999999999999555911,both,1
yf-routine-campaign-default,"YF:YF,routine,with:default",YF,total,routine,GIN,Guinea,2098,0,0,<NA>,<NA>,0.9499999999999999555911,both,1
yf-routine-campaign-default,"YF:YF,routine,with:default",YF,total,routine,GIN,Guinea,2099,0,0,<NA>,<NA>,0.9499999999999999555911,both,1
yf-routine-campaign-default,"YF:YF,routine,with:default",YF,total,routine,GIN,Guinea,2100,0,0,<NA>,<NA>,0.9499999999999999555911,both,1
yf-routine-campaign-default,"YF:YF,routine,with:default",YF,total,routine,GMB,Gambia,1997,0,0,default routine age,<NA>,0.8699999999999999955591,both,1
yf-routine-campaign-default,"YF:YF,routine,with:default",YF,total,routine,GMB,Gambia,1998,0,0,default routine age,<NA>,0.8599999999999999866773,both,1
yf-routine-campaign-default,"YF:YF,routine,with:default",YF,total,routine,GMB,Gambia,1999,0,0,default routine age,<NA>,0.8599999999999999866773,both,1
yf-routine-campaign-default,"YF:YF,routine,with:default",YF,total,routine,GMB,Gambia,2000,0,0,default routine age,<NA>,0.8499999999999999777955,both,1
yf-routine-campaign-default,"YF:YF,routine,with:default",YF,total,routine,GMB,Gambia,2001,0,0,default routine age,<NA>,0.8399999999999999689138,both,1
yf-routine-campaign-default,"YF:YF,routine,with:default",YF,total,routine,GMB,Gambia,2002,0,0,default routine age,<NA>,0.8499999999999999777955,both,1
yf-routine-campaign-default,"YF:YF,routine,with:default",YF,total,routine,GMB,Gambia,2003,0,0,default routine age,<NA>,0.8399999999999999689138,both,1
yf-routine-campaign-default,"YF:YF,routine,with:default",YF,total,routine,GMB,Gambia,2004,0,0,default routine age,<NA>,0.8399999999999999689138,both,1
yf-routine-campaign-default,"YF:YF,routine,with:default",YF,total,routine,GMB,Gambia,2005,0,0,default routine age,<NA>,0.9100000000000000310862,both,1
yf-routine-campaign-default,"YF:YF,routine,with:default",YF,total,routine,GMB,Gambia,2006,0,0,default routine age,<NA>,0.8900000000000000133227,both,1
yf-routine-campaign-default,"YF:YF,routine,with:default",YF,total,routine,GMB,Gambia,2007,0,0,default routine age,<NA>,0.8800000000000000044409,both,1
yf-routine-campaign-default,"YF:YF,routine,with:default",YF,total,routine,GMB,Gambia,2008,0,0,default routine age,<NA>,0.9499999999999999555911,both,1
yf-routine-campaign-default,"YF:YF,routine,with:default",YF,total,routine,GMB,Gambia,2009,0,0,default routine age,<NA>,0.9599999999999999644729,both,1
yf-routine-campaign-default,"YF:YF,routine,with:default",YF,total,routine,GMB,Gambia,2010,0,0,default routine age,<NA>,0.920000000000000039968,both,1
yf-routine-campaign-default,"YF:YF,routine,with:default",YF,total,routine,GMB,Gambia,2011,0,0,default routine age,<NA>,0.9100000000000000310862,both,1
yf-routine-campaign-default,"YF:YF,routine,with:default",YF,total,routine,GMB,Gambia,2012,0,0,default routine age,<NA>,0.9499999999999999555911,both,1
yf-routine-campaign-default,"YF:YF,routine,with:default",YF,total,routine,GMB,Gambia,2013,0,0,default routine age,<NA>,0.9699999999999999733546,both,1
yf-routine-campaign-default,"YF:YF,routine,with:default",YF,total,routine,GMB,Gambia,2014,0,0,default routine age,<NA>,0.9599999999999999644729,both,1
yf-routine-campaign-default,"YF:YF,routine,with:default",YF,total,routine,GMB,Gambia,2015,0,0,default routine age,<NA>,0.9699999999999999733546,both,1
yf-routine-campaign-default,"YF:YF,routine,with:default",YF,total,routine,GMB,Gambia,2016,0,0,default routine age,<NA>,0.8399999999999999689138,both,1
yf-routine-campaign-default,"YF:YF,routine,with:default",YF,total,routine,GMB,Gambia,2017,0,0,default routine age,<NA>,0.9000000000000000222045,both,1
yf-routine-campaign-default,"YF:YF,routine,with:default",YF,total,routine,GMB,Gambia,2018,0,0,default routine age,<NA>,0.9100000000000000310862,both,1
yf-routine-campaign-default,"YF:YF,routine,with:default",YF,total,routine,GMB,Gambia,2019,0,0,default routine age,<NA>,0.8699999999999999955591,both,1
yf-routine-campaign-default,"YF:YF,routine,with:default",YF,total,routine,GMB,Gambia,2020,0,0,default routine age,<NA>,0.829999999999999960032,both,1
yf-routine-campaign-default,"YF:YF,routine,with:default",YF,total,routine,GMB,Gambia,2021,0,0,default routine age,<NA>,0.7800000000000000266454,both,1
yf-routine-campaign-default,"YF:YF,routine,with:default",YF,total,routine,GMB,Gambia,2022,0,0,default routine age,<NA>,0.7299999999999999822364,both,1
yf-routine-campaign-default,"YF:YF,routine,with:default",YF,total,routine,GMB,Gambia,2023,0,0,<NA>,<NA>,0.736251224544522964166,both,1
yf-routine-campaign-default,"YF:YF,routine,with:default",YF,total,routine,GMB,Gambia,2024,0,0,<NA>,<NA>,0.7423577164656901539175,both,1
yf-routine-campaign-default,"YF:YF,routine,with:default",YF,total,routine,GMB,Gambia,2025,0,0,<NA>,<NA>,0.7483228267121221355396,both,1
yf-routine-campaign-default,"YF:YF,routine,with:default",YF,total,routine,GMB,Gambia,2026,0,0,<NA>,<NA>,0.754149828648986275681,both,1
yf-routine-campaign-default,"YF:YF,routine,with:default",YF,total,routine,GMB,Gambia,2027,0,0,<NA>,<NA>,0.7598419198542627484017,both,1
yf-routine-campaign-default,"YF:YF,routine,with:default",YF,total,routine,GMB,Gambia,2028,0,0,<NA>,<NA>,0.7654022238734202732147,both,1
yf-routine-campaign-default,"YF:YF,routine,with:default",YF,total,routine,GMB,Gambia,2029,0,0,<NA>,<NA>,0.7708337919334683485673,both,1
yf-routine-campaign-default,"YF:YF,routine,with:default",YF,total,routine,GMB,Gambia,2030,0,0,<NA>,<NA>,0.7761396046173230089948,both,1
yf-routine-campaign-default,"YF:YF,routine,with:default",YF,total,routine,GMB,Gambia,2031,0,0,<NA>,<NA>,0.7861396046173230178766,both,1
yf-routine-campaign-default,"YF:YF,routine,with:default",YF,total,routine,GMB,Gambia,2032,0,0,<NA>,<NA>,0.7961396046173230267584,both,1
yf-routine-campaign-default,"YF:YF,routine,with:default",YF,total,routine,GMB,Gambia,2033,0,0,<NA>,<NA>,0.8061396046173230356402,both,1
yf-routine-campaign-default,"YF:YF,routine,with:default",YF,total,routine,GMB,Gambia,2034,0,0,<NA>,<NA>,0.816139604617323044522,both,1
yf-routine-campaign-default,"YF:YF,routine,with:default",YF,total,routine,GMB,Gambia,2035,0,0,<NA>,<NA>,0.8261396046173230534038,both,1
yf-routine-campaign-default,"YF:YF,routine,with:default",YF,total,routine,GMB,Gambia,2036,0,0,<NA>,<NA>,0.8361396046173230622855,both,1
yf-routine-campaign-default,"YF:YF,routine,with:default",YF,total,routine,GMB,Gambia,2037,0,0,<NA>,<NA>,0.8461396046173230711673,both,1
yf-routine-campaign-default,"YF:YF,routine,with:default",YF,total,routine,GMB,Gambia,2038,0,0,<NA>,<NA>,0.8561396046173229690268,both,1
yf-routine-campaign-default,"YF:YF,routine,with:default",YF,total,routine,GMB,Gambia,2039,0,0,<NA>,<NA>,0.8661396046173229779086,both,1
yf-routine-campaign-default,"YF:YF,routine,with:default",YF,total,routine,GMB,Gambia,2040,0,0,<NA>,<NA>,0.8761396046173229867904,both,1
yf-routine-campaign-default,"YF:YF,routine,with:default",YF,total,routine,GMB,Gambia,2041,0,0,<NA>,<NA>,0.8861396046173229956722,both,1
yf-routine-campaign-default,"YF:YF,routine,with:default",YF,total,routine,GMB,Gambia,2042,0,0,<NA>,<NA>,0.896139604617323004554,both,1
yf-routine-campaign-default,"YF:YF,routine,with:default",YF,total,routine,GMB,Gambia,2043,0,0,<NA>,<NA>,0.9061396046173230134357,both,1
yf-routine-campaign-default,"YF:YF,routine,with:default",YF,total,routine,GMB,Gambia,2044,0,0,<NA>,<NA>,0.9161396046173230223175,both,1
yf-routine-campaign-default,"YF:YF,routine,with:default",YF,total,routine,GMB,Gambia,2045,0,0,<NA>,<NA>,0.9261396046173230311993,both,1
yf-routine-campaign-default,"YF:YF,routine,with:default",YF,total,routine,GMB,Gambia,2046,0,0,<NA>,<NA>,0.9361396046173230400811,both,1
yf-routine-campaign-default,"YF:YF,routine,with:default",YF,total,routine,GMB,Gambia,2047,0,0,<NA>,<NA>,0.9461396046173230489629,both,1
yf-routine-campaign-default,"YF:YF,routine,with:default",YF,total,routine,GMB,Gambia,2048,0,0,<NA>,<NA>,0.9561396046173229468224,both,1
yf-routine-campaign-default,"YF:YF,routine,with:default",YF,total,routine,GMB,Gambia,2049,0,0,<NA>,<NA>,0.9661396046173229557041,both,1
yf-routine-campaign-default,"YF:YF,routine,with:default",YF,total,routine,GMB,Gambia,2050,0,0,<NA>,<NA>,0.9699999999999999733546,both,1
yf-routine-campaign-default,"YF:YF,routine,with:default",YF,total,routine,GMB,Gambia,2051,0,0,<NA>,<NA>,0.9699999999999999733546,both,1
yf-routine-campaign-default,"YF:YF,routine,with:default",YF,total,routine,GMB,Gambia,2052,0,0,<NA>,<NA>,0.9699999999999999733546,both,1
yf-routine-campaign-default,"YF:YF,routine,with:default",YF,total,routine,GMB,Gambia,2053,0,0,<NA>,<NA>,0.9699999999999999733546,both,1
yf-routine-campaign-default,"YF:YF,routine,with:default",YF,total,routine,GMB,Gambia,2054,0,0,<NA>,<NA>,0.9699999999999999733546,both,1
yf-routine-campaign-default,"YF:YF,routine,with:default",YF,total,routine,GMB,Gambia,2055,0,0,<NA>,<NA>,0.9699999999999999733546,both,1
yf-routine-campaign-default,"YF:YF,routine,with:default",YF,total,routine,GMB,Gambia,2056,0,0,<NA>,<NA>,0.9699999999999999733546,both,1
yf-routine-campaign-default,"YF:YF,routine,with:default",YF,total,routine,GMB,Gambia,2057,0,0,<NA>,<NA>,0.9699999999999999733546,both,1
yf-routine-campaign-default,"YF:YF,routine,with:default",YF,total,routine,GMB,Gambia,2058,0,0,<NA>,<NA>,0.9699999999999999733546,both,1
yf-routine-campaign-default,"YF:YF,routine,with:default",YF,total,routine,GMB,Gambia,2059,0,0,<NA>,<NA>,0.9699999999999999733546,both,1
yf-routine-campaign-default,"YF:YF,routine,with:default",YF,total,routine,GMB,Gambia,2060,0,0,<NA>,<NA>,0.9699999999999999733546,both,1
yf-routine-campaign-default,"YF:YF,routine,with:default",YF,total,routine,GMB,Gambia,2061,0,0,<NA>,<NA>,0.9699999999999999733546,both,1
yf-routine-campaign-default,"YF:YF,routine,with:default",YF,total,routine,GMB,Gambia,2062,0,0,<NA>,<NA>,0.9699999999999999733546,both,1
yf-routine-campaign-default,"YF:YF,routine,with:default",YF,total,routine,GMB,Gambia,2063,0,0,<NA>,<NA>,0.9699999999999999733546,both,1
yf-routine-campaign-default,"YF:YF,routine,with:default",YF,total,routine,GMB,Gambia,2064,0,0,<NA>,<NA>,0.9699999999999999733546,both,1
yf-routine-campaign-default,"YF:YF,routine,with:default",YF,total,routine,GMB,Gambia,2065,0,0,<NA>,<NA>,0.9699999999999999733546,both,1
yf-routine-campaign-default,"YF:YF,routine,with:default",YF,total,routine,GMB,Gambia,2066,0,0,<NA>,<NA>,0.9699999999999999733546,both,1
yf-routine-campaign-default,"YF:YF,routine,with:default",YF,total,routine,GMB,Gambia,2067,0,0,<NA>,<NA>,0.9699999999999999733546,both,1
yf-routine-campaign-default,"YF:YF,routine,with:default",YF,total,routine,GMB,Gambia,2068,0,0,<NA>,<NA>,0.9699999999999999733546,both,1
yf-routine-campaign-default,"YF:YF,routine,with:default",YF,total,routine,GMB,Gambia,2069,0,0,<NA>,<NA>,0.9699999999999999733546,both,1
yf-routine-campaign-default,"YF:YF,routine,with:default",YF,total,routine,GMB,Gambia,2070,0,0,<NA>,<NA>,0.9699999999999999733546,both,1
yf-routine-campaign-default,"YF:YF,routine,with:default",YF,total,routine,GMB,Gambia,2071,0,0,<NA>,<NA>,0.9699999999999999733546,both,1
yf-routine-campaign-default,"YF:YF,routine,with:default",YF,total,routine,GMB,Gambia,2072,0,0,<NA>,<NA>,0.9699999999999999733546,both,1
yf-routine-campaign-default,"YF:YF,routine,with:default",YF,total,routine,GMB,Gambia,2073,0,0,<NA>,<NA>,0.9699999999999999733546,both,1
yf-routine-campaign-default,"YF:YF,routine,with:default",YF,total,routine,GMB,Gambia,2074,0,0,<NA>,<NA>,0.9699999999999999733546,both,1
yf-routine-campaign-default,"YF:YF,routine,with:default",YF,total,routine,GMB,Gambia,2075,0,0,<NA>,<NA>,0.9699999999999999733546,both,1
yf-routine-campaign-default,"YF:YF,routine,with:default",YF,total,routine,GMB,Gambia,2076,0,0,<NA>,<NA>,0.9699999999999999733546,both,1
yf-routine-campaign-default,"YF:YF,routine,with:default",YF,total,routine,GMB,Gambia,2077,0,0,<NA>,<NA>,0.9699999999999999733546,both,1
yf-routine-campaign-default,"YF:YF,routine,with:default",YF,total,routine,GMB,Gambia,2078,0,0,<NA>,<NA>,0.9699999999999999733546,both,1
yf-routine-campaign-default,"YF:YF,routine,with:default",YF,total,routine,GMB,Gambia,2079,0,0,<NA>,<NA>,0.9699999999999999733546,both,1
yf-routine-campaign-default,"YF:YF,routine,with:default",YF,total,routine,GMB,Gambia,2080,0,0,<NA>,<NA>,0.9699999999999999733546,both,1
yf-routine-campaign-default,"YF:YF,routine,with:default",YF,total,routine,GMB,Gambia,2081,0,0,<NA>,<NA>,0.9699999999999999733546,both,1
yf-routine-campaign-default,"YF:YF,routine,with:default",YF,total,routine,GMB,Gambia,2082,0,0,<NA>,<NA>,0.9699999999999999733546,both,1
yf-routine-campaign-default,"YF:YF,routine,with:default",YF,total,routine,GMB,Gambia,2083,0,0,<NA>,<NA>,0.9699999999999999733546,both,1
yf-routine-campaign-default,"YF:YF,routine,with:default",YF,total,routine,GMB,Gambia,2084,0,0,<NA>,<NA>,0.9699999999999999733546,both,1
yf-routine-campaign-default,"YF:YF,routine,with:default",YF,total,routine,GMB,Gambia,2085,0,0,<NA>,<NA>,0.9699999999999999733546,both,1
yf-routine-campaign-default,"YF:YF,routine,with:default",YF,total,routine,GMB,Gambia,2086,0,0,<NA>,<NA>,0.9699999999999999733546,both,1
yf-routine-campaign-default,"YF:YF,routine,with:default",YF,total,routine,GMB,Gambia,2087,0,0,<NA>,<NA>,0.9699999999999999733546,both,1
yf-routine-campaign-default,"YF:YF,routine,with:default",YF,total,routine,GMB,Gambia,2088,0,0,<NA>,<NA>,0.9699999999999999733546,both,1
yf-routine-campaign-default,"YF:YF,routine,with:default",YF,total,routine,GMB,Gambia,2089,0,0,<NA>,<NA>,0.9699999999999999733546,both,1
yf-routine-campaign-default,"YF:YF,routine,with:default",YF,total,routine,GMB,Gambia,2090,0,0,<NA>,<NA>,0.9699999999999999733546,both,1
yf-routine-campaign-default,"YF:YF,routine,with:default",YF,total,routine,GMB,Gambia,2091,0,0,<NA>,<NA>,0.9699999999999999733546,both,1
yf-routine-campaign-default,"YF:YF,routine,with:default",YF,total,routine,GMB,Gambia,2092,0,0,<NA>,<NA>,0.9699999999999999733546,both,1
yf-routine-campaign-default,"YF:YF,routine,with:default",YF,total,routine,GMB,Gambia,2093,0,0,<NA>,<NA>,0.9699999999999999733546,both,1
yf-routine-campaign-default,"YF:YF,routine,with:default",YF,total,routine,GMB,Gambia,2094,0,0,<NA>,<NA>,0.9699999999999999733546,both,1
yf-routine-campaign-default,"YF:YF,routine,with:default",YF,total,routine,GMB,Gambia,2095,0,0,<NA>,<NA>,0.9699999999999999733546,both,1
yf-routine-campaign-default,"YF:YF,routine,with:default",YF,total,routine,GMB,Gambia,2096,0,0,<NA>,<NA>,0.9699999999999999733546,both,1
yf-routine-campaign-default,"YF:YF,routine,with:default",YF,total,routine,GMB,Gambia,2097,0,0,<NA>,<NA>,0.9699999999999999733546,both,1
yf-routine-campaign-default,"YF:YF,routine,with:default",YF,total,routine,GMB,Gambia,2098,0,0,<NA>,<NA>,0.9699999999999999733546,both,1
yf-routine-campaign-default,"YF:YF,routine,with:default",YF,total,routine,GMB,Gambia,2099,0,0,<NA>,<NA>,0.9699999999999999733546,both,1
yf-routine-campaign-default,"YF:YF,routine,with:default",YF,total,routine,GMB,Gambia,2100,0,0,<NA>,<NA>,0.9699999999999999733546,both,1
yf-routine-campaign-default,"YF:YF,routine,with:default",YF,total,routine,GNB,Guinea-Bissau,2008,0,0,default routine age,<NA>,0.3699999999999999955591,both,1
yf-routine-campaign-default,"YF:YF,routine,with:default",YF,total,routine,GNB,Guinea-Bissau,2009,0,0,default routine age,<NA>,0.6899999999999999467093,both,1
yf-routine-campaign-default,"YF:YF,routine,with:default",YF,total,routine,GNB,Guinea-Bissau,2010,0,0,default routine age,<NA>,0.7399999999999999911182,both,1
yf-routine-campaign-default,"YF:YF,routine,with:default",YF,total,routine,GNB,Guinea-Bissau,2011,0,0,default routine age,<NA>,0.7800000000000000266454,both,1
yf-routine-campaign-default,"YF:YF,routine,with:default",YF,total,routine,GNB,Guinea-Bissau,2012,0,0,default routine age,<NA>,0.75,both,1
yf-routine-campaign-default,"YF:YF,routine,with:default",YF,total,routine,GNB,Guinea-Bissau,2013,0,0,default routine age,<NA>,0.75,both,1
yf-routine-campaign-default,"YF:YF,routine,with:default",YF,total,routine,GNB,Guinea-Bissau,2014,0,0,default routine age,<NA>,0.5300000000000000266454,both,1
yf-routine-campaign-default,"YF:YF,routine,with:default",YF,total,routine,GNB,Guinea-Bissau,2015,0,0,default routine age,<NA>,0.75,both,1
yf-routine-campaign-default,"YF:YF,routine,with:default",YF,total,routine,GNB,Guinea-Bissau,2016,0,0,default routine age,<NA>,0.8000000000000000444089,both,1
yf-routine-campaign-default,"YF:YF,routine,with:default",YF,total,routine,GNB,Guinea-Bissau,2017,0,0,default routine age,<NA>,0.7199999999999999733546,both,1
yf-routine-campaign-default,"YF:YF,routine,with:default",YF,total,routine,GNB,Guinea-Bissau,2018,0,0,default routine age,<NA>,0.8000000000000000444089,both,1
yf-routine-campaign-default,"YF:YF,routine,with:default",YF,total,routine,GNB,Guinea-Bissau,2019,0,0,default routine age,<NA>,0.7900000000000000355271,both,1
yf-routine-campaign-default,"YF:YF,routine,with:default",YF,total,routine,GNB,Guinea-Bissau,2020,0,0,default routine age,<NA>,0.7099999999999999644729,both,1
yf-routine-campaign-default,"YF:YF,routine,with:default",YF,total,routine,GNB,Guinea-Bissau,2021,0,0,default routine age,<NA>,0.6300000000000000044409,both,1
yf-routine-campaign-default,"YF:YF,routine,with:default",YF,total,routine,GNB,Guinea-Bissau,2022,0,0,default routine age,<NA>,0.7099999999999999644729,both,1
yf-routine-campaign-default,"YF:YF,routine,with:default",YF,total,routine,GNB,Guinea-Bissau,2023,0,0,<NA>,<NA>,0.7227896496712682417041,both,1
yf-routine-campaign-default,"YF:YF,routine,with:default",YF,total,routine,GNB,Guinea-Bissau,2024,0,0,<NA>,<NA>,0.7350152471400753784181,both,1
yf-routine-campaign-default,"YF:YF,routine,with:default",YF,total,routine,GNB,Guinea-Bissau,2025,0,0,<NA>,<NA>,0.7467016683721652281491,both,1
yf-routine-campaign-default,"YF:YF,routine,with:default",YF,total,routine,GNB,Guinea-Bissau,2026,0,0,<NA>,<NA>,0.7578726922474643412642,both,1
yf-routine-campaign-default,"YF:YF,routine,with:default",YF,total,routine,GNB,Guinea-Bissau,2027,0,0,<NA>,<NA>,0.768551048944024151055,both,1
yf-routine-campaign-default,"YF:YF,routine,with:default",YF,total,routine,GNB,Guinea-Bissau,2028,0,0,<NA>,<NA>,0.7787584661881221670399,both,1
yf-routine-campaign-default,"YF:YF,routine,with:default",YF,total,routine,GNB,Guinea-Bissau,2029,0,0,<NA>,<NA>,0.7885157134646325616245,both,1
yf-routine-campaign-default,"YF:YF,routine,with:default",YF,total,routine,GNB,Guinea-Bissau,2030,0,0,<NA>,<NA>,0.7978426442776169746907,both,1
yf-routine-campaign-default,"YF:YF,routine,with:default",YF,total,routine,GNB,Guinea-Bissau,2031,0,0,<NA>,<NA>,0.8078426442776169835724,both,1
yf-routine-campaign-default,"YF:YF,routine,with:default",YF,total,routine,GNB,Guinea-Bissau,2032,0,0,<NA>,<NA>,0.8178426442776169924542,both,1
yf-routine-campaign-default,"YF:YF,routine,with:default",YF,total,routine,GNB,Guinea-Bissau,2033,0,0,<NA>,<NA>,0.827842644277617001336,both,1
yf-routine-campaign-default,"YF:YF,routine,with:default",YF,total,routine,GNB,Guinea-Bissau,2034,0,0,<NA>,<NA>,0.8378426442776170102178,both,1
yf-routine-campaign-default,"YF:YF,routine,with:default",YF,total,routine,GNB,Guinea-Bissau,2035,0,0,<NA>,<NA>,0.8478426442776170190996,both,1
yf-routine-campaign-default,"YF:YF,routine,with:default",YF,total,routine,GNB,Guinea-Bissau,2036,0,0,<NA>,<NA>,0.8578426442776170279814,both,1
yf-routine-campaign-default,"YF:YF,routine,with:default",YF,total,routine,GNB,Guinea-Bissau,2037,0,0,<NA>,<NA>,0.8678426442776170368631,both,1
yf-routine-campaign-default,"YF:YF,routine,with:default",YF,total,routine,GNB,Guinea-Bissau,2038,0,0,<NA>,<NA>,0.8778426442776169347226,both,1
yf-routine-campaign-default,"YF:YF,routine,with:default",YF,total,routine,GNB,Guinea-Bissau,2039,0,0,<NA>,<NA>,0.8878426442776169436044,both,1
yf-routine-campaign-default,"YF:YF,routine,with:default",YF,total,routine,GNB,Guinea-Bissau,2040,0,0,<NA>,<NA>,0.8978426442776169524862,both,1
yf-routine-campaign-default,"YF:YF,routine,with:default",YF,total,routine,GNB,Guinea-Bissau,2041,0,0,<NA>,<NA>,0.907842644277616961368,both,1
yf-routine-campaign-default,"YF:YF,routine,with:default",YF,total,routine,GNB,Guinea-Bissau,2042,0,0,<NA>,<NA>,0.9178426442776169702498,both,1
yf-routine-campaign-default,"YF:YF,routine,with:default",YF,total,routine,GNB,Guinea-Bissau,2043,0,0,<NA>,<NA>,0.9278426442776169791316,both,1
yf-routine-campaign-default,"YF:YF,routine,with:default",YF,total,routine,GNB,Guinea-Bissau,2044,0,0,<NA>,<NA>,0.9378426442776169880133,both,1
yf-routine-campaign-default,"YF:YF,routine,with:default",YF,total,routine,GNB,Guinea-Bissau,2045,0,0,<NA>,<NA>,0.9478426442776169968951,both,1
yf-routine-campaign-default,"YF:YF,routine,with:default",YF,total,routine,GNB,Guinea-Bissau,2046,0,0,<NA>,<NA>,0.9499999999999999555911,both,1
yf-routine-campaign-default,"YF:YF,routine,with:default",YF,total,routine,GNB,Guinea-Bissau,2047,0,0,<NA>,<NA>,0.9499999999999999555911,both,1
yf-routine-campaign-default,"YF:YF,routine,with:default",YF,total,routine,GNB,Guinea-Bissau,2048,0,0,<NA>,<NA>,0.9499999999999999555911,both,1
yf-routine-campaign-default,"YF:YF,routine,with:default",YF,total,routine,GNB,Guinea-Bissau,2049,0,0,<NA>,<NA>,0.9499999999999999555911,both,1
yf-routine-campaign-default,"YF:YF,routine,with:default",YF,total,routine,GNB,Guinea-Bissau,2050,0,0,<NA>,<NA>,0.9499999999999999555911,both,1
yf-routine-campaign-default,"YF:YF,routine,with:default",YF,total,routine,GNB,Guinea-Bissau,2051,0,0,<NA>,<NA>,0.9499999999999999555911,both,1
yf-routine-campaign-default,"YF:YF,routine,with:default",YF,total,routine,GNB,Guinea-Bissau,2052,0,0,<NA>,<NA>,0.9499999999999999555911,both,1
yf-routine-campaign-default,"YF:YF,routine,with:default",YF,total,routine,GNB,Guinea-Bissau,2053,0,0,<NA>,<NA>,0.9499999999999999555911,both,1
yf-routine-campaign-default,"YF:YF,routine,with:default",YF,total,routine,GNB,Guinea-Bissau,2054,0,0,<NA>,<NA>,0.9499999999999999555911,both,1
yf-routine-campaign-default,"YF:YF,routine,with:default",YF,total,routine,GNB,Guinea-Bissau,2055,0,0,<NA>,<NA>,0.9499999999999999555911,both,1
yf-routine-campaign-default,"YF:YF,routine,with:default",YF,total,routine,GNB,Guinea-Bissau,2056,0,0,<NA>,<NA>,0.9499999999999999555911,both,1
yf-routine-campaign-default,"YF:YF,routine,with:default",YF,total,routine,GNB,Guinea-Bissau,2057,0,0,<NA>,<NA>,0.9499999999999999555911,both,1
yf-routine-campaign-default,"YF:YF,routine,with:default",YF,total,routine,GNB,Guinea-Bissau,2058,0,0,<NA>,<NA>,0.9499999999999999555911,both,1
yf-routine-campaign-default,"YF:YF,routine,with:default",YF,total,routine,GNB,Guinea-Bissau,2059,0,0,<NA>,<NA>,0.9499999999999999555911,both,1
yf-routine-campaign-default,"YF:YF,routine,with:default",YF,total,routine,GNB,Guinea-Bissau,2060,0,0,<NA>,<NA>,0.9499999999999999555911,both,1
yf-routine-campaign-default,"YF:YF,routine,with:default",YF,total,routine,GNB,Guinea-Bissau,2061,0,0,<NA>,<NA>,0.9499999999999999555911,both,1
yf-routine-campaign-default,"YF:YF,routine,with:default",YF,total,routine,GNB,Guinea-Bissau,2062,0,0,<NA>,<NA>,0.9499999999999999555911,both,1
yf-routine-campaign-default,"YF:YF,routine,with:default",YF,total,routine,GNB,Guinea-Bissau,2063,0,0,<NA>,<NA>,0.9499999999999999555911,both,1
yf-routine-campaign-default,"YF:YF,routine,with:default",YF,total,routine,GNB,Guinea-Bissau,2064,0,0,<NA>,<NA>,0.9499999999999999555911,both,1
yf-routine-campaign-default,"YF:YF,routine,with:default",YF,total,routine,GNB,Guinea-Bissau,2065,0,0,<NA>,<NA>,0.9499999999999999555911,both,1
yf-routine-campaign-default,"YF:YF,routine,with:default",YF,total,routine,GNB,Guinea-Bissau,2066,0,0,<NA>,<NA>,0.9499999999999999555911,both,1
yf-routine-campaign-default,"YF:YF,routine,with:default",YF,total,routine,GNB,Guinea-Bissau,2067,0,0,<NA>,<NA>,0.9499999999999999555911,both,1
yf-routine-campaign-default,"YF:YF,routine,with:default",YF,total,routine,GNB,Guinea-Bissau,2068,0,0,<NA>,<NA>,0.9499999999999999555911,both,1
yf-routine-campaign-default,"YF:YF,routine,with:default",YF,total,routine,GNB,Guinea-Bissau,2069,0,0,<NA>,<NA>,0.9499999999999999555911,both,1
yf-routine-campaign-default,"YF:YF,routine,with:default",YF,total,routine,GNB,Guinea-Bissau,2070,0,0,<NA>,<NA>,0.9499999999999999555911,both,1
yf-routine-campaign-default,"YF:YF,routine,with:default",YF,total,routine,GNB,Guinea-Bissau,2071,0,0,<NA>,<NA>,0.9499999999999999555911,both,1
yf-routine-campaign-default,"YF:YF,routine,with:default",YF,total,routine,GNB,Guinea-Bissau,2072,0,0,<NA>,<NA>,0.9499999999999999555911,both,1
yf-routine-campaign-default,"YF:YF,routine,with:default",YF,total,routine,GNB,Guinea-Bissau,2073,0,0,<NA>,<NA>,0.9499999999999999555911,both,1
yf-routine-campaign-default,"YF:YF,routine,with:default",YF,total,routine,GNB,Guinea-Bissau,2074,0,0,<NA>,<NA>,0.9499999999999999555911,both,1
yf-routine-campaign-default,"YF:YF,routine,with:default",YF,total,routine,GNB,Guinea-Bissau,2075,0,0,<NA>,<NA>,0.9499999999999999555911,both,1
yf-routine-campaign-default,"YF:YF,routine,with:default",YF,total,routine,GNB,Guinea-Bissau,2076,0,0,<NA>,<NA>,0.9499999999999999555911,both,1
yf-routine-campaign-default,"YF:YF,routine,with:default",YF,total,routine,GNB,Guinea-Bissau,2077,0,0,<NA>,<NA>,0.9499999999999999555911,both,1
yf-routine-campaign-default,"YF:YF,routine,with:default",YF,total,routine,GNB,Guinea-Bissau,2078,0,0,<NA>,<NA>,0.9499999999999999555911,both,1
yf-routine-campaign-default,"YF:YF,routine,with:default",YF,total,routine,GNB,Guinea-Bissau,2079,0,0,<NA>,<NA>,0.9499999999999999555911,both,1
yf-routine-campaign-default,"YF:YF,routine,with:default",YF,total,routine,GNB,Guinea-Bissau,2080,0,0,<NA>,<NA>,0.9499999999999999555911,both,1
yf-routine-campaign-default,"YF:YF,routine,with:default",YF,total,routine,GNB,Guinea-Bissau,2081,0,0,<NA>,<NA>,0.9499999999999999555911,both,1
yf-routine-campaign-default,"YF:YF,routine,with:default",YF,total,routine,GNB,Guinea-Bissau,2082,0,0,<NA>,<NA>,0.9499999999999999555911,both,1
yf-routine-campaign-default,"YF:YF,routine,with:default",YF,total,routine,GNB,Guinea-Bissau,2083,0,0,<NA>,<NA>,0.9499999999999999555911,both,1
yf-routine-campaign-default,"YF:YF,routine,with:default",YF,total,routine,GNB,Guinea-Bissau,2084,0,0,<NA>,<NA>,0.9499999999999999555911,both,1
yf-routine-campaign-default,"YF:YF,routine,with:default",YF,total,routine,GNB,Guinea-Bissau,2085,0,0,<NA>,<NA>,0.9499999999999999555911,both,1
yf-routine-campaign-default,"YF:YF,routine,with:default",YF,total,routine,GNB,Guinea-Bissau,2086,0,0,<NA>,<NA>,0.9499999999999999555911,both,1
yf-routine-campaign-default,"YF:YF,routine,with:default",YF,total,routine,GNB,Guinea-Bissau,2087,0,0,<NA>,<NA>,0.9499999999999999555911,both,1
yf-routine-campaign-default,"YF:YF,routine,with:default",YF,total,routine,GNB,Guinea-Bissau,2088,0,0,<NA>,<NA>,0.9499999999999999555911,both,1
yf-routine-campaign-default,"YF:YF,routine,with:default",YF,total,routine,GNB,Guinea-Bissau,2089,0,0,<NA>,<NA>,0.9499999999999999555911,both,1
yf-routine-campaign-default,"YF:YF,routine,with:default",YF,total,routine,GNB,Guinea-Bissau,2090,0,0,<NA>,<NA>,0.9499999999999999555911,both,1
yf-routine-campaign-default,"YF:YF,routine,with:default",YF,total,routine,GNB,Guinea-Bissau,2091,0,0,<NA>,<NA>,0.9499999999999999555911,both,1
yf-routine-campaign-default,"YF:YF,routine,with:default",YF,total,routine,GNB,Guinea-Bissau,2092,0,0,<NA>,<NA>,0.9499999999999999555911,both,1
yf-routine-campaign-default,"YF:YF,routine,with:default",YF,total,routine,GNB,Guinea-Bissau,2093,0,0,<NA>,<NA>,0.9499999999999999555911,both,1
yf-routine-campaign-default,"YF:YF,routine,with:default",YF,total,routine,GNB,Guinea-Bissau,2094,0,0,<NA>,<NA>,0.9499999999999999555911,both,1
yf-routine-campaign-default,"YF:YF,routine,with:default",YF,total,routine,GNB,Guinea-Bissau,2095,0,0,<NA>,<NA>,0.9499999999999999555911,both,1
yf-routine-campaign-default,"YF:YF,routine,with:default",YF,total,routine,GNB,Guinea-Bissau,2096,0,0,<NA>,<NA>,0.9499999999999999555911,both,1
yf-routine-campaign-default,"YF:YF,routine,with:default",YF,total,routine,GNB,Guinea-Bissau,2097,0,0,<NA>,<NA>,0.9499999999999999555911,both,1
yf-routine-campaign-default,"YF:YF,routine,with:default",YF,total,routine,GNB,Guinea-Bissau,2098,0,0,<NA>,<NA>,0.9499999999999999555911,both,1
yf-routine-campaign-default,"YF:YF,routine,with:default",YF,total,routine,GNB,Guinea-Bissau,2099,0,0,<NA>,<NA>,0.9499999999999999555911,both,1
yf-routine-campaign-default,"YF:YF,routine,with:default",YF,total,routine,GNB,Guinea-Bissau,2100,0,0,<NA>,<NA>,0.9499999999999999555911,both,1
yf-routine-campaign-default,"YF:YF,routine,with:default",YF,total,routine,KEN,Kenya,2002,0,0,default routine age,<NA>,0.0100000000000000002082,both,1
yf-routine-campaign-default,"YF:YF,routine,with:default",YF,total,routine,KEN,Kenya,2003,0,0,default routine age,<NA>,0.0100000000000000002082,both,1
yf-routine-campaign-default,"YF:YF,routine,with:default",YF,total,routine,KEN,Kenya,2004,0,0,default routine age,<NA>,0.0100000000000000002082,both,1
yf-routine-campaign-default,"YF:YF,routine,with:default",YF,total,routine,KEN,Kenya,2005,0,0,default routine age,<NA>,0.0100000000000000002082,both,1
yf-routine-campaign-default,"YF:YF,routine,with:default",YF,total,routine,KEN,Kenya,2006,0,0,default routine age,<NA>,0.0100000000000000002082,both,1
yf-routine-campaign-default,"YF:YF,routine,with:default",YF,total,routine,KEN,Kenya,2007,0,0,default routine age,<NA>,0.0100000000000000002082,both,1
yf-routine-campaign-default,"YF:YF,routine,with:default",YF,total,routine,KEN,Kenya,2008,0,0,default routine age,<NA>,0.0100000000000000002082,both,1
yf-routine-campaign-default,"YF:YF,routine,with:default",YF,total,routine,KEN,Kenya,2009,0,0,default routine age,<NA>,0.0100000000000000002082,both,1
yf-routine-campaign-default,"YF:YF,routine,with:default",YF,total,routine,KEN,Kenya,2010,0,0,default routine age,<NA>,0.0100000000000000002082,both,1
yf-routine-campaign-default,"YF:YF,routine,with:default",YF,total,routine,KEN,Kenya,2011,0,0,default routine age,<NA>,0.0100000000000000002082,both,1
yf-routine-campaign-default,"YF:YF,routine,with:default",YF,total,routine,KEN,Kenya,2012,0,0,default routine age,<NA>,0.0200000000000000004163,both,1
yf-routine-campaign-default,"YF:YF,routine,with:default",YF,total,routine,KEN,Kenya,2013,0,0,default routine age,<NA>,0.0200000000000000004163,both,1
yf-routine-campaign-default,"YF:YF,routine,with:default",YF,total,routine,KEN,Kenya,2014,0,0,default routine age,<NA>,0.0100000000000000002082,both,1
yf-routine-campaign-default,"YF:YF,routine,with:default",YF,total,routine,KEN,Kenya,2015,0,0,default routine age,<NA>,0.0100000000000000002082,both,1
yf-routine-campaign-default,"YF:YF,routine,with:default",YF,total,routine,KEN,Kenya,2016,0,0,default routine age,<NA>,0.0100000000000000002082,both,1
yf-routine-campaign-default,"YF:YF,routine,with:default",YF,total,routine,KEN,Kenya,2017,0,0,default routine age,<NA>,0.0100000000000000002082,both,1
yf-routine-campaign-default,"YF:YF,routine,with:default",YF,total,routine,KEN,Kenya,2018,0,0,default routine age,<NA>,0.0100000000000000002082,both,1
yf-routine-campaign-default,"YF:YF,routine,with:default",YF,total,routine,KEN,Kenya,2019,0,0,default routine age,<NA>,0.0200000000000000004163,both,1
yf-routine-campaign-default,"YF:YF,routine,with:default",YF,total,routine,KEN,Kenya,2020,0,0,default routine age,<NA>,0.0700000000000000066613,both,1
yf-routine-campaign-default,"YF:YF,routine,with:default",YF,total,routine,KEN,Kenya,2021,0,0,default routine age,<NA>,0.0700000000000000066613,both,1
yf-routine-campaign-default,"YF:YF,routine,with:default",YF,total,routine,KEN,Kenya,2022,0,0,default routine age,<NA>,0.0400000000000000008327,both,1
yf-routine-campaign-default,"YF:YF,routine,with:default",YF,total,routine,KEN,Kenya,2023,0,0,<NA>,<NA>,0.0400000000000000355271,both,1
yf-routine-campaign-default,"YF:YF,routine,with:default",YF,total,routine,KEN,Kenya,2024,0,0,<NA>,<NA>,0.0400000000000000355271,both,1
yf-routine-campaign-default,"YF:YF,routine,with:default",YF,total,routine,KEN,Kenya,2025,0,0,<NA>,<NA>,0.0400000000000000355271,both,1
yf-routine-campaign-default,"YF:YF,routine,with:default",YF,total,routine,KEN,Kenya,2026,0,0,<NA>,<NA>,0.0400000000000000355271,both,1
yf-routine-campaign-default,"YF:YF,routine,with:default",YF,total,routine,KEN,Kenya,2027,0,0,<NA>,<NA>,0.0400000000000000355271,both,1
yf-routine-campaign-default,"YF:YF,routine,with:default",YF,total,routine,KEN,Kenya,2028,0,0,<NA>,<NA>,0.0400000000000000355271,both,1
yf-routine-campaign-default,"YF:YF,routine,with:default",YF,total,routine,KEN,Kenya,2029,0,0,<NA>,<NA>,0.0400000000000000355271,both,1
yf-routine-campaign-default,"YF:YF,routine,with:default",YF,total,routine,KEN,Kenya,2030,0,0,<NA>,<NA>,0.0400000000000000008327,both,1
yf-routine-campaign-default,"YF:YF,routine,with:default",YF,total,routine,KEN,Kenya,2031,0,0,<NA>,<NA>,0.0500000000000000027756,both,1
yf-routine-campaign-default,"YF:YF,routine,with:default",YF,total,routine,KEN,Kenya,2032,0,0,<NA>,<NA>,0.0599999999999999977796,both,1
yf-routine-campaign-default,"YF:YF,routine,with:default",YF,total,routine,KEN,Kenya,2033,0,0,<NA>,<NA>,0.0700000000000000066613,both,1
yf-routine-campaign-default,"YF:YF,routine,with:default",YF,total,routine,KEN,Kenya,2034,0,0,<NA>,<NA>,0.0800000000000000016653,both,1
yf-routine-campaign-default,"YF:YF,routine,with:default",YF,total,routine,KEN,Kenya,2035,0,0,<NA>,<NA>,0.0899999999999999966693,both,1
yf-routine-campaign-default,"YF:YF,routine,with:default",YF,total,routine,KEN,Kenya,2036,0,0,<NA>,<NA>,0.1000000000000000055511,both,1
yf-routine-campaign-default,"YF:YF,routine,with:default",YF,total,routine,KEN,Kenya,2037,0,0,<NA>,<NA>,0.1100000000000000144329,both,1
yf-routine-campaign-default,"YF:YF,routine,with:default",YF,total,routine,KEN,Kenya,2038,0,0,<NA>,<NA>,0.1199999999999999955591,both,1
yf-routine-campaign-default,"YF:YF,routine,with:default",YF,total,routine,KEN,Kenya,2039,0,0,<NA>,<NA>,0.1300000000000000044409,both,1
yf-routine-campaign-default,"YF:YF,routine,with:default",YF,total,routine,KEN,Kenya,2040,0,0,<NA>,<NA>,0.1400000000000000133227,both,1
yf-routine-campaign-default,"YF:YF,routine,with:default",YF,total,routine,KEN,Kenya,2041,0,0,<NA>,<NA>,0.1499999999999999944489,both,1
yf-routine-campaign-default,"YF:YF,routine,with:default",YF,total,routine,KEN,Kenya,2042,0,0,<NA>,<NA>,0.1600000000000000033307,both,1
yf-routine-campaign-default,"YF:YF,routine,with:default",YF,total,routine,KEN,Kenya,2043,0,0,<NA>,<NA>,0.1700000000000000122125,both,1
yf-routine-campaign-default,"YF:YF,routine,with:default",YF,total,routine,KEN,Kenya,2044,0,0,<NA>,<NA>,0.1800000000000000210942,both,1
yf-routine-campaign-default,"YF:YF,routine,with:default",YF,total,routine,KEN,Kenya,2045,0,0,<NA>,<NA>,0.1900000000000000022204,both,1
yf-routine-campaign-default,"YF:YF,routine,with:default",YF,total,routine,KEN,Kenya,2046,0,0,<NA>,<NA>,0.2000000000000000111022,both,1
yf-routine-campaign-default,"YF:YF,routine,with:default",YF,total,routine,KEN,Kenya,2047,0,0,<NA>,<NA>,0.210000000000000019984,both,1
yf-routine-campaign-default,"YF:YF,routine,with:default",YF,total,routine,KEN,Kenya,2048,0,0,<NA>,<NA>,0.2200000000000000011102,both,1
yf-routine-campaign-default,"YF:YF,routine,with:default",YF,total,routine,KEN,Kenya,2049,0,0,<NA>,<NA>,0.230000000000000009992,both,1
yf-routine-campaign-default,"YF:YF,routine,with:default",YF,total,routine,KEN,Kenya,2050,0,0,<NA>,<NA>,0.2400000000000000188738,both,1
yf-routine-campaign-default,"YF:YF,routine,with:default",YF,total,routine,KEN,Kenya,2051,0,0,<NA>,<NA>,0.25,both,1
yf-routine-campaign-default,"YF:YF,routine,with:default",YF,total,routine,KEN,Kenya,2052,0,0,<NA>,<NA>,0.2600000000000000088818,both,1
yf-routine-campaign-default,"YF:YF,routine,with:default",YF,total,routine,KEN,Kenya,2053,0,0,<NA>,<NA>,0.2700000000000000177636,both,1
yf-routine-campaign-default,"YF:YF,routine,with:default",YF,total,routine,KEN,Kenya,2054,0,0,<NA>,<NA>,0.2799999999999999711342,both,1
yf-routine-campaign-default,"YF:YF,routine,with:default",YF,total,routine,KEN,Kenya,2055,0,0,<NA>,<NA>,0.289999999999999980016,both,1
yf-routine-campaign-default,"YF:YF,routine,with:default",YF,total,routine,KEN,Kenya,2056,0,0,<NA>,<NA>,0.2999999999999999888978,both,1
yf-routine-campaign-default,"YF:YF,routine,with:default",YF,total,routine,KEN,Kenya,2057,0,0,<NA>,<NA>,0.3099999999999999977796,both,1
yf-routine-campaign-default,"YF:YF,routine,with:default",YF,total,routine,KEN,Kenya,2058,0,0,<NA>,<NA>,0.3200000000000000066613,both,1
yf-routine-campaign-default,"YF:YF,routine,with:default",YF,total,routine,KEN,Kenya,2059,0,0,<NA>,<NA>,0.329999999999999960032,both,1
yf-routine-campaign-default,"YF:YF,routine,with:default",YF,total,routine,KEN,Kenya,2060,0,0,<NA>,<NA>,0.3399999999999999689138,both,1
yf-routine-campaign-default,"YF:YF,routine,with:default",YF,total,routine,KEN,Kenya,2061,0,0,<NA>,<NA>,0.3499999999999999777955,both,1
yf-routine-campaign-default,"YF:YF,routine,with:default",YF,total,routine,KEN,Kenya,2062,0,0,<NA>,<NA>,0.3599999999999999866773,both,1
yf-routine-campaign-default,"YF:YF,routine,with:default",YF,total,routine,KEN,Kenya,2063,0,0,<NA>,<NA>,0.3699999999999999955591,both,1
yf-routine-campaign-default,"YF:YF,routine,with:default",YF,total,routine,KEN,Kenya,2064,0,0,<NA>,<NA>,0.3800000000000000044409,both,1
yf-routine-campaign-default,"YF:YF,routine,with:default",YF,total,routine,KEN,Kenya,2065,0,0,<NA>,<NA>,0.3900000000000000133227,both,1
yf-routine-campaign-default,"YF:YF,routine,with:default",YF,total,routine,KEN,Kenya,2066,0,0,<NA>,<NA>,0.3999999999999999666933,both,1
yf-routine-campaign-default,"YF:YF,routine,with:default",YF,total,routine,KEN,Kenya,2067,0,0,<NA>,<NA>,0.4099999999999999755751,both,1
yf-routine-campaign-default,"YF:YF,routine,with:default",YF,total,routine,KEN,Kenya,2068,0,0,<NA>,<NA>,0.4199999999999999844569,both,1
yf-routine-campaign-default,"YF:YF,routine,with:default",YF,total,routine,KEN,Kenya,2069,0,0,<NA>,<NA>,0.4299999999999999933387,both,1
yf-routine-campaign-default,"YF:YF,routine,with:default",YF,total,routine,KEN,Kenya,2070,0,0,<NA>,<NA>,0.4400000000000000022204,both,1
yf-routine-campaign-default,"YF:YF,routine,with:default",YF,total,routine,KEN,Kenya,2071,0,0,<NA>,<NA>,0.4500000000000000111022,both,1
yf-routine-campaign-default,"YF:YF,routine,with:default",YF,total,routine,KEN,Kenya,2072,0,0,<NA>,<NA>,0.4599999999999999644729,both,1
yf-routine-campaign-default,"YF:YF,routine,with:default",YF,total,routine,KEN,Kenya,2073,0,0,<NA>,<NA>,0.4699999999999999733546,both,1
yf-routine-campaign-default,"YF:YF,routine,with:default",YF,total,routine,KEN,Kenya,2074,0,0,<NA>,<NA>,0.4799999999999999822364,both,1
yf-routine-campaign-default,"YF:YF,routine,with:default",YF,total,routine,KEN,Kenya,2075,0,0,<NA>,<NA>,0.4899999999999999911182,both,1
yf-routine-campaign-default,"YF:YF,routine,with:default",YF,total,routine,KEN,Kenya,2076,0,0,<NA>,<NA>,0.5,both,1
yf-routine-campaign-default,"YF:YF,routine,with:default",YF,total,routine,KEN,Kenya,2077,0,0,<NA>,<NA>,0.5100000000000000088818,both,1
yf-routine-campaign-default,"YF:YF,routine,with:default",YF,total,routine,KEN,Kenya,2078,0,0,<NA>,<NA>,0.5200000000000000177636,both,1
yf-routine-campaign-default,"YF:YF,routine,with:default",YF,total,routine,KEN,Kenya,2079,0,0,<NA>,<NA>,0.5300000000000000266454,both,1
yf-routine-campaign-default,"YF:YF,routine,with:default",YF,total,routine,KEN,Kenya,2080,0,0,<NA>,<NA>,0.5400000000000000355271,both,1
yf-routine-campaign-default,"YF:YF,routine,with:default",YF,total,routine,KEN,Kenya,2081,0,0,<NA>,<NA>,0.5500000000000000444089,both,1
yf-routine-campaign-default,"YF:YF,routine,with:default",YF,total,routine,KEN,Kenya,2082,0,0,<NA>,<NA>,0.5600000000000000532907,both,1
yf-routine-campaign-default,"YF:YF,routine,with:default",YF,total,routine,KEN,Kenya,2083,0,0,<NA>,<NA>,0.5700000000000000621725,both,1
yf-routine-campaign-default,"YF:YF,routine,with:default",YF,total,routine,KEN,Kenya,2084,0,0,<NA>,<NA>,0.5800000000000000710543,both,1
yf-routine-campaign-default,"YF:YF,routine,with:default",YF,total,routine,KEN,Kenya,2085,0,0,<NA>,<NA>,0.5900000000000000799361,both,1
yf-routine-campaign-default,"YF:YF,routine,with:default",YF,total,routine,KEN,Kenya,2086,0,0,<NA>,<NA>,0.6000000000000000888178,both,1
yf-routine-campaign-default,"YF:YF,routine,with:default",YF,total,routine,KEN,Kenya,2087,0,0,<NA>,<NA>,0.6100000000000000976996,both,1
yf-routine-campaign-default,"YF:YF,routine,with:default",YF,total,routine,KEN,Kenya,2088,0,0,<NA>,<NA>,0.6199999999999999955591,both,1
yf-routine-campaign-default,"YF:YF,routine,with:default",YF,total,routine,KEN,Kenya,2089,0,0,<NA>,<NA>,0.6300000000000000044409,both,1
yf-routine-campaign-default,"YF:YF,routine,with:default",YF,total,routine,KEN,Kenya,2090,0,0,<NA>,<NA>,0.6400000000000000133227,both,1
yf-routine-campaign-default,"YF:YF,routine,with:default",YF,total,routine,KEN,Kenya,2091,0,0,<NA>,<NA>,0.6500000000000000222045,both,1
yf-routine-campaign-default,"YF:YF,routine,with:default",YF,total,routine,KEN,Kenya,2092,0,0,<NA>,<NA>,0.6600000000000000310862,both,1
yf-routine-campaign-default,"YF:YF,routine,with:default",YF,total,routine,KEN,Kenya,2093,0,0,<NA>,<NA>,0.670000000000000039968,both,1
yf-routine-campaign-default,"YF:YF,routine,with:default",YF,total,routine,KEN,Kenya,2094,0,0,<NA>,<NA>,0.6800000000000000488498,both,1
yf-routine-campaign-default,"YF:YF,routine,with:default",YF,total,routine,KEN,Kenya,2095,0,0,<NA>,<NA>,0.6900000000000000577316,both,1
yf-routine-campaign-default,"YF:YF,routine,with:default",YF,total,routine,KEN,Kenya,2096,0,0,<NA>,<NA>,0.7000000000000000666134,both,1
yf-routine-campaign-default,"YF:YF,routine,with:default",YF,total,routine,KEN,Kenya,2097,0,0,<NA>,<NA>,0.7100000000000000754952,both,1
yf-routine-campaign-default,"YF:YF,routine,with:default",YF,total,routine,KEN,Kenya,2098,0,0,<NA>,<NA>,0.7200000000000000843769,both,1
yf-routine-campaign-default,"YF:YF,routine,with:default",YF,total,routine,KEN,Kenya,2099,0,0,<NA>,<NA>,0.7300000000000000932587,both,1
yf-routine-campaign-default,"YF:YF,routine,with:default",YF,total,routine,KEN,Kenya,2100,0,0,<NA>,<NA>,0.7400000000000001021405,both,1
yf-routine-campaign-default,"YF:YF,routine,with:default",YF,total,routine,LBR,Liberia,2001,0,0,default routine age,<NA>,0.5600000000000000532907,both,1
yf-routine-campaign-default,"YF:YF,routine,with:default",YF,total,routine,LBR,Liberia,2002,0,0,default routine age,<NA>,0.3900000000000000133227,both,1
yf-routine-campaign-default,"YF:YF,routine,with:default",YF,total,routine,LBR,Liberia,2003,0,0,default routine age,<NA>,0.2800000000000000266454,both,1
yf-routine-campaign-default,"YF:YF,routine,with:default",YF,total,routine,LBR,Liberia,2004,0,0,default routine age,<NA>,0.3400000000000000244249,both,1
yf-routine-campaign-default,"YF:YF,routine,with:default",YF,total,routine,LBR,Liberia,2005,0,0,default routine age,<NA>,0.579999999999999960032,both,1
yf-routine-campaign-default,"YF:YF,routine,with:default",YF,total,routine,LBR,Liberia,2006,0,0,default routine age,<NA>,0.5699999999999999511502,both,1
yf-routine-campaign-default,"YF:YF,routine,with:default",YF,total,routine,LBR,Liberia,2007,0,0,default routine age,<NA>,0.6400000000000000133227,both,1
yf-routine-campaign-default,"YF:YF,routine,with:default",YF,total,routine,LBR,Liberia,2008,0,0,default routine age,<NA>,0.7399999999999999911182,both,1
yf-routine-campaign-default,"YF:YF,routine,with:default",YF,total,routine,LBR,Liberia,2009,0,0,default routine age,<NA>,0.829999999999999960032,both,1
yf-routine-campaign-default,"YF:YF,routine,with:default",YF,total,routine,LBR,Liberia,2010,0,0,default routine age,<NA>,0.6400000000000000133227,both,1
yf-routine-campaign-default,"YF:YF,routine,with:default",YF,total,routine,LBR,Liberia,2011,0,0,default routine age,<NA>,0.6999999999999999555911,both,1
yf-routine-campaign-default,"YF:YF,routine,with:default",YF,total,routine,LBR,Liberia,2012,0,0,default routine age,<NA>,0.7800000000000000266454,both,1
yf-routine-campaign-default,"YF:YF,routine,with:default",YF,total,routine,LBR,Liberia,2013,0,0,default routine age,<NA>,0.7299999999999999822364,both,1
yf-routine-campaign-default,"YF:YF,routine,with:default",YF,total,routine,LBR,Liberia,2014,0,0,default routine age,<NA>,0.5400000000000000355271,both,1
yf-routine-campaign-default,"YF:YF,routine,with:default",YF,total,routine,LBR,Liberia,2015,0,0,default routine age,<NA>,0.5600000000000000532907,both,1
yf-routine-campaign-default,"YF:YF,routine,with:default",YF,total,routine,LBR,Liberia,2016,0,0,default routine age,<NA>,0.6400000000000000133227,both,1
yf-routine-campaign-default,"YF:YF,routine,with:default",YF,total,routine,LBR,Liberia,2017,0,0,default routine age,<NA>,0.7199999999999999733546,both,1
yf-routine-campaign-default,"YF:YF,routine,with:default",YF,total,routine,LBR,Liberia,2018,0,0,default routine age,<NA>,0.6999999999999999555911,both,1
yf-routine-campaign-default,"YF:YF,routine,with:default",YF,total,routine,LBR,Liberia,2019,0,0,default routine age,<NA>,0.6500000000000000222045,both,1
yf-routine-campaign-default,"YF:YF,routine,with:default",YF,total,routine,LBR,Liberia,2020,0,0,default routine age,<NA>,0.4899999999999999911182,both,1
yf-routine-campaign-default,"YF:YF,routine,with:default",YF,total,routine,LBR,Liberia,2021,0,0,default routine age,<NA>,0.6500000000000000222045,both,1
yf-routine-campaign-default,"YF:YF,routine,with:default",YF,total,routine,LBR,Liberia,2022,0,0,default routine age,<NA>,0.7800000000000000266454,both,1
yf-routine-campaign-default,"YF:YF,routine,with:default",YF,total,routine,LBR,Liberia,2023,0,0,<NA>,<NA>,0.7800000000000000266454,both,1
yf-routine-campaign-default,"YF:YF,routine,with:default",YF,total,routine,LBR,Liberia,2024,0,0,<NA>,<NA>,0.7800000000000000266454,both,1
yf-routine-campaign-default,"YF:YF,routine,with:default",YF,total,routine,LBR,Liberia,2025,0,0,<NA>,<NA>,0.7800000000000000266454,both,1
yf-routine-campaign-default,"YF:YF,routine,with:default",YF,total,routine,LBR,Liberia,2026,0,0,<NA>,<NA>,0.7800000000000000266454,both,1
yf-routine-campaign-default,"YF:YF,routine,with:default",YF,total,routine,LBR,Liberia,2027,0,0,<NA>,<NA>,0.7800000000000000266454,both,1
yf-routine-campaign-default,"YF:YF,routine,with:default",YF,total,routine,LBR,Liberia,2028,0,0,<NA>,<NA>,0.7800000000000000266454,both,1
yf-routine-campaign-default,"YF:YF,routine,with:default",YF,total,routine,LBR,Liberia,2029,0,0,<NA>,<NA>,0.7800000000000000266454,both,1
yf-routine-campaign-default,"YF:YF,routine,with:default",YF,total,routine,LBR,Liberia,2030,0,0,<NA>,<NA>,0.7800000000000000266454,both,1
yf-routine-campaign-default,"YF:YF,routine,with:default",YF,total,routine,LBR,Liberia,2031,0,0,<NA>,<NA>,0.7900000000000000355271,both,1
yf-routine-campaign-default,"YF:YF,routine,with:default",YF,total,routine,LBR,Liberia,2032,0,0,<NA>,<NA>,0.8000000000000000444089,both,1
yf-routine-campaign-default,"YF:YF,routine,with:default",YF,total,routine,LBR,Liberia,2033,0,0,<NA>,<NA>,0.8100000000000000532907,both,1
yf-routine-campaign-default,"YF:YF,routine,with:default",YF,total,routine,LBR,Liberia,2034,0,0,<NA>,<NA>,0.8200000000000000621725,both,1
yf-routine-campaign-default,"YF:YF,routine,with:default",YF,total,routine,LBR,Liberia,2035,0,0,<NA>,<NA>,0.8300000000000000710543,both,1
yf-routine-campaign-default,"YF:YF,routine,with:default",YF,total,routine,LBR,Liberia,2036,0,0,<NA>,<NA>,0.8400000000000000799361,both,1
yf-routine-campaign-default,"YF:YF,routine,with:default",YF,total,routine,LBR,Liberia,2037,0,0,<NA>,<NA>,0.8500000000000000888178,both,1
yf-routine-campaign-default,"YF:YF,routine,with:default",YF,total,routine,LBR,Liberia,2038,0,0,<NA>,<NA>,0.8599999999999999866773,both,1
yf-routine-campaign-default,"YF:YF,routine,with:default",YF,total,routine,LBR,Liberia,2039,0,0,<NA>,<NA>,0.8699999999999999955591,both,1
yf-routine-campaign-default,"YF:YF,routine,with:default",YF,total,routine,LBR,Liberia,2040,0,0,<NA>,<NA>,0.8800000000000000044409,both,1
yf-routine-campaign-default,"YF:YF,routine,with:default",YF,total,routine,LBR,Liberia,2041,0,0,<NA>,<NA>,0.8900000000000000133227,both,1
yf-routine-campaign-default,"YF:YF,routine,with:default",YF,total,routine,LBR,Liberia,2042,0,0,<NA>,<NA>,0.9000000000000000222045,both,1
yf-routine-campaign-default,"YF:YF,routine,with:default",YF,total,routine,LBR,Liberia,2043,0,0,<NA>,<NA>,0.9100000000000000310862,both,1
yf-routine-campaign-default,"YF:YF,routine,with:default",YF,total,routine,LBR,Liberia,2044,0,0,<NA>,<NA>,0.920000000000000039968,both,1
yf-routine-campaign-default,"YF:YF,routine,with:default",YF,total,routine,LBR,Liberia,2045,0,0,<NA>,<NA>,0.9300000000000000488498,both,1
yf-routine-campaign-default,"YF:YF,routine,with:default",YF,total,routine,LBR,Liberia,2046,0,0,<NA>,<NA>,0.9400000000000000577316,both,1
yf-routine-campaign-default,"YF:YF,routine,with:default",YF,total,routine,LBR,Liberia,2047,0,0,<NA>,<NA>,0.9499999999999999555911,both,1
yf-routine-campaign-default,"YF:YF,routine,with:default",YF,total,routine,LBR,Liberia,2048,0,0,<NA>,<NA>,0.9499999999999999555911,both,1
yf-routine-campaign-default,"YF:YF,routine,with:default",YF,total,routine,LBR,Liberia,2049,0,0,<NA>,<NA>,0.9499999999999999555911,both,1
yf-routine-campaign-default,"YF:YF,routine,with:default",YF,total,routine,LBR,Liberia,2050,0,0,<NA>,<NA>,0.9499999999999999555911,both,1
yf-routine-campaign-default,"YF:YF,routine,with:default",YF,total,routine,LBR,Liberia,2051,0,0,<NA>,<NA>,0.9499999999999999555911,both,1
yf-routine-campaign-default,"YF:YF,routine,with:default",YF,total,routine,LBR,Liberia,2052,0,0,<NA>,<NA>,0.9499999999999999555911,both,1
yf-routine-campaign-default,"YF:YF,routine,with:default",YF,total,routine,LBR,Liberia,2053,0,0,<NA>,<NA>,0.9499999999999999555911,both,1
yf-routine-campaign-default,"YF:YF,routine,with:default",YF,total,routine,LBR,Liberia,2054,0,0,<NA>,<NA>,0.9499999999999999555911,both,1
yf-routine-campaign-default,"YF:YF,routine,with:default",YF,total,routine,LBR,Liberia,2055,0,0,<NA>,<NA>,0.9499999999999999555911,both,1
yf-routine-campaign-default,"YF:YF,routine,with:default",YF,total,routine,LBR,Liberia,2056,0,0,<NA>,<NA>,0.9499999999999999555911,both,1
yf-routine-campaign-default,"YF:YF,routine,with:default",YF,total,routine,LBR,Liberia,2057,0,0,<NA>,<NA>,0.9499999999999999555911,both,1
yf-routine-campaign-default,"YF:YF,routine,with:default",YF,total,routine,LBR,Liberia,2058,0,0,<NA>,<NA>,0.9499999999999999555911,both,1
yf-routine-campaign-default,"YF:YF,routine,with:default",YF,total,routine,LBR,Liberia,2059,0,0,<NA>,<NA>,0.9499999999999999555911,both,1
yf-routine-campaign-default,"YF:YF,routine,with:default",YF,total,routine,LBR,Liberia,2060,0,0,<NA>,<NA>,0.9499999999999999555911,both,1
yf-routine-campaign-default,"YF:YF,routine,with:default",YF,total,routine,LBR,Liberia,2061,0,0,<NA>,<NA>,0.9499999999999999555911,both,1
yf-routine-campaign-default,"YF:YF,routine,with:default",YF,total,routine,LBR,Liberia,2062,0,0,<NA>,<NA>,0.9499999999999999555911,both,1
yf-routine-campaign-default,"YF:YF,routine,with:default",YF,total,routine,LBR,Liberia,2063,0,0,<NA>,<NA>,0.9499999999999999555911,both,1
yf-routine-campaign-default,"YF:YF,routine,with:default",YF,total,routine,LBR,Liberia,2064,0,0,<NA>,<NA>,0.9499999999999999555911,both,1
yf-routine-campaign-default,"YF:YF,routine,with:default",YF,total,routine,LBR,Liberia,2065,0,0,<NA>,<NA>,0.9499999999999999555911,both,1
yf-routine-campaign-default,"YF:YF,routine,with:default",YF,total,routine,LBR,Liberia,2066,0,0,<NA>,<NA>,0.9499999999999999555911,both,1
yf-routine-campaign-default,"YF:YF,routine,with:default",YF,total,routine,LBR,Liberia,2067,0,0,<NA>,<NA>,0.9499999999999999555911,both,1
yf-routine-campaign-default,"YF:YF,routine,with:default",YF,total,routine,LBR,Liberia,2068,0,0,<NA>,<NA>,0.9499999999999999555911,both,1
yf-routine-campaign-default,"YF:YF,routine,with:default",YF,total,routine,LBR,Liberia,2069,0,0,<NA>,<NA>,0.9499999999999999555911,both,1
yf-routine-campaign-default,"YF:YF,routine,with:default",YF,total,routine,LBR,Liberia,2070,0,0,<NA>,<NA>,0.9499999999999999555911,both,1
yf-routine-campaign-default,"YF:YF,routine,with:default",YF,total,routine,LBR,Liberia,2071,0,0,<NA>,<NA>,0.9499999999999999555911,both,1
yf-routine-campaign-default,"YF:YF,routine,with:default",YF,total,routine,LBR,Liberia,2072,0,0,<NA>,<NA>,0.9499999999999999555911,both,1
yf-routine-campaign-default,"YF:YF,routine,with:default",YF,total,routine,LBR,Liberia,2073,0,0,<NA>,<NA>,0.9499999999999999555911,both,1
yf-routine-campaign-default,"YF:YF,routine,with:default",YF,total,routine,LBR,Liberia,2074,0,0,<NA>,<NA>,0.9499999999999999555911,both,1
yf-routine-campaign-default,"YF:YF,routine,with:default",YF,total,routine,LBR,Liberia,2075,0,0,<NA>,<NA>,0.9499999999999999555911,both,1
yf-routine-campaign-default,"YF:YF,routine,with:default",YF,total,routine,LBR,Liberia,2076,0,0,<NA>,<NA>,0.9499999999999999555911,both,1
yf-routine-campaign-default,"YF:YF,routine,with:default",YF,total,routine,LBR,Liberia,2077,0,0,<NA>,<NA>,0.9499999999999999555911,both,1
yf-routine-campaign-default,"YF:YF,routine,with:default",YF,total,routine,LBR,Liberia,2078,0,0,<NA>,<NA>,0.9499999999999999555911,both,1
yf-routine-campaign-default,"YF:YF,routine,with:default",YF,total,routine,LBR,Liberia,2079,0,0,<NA>,<NA>,0.9499999999999999555911,both,1
yf-routine-campaign-default,"YF:YF,routine,with:default",YF,total,routine,LBR,Liberia,2080,0,0,<NA>,<NA>,0.9499999999999999555911,both,1
yf-routine-campaign-default,"YF:YF,routine,with:default",YF,total,routine,LBR,Liberia,2081,0,0,<NA>,<NA>,0.9499999999999999555911,both,1
yf-routine-campaign-default,"YF:YF,routine,with:default",YF,total,routine,LBR,Liberia,2082,0,0,<NA>,<NA>,0.9499999999999999555911,both,1
yf-routine-campaign-default,"YF:YF,routine,with:default",YF,total,routine,LBR,Liberia,2083,0,0,<NA>,<NA>,0.9499999999999999555911,both,1
yf-routine-campaign-default,"YF:YF,routine,with:default",YF,total,routine,LBR,Liberia,2084,0,0,<NA>,<NA>,0.9499999999999999555911,both,1
yf-routine-campaign-default,"YF:YF,routine,with:default",YF,total,routine,LBR,Liberia,2085,0,0,<NA>,<NA>,0.9499999999999999555911,both,1
yf-routine-campaign-default,"YF:YF,routine,with:default",YF,total,routine,LBR,Liberia,2086,0,0,<NA>,<NA>,0.9499999999999999555911,both,1
yf-routine-campaign-default,"YF:YF,routine,with:default",YF,total,routine,LBR,Liberia,2087,0,0,<NA>,<NA>,0.9499999999999999555911,both,1
yf-routine-campaign-default,"YF:YF,routine,with:default",YF,total,routine,LBR,Liberia,2088,0,0,<NA>,<NA>,0.9499999999999999555911,both,1
yf-routine-campaign-default,"YF:YF,routine,with:default",YF,total,routine,LBR,Liberia,2089,0,0,<NA>,<NA>,0.9499999999999999555911,both,1
yf-routine-campaign-default,"YF:YF,routine,with:default",YF,total,routine,LBR,Liberia,2090,0,0,<NA>,<NA>,0.9499999999999999555911,both,1
yf-routine-campaign-default,"YF:YF,routine,with:default",YF,total,routine,LBR,Liberia,2091,0,0,<NA>,<NA>,0.9499999999999999555911,both,1
yf-routine-campaign-default,"YF:YF,routine,with:default",YF,total,routine,LBR,Liberia,2092,0,0,<NA>,<NA>,0.9499999999999999555911,both,1
yf-routine-campaign-default,"YF:YF,routine,with:default",YF,total,routine,LBR,Liberia,2093,0,0,<NA>,<NA>,0.9499999999999999555911,both,1
yf-routine-campaign-default,"YF:YF,routine,with:default",YF,total,routine,LBR,Liberia,2094,0,0,<NA>,<NA>,0.9499999999999999555911,both,1
yf-routine-campaign-default,"YF:YF,routine,with:default",YF,total,routine,LBR,Liberia,2095,0,0,<NA>,<NA>,0.9499999999999999555911,both,1
yf-routine-campaign-default,"YF:YF,routine,with:default",YF,total,routine,LBR,Liberia,2096,0,0,<NA>,<NA>,0.9499999999999999555911,both,1
yf-routine-campaign-default,"YF:YF,routine,with:default",YF,total,routine,LBR,Liberia,2097,0,0,<NA>,<NA>,0.9499999999999999555911,both,1
yf-routine-campaign-default,"YF:YF,routine,with:default",YF,total,routine,LBR,Liberia,2098,0,0,<NA>,<NA>,0.9499999999999999555911,both,1
yf-routine-campaign-default,"YF:YF,routine,with:default",YF,total,routine,LBR,Liberia,2099,0,0,<NA>,<NA>,0.9499999999999999555911,both,1
yf-routine-campaign-default,"YF:YF,routine,with:default",YF,total,routine,LBR,Liberia,2100,0,0,<NA>,<NA>,0.9499999999999999555911,both,1
yf-routine-campaign-default,"YF:YF,routine,with:default",YF,total,routine,MLI,Mali,1998,0,0,default routine age,<NA>,0.1000000000000000055511,both,1
yf-routine-campaign-default,"YF:YF,routine,with:default",YF,total,routine,MLI,Mali,1999,0,0,default routine age,<NA>,0.1300000000000000044409,both,1
yf-routine-campaign-default,"YF:YF,routine,with:default",YF,total,routine,MLI,Mali,2000,0,0,default routine age,<NA>,0.1100000000000000005551,both,1
yf-routine-campaign-default,"YF:YF,routine,with:default",YF,total,routine,MLI,Mali,2001,0,0,default routine age,<NA>,0.0800000000000000016653,both,1
yf-routine-campaign-default,"YF:YF,routine,with:default",YF,total,routine,MLI,Mali,2002,0,0,default routine age,<NA>,0.2800000000000000266454,both,1
yf-routine-campaign-default,"YF:YF,routine,with:default",YF,total,routine,MLI,Mali,2003,0,0,default routine age,<NA>,0.5699999999999999511502,both,1
yf-routine-campaign-default,"YF:YF,routine,with:default",YF,total,routine,MLI,Mali,2004,0,0,default routine age,<NA>,0.6199999999999999955591,both,1
yf-routine-campaign-default,"YF:YF,routine,with:default",YF,total,routine,MLI,Mali,2005,0,0,default routine age,<NA>,0.7199999999999999733546,both,1
yf-routine-campaign-default,"YF:YF,routine,with:default",YF,total,routine,MLI,Mali,2006,0,0,default routine age,<NA>,0.7199999999999999733546,both,1
yf-routine-campaign-default,"YF:YF,routine,with:default",YF,total,routine,MLI,Mali,2007,0,0,default routine age,<NA>,0.7099999999999999644729,both,1
yf-routine-campaign-default,"YF:YF,routine,with:default",YF,total,routine,MLI,Mali,2008,0,0,default routine age,<NA>,0.7399999999999999911182,both,1
yf-routine-campaign-default,"YF:YF,routine,with:default",YF,total,routine,MLI,Mali,2009,0,0,default routine age,<NA>,0.7199999999999999733546,both,1
yf-routine-campaign-default,"YF:YF,routine,with:default",YF,total,routine,MLI,Mali,2010,0,0,default routine age,<NA>,0.6899999999999999467093,both,1
yf-routine-campaign-default,"YF:YF,routine,with:default",YF,total,routine,MLI,Mali,2011,0,0,default routine age,<NA>,0.6600000000000000310862,both,1
yf-routine-campaign-default,"YF:YF,routine,with:default",YF,total,routine,MLI,Mali,2012,0,0,default routine age,<NA>,0.6300000000000000044409,both,1
yf-routine-campaign-default,"YF:YF,routine,with:default",YF,total,routine,MLI,Mali,2013,0,0,default routine age,<NA>,0.5999999999999999777955,both,1
yf-routine-campaign-default,"YF:YF,routine,with:default",YF,total,routine,MLI,Mali,2014,0,0,default routine age,<NA>,0.5899999999999999689138,both,1
yf-routine-campaign-default,"YF:YF,routine,with:default",YF,total,routine,MLI,Mali,2015,0,0,default routine age,<NA>,0.6400000000000000133227,both,1
yf-routine-campaign-default,"YF:YF,routine,with:default",YF,total,routine,MLI,Mali,2016,0,0,default routine age,<NA>,0.6800000000000000488498,both,1
yf-routine-campaign-default,"YF:YF,routine,with:default",YF,total,routine,MLI,Mali,2017,0,0,default routine age,<NA>,0.6600000000000000310862,both,1
yf-routine-campaign-default,"YF:YF,routine,with:default",YF,total,routine,MLI,Mali,2018,0,0,default routine age,<NA>,0.6600000000000000310862,both,1
yf-routine-campaign-default,"YF:YF,routine,with:default",YF,total,routine,MLI,Mali,2019,0,0,default routine age,<NA>,0.6600000000000000310862,both,1
yf-routine-campaign-default,"YF:YF,routine,with:default",YF,total,routine,MLI,Mali,2020,0,0,default routine age,<NA>,0.579999999999999960032,both,1
yf-routine-campaign-default,"YF:YF,routine,with:default",YF,total,routine,MLI,Mali,2021,0,0,default routine age,<NA>,0.6600000000000000310862,both,1
yf-routine-campaign-default,"YF:YF,routine,with:default",YF,total,routine,MLI,Mali,2022,0,0,default routine age,<NA>,0.6600000000000000310862,both,1
yf-routine-campaign-default,"YF:YF,routine,with:default",YF,total,routine,MLI,Mali,2023,0,0,<NA>,<NA>,0.6776230521777036885922,both,1
yf-routine-campaign-default,"YF:YF,routine,with:default",YF,total,routine,MLI,Mali,2024,0,0,<NA>,<NA>,0.6943326573905306275947,both,1
yf-routine-campaign-default,"YF:YF,routine,with:default",YF,total,routine,MLI,Mali,2025,0,0,<NA>,<NA>,0.7101761618841385681478,both,1
yf-routine-campaign-default,"YF:YF,routine,with:default",YF,total,routine,MLI,Mali,2026,0,0,<NA>,<NA>,0.7251984578296037931011,both,1
yf-routine-campaign-default,"YF:YF,routine,with:default",YF,total,routine,MLI,Mali,2027,0,0,<NA>,<NA>,0.7394421105242576786054,both,1
yf-routine-campaign-default,"YF:YF,routine,with:default",YF,total,routine,MLI,Mali,2028,0,0,<NA>,<NA>,0.7529474789993850780689,both,1
yf-routine-campaign-default,"YF:YF,routine,with:default",YF,total,routine,MLI,Mali,2029,0,0,<NA>,<NA>,0.7657528303765235300204,both,1
yf-routine-campaign-default,"YF:YF,routine,with:default",YF,total,routine,MLI,Mali,2030,0,0,<NA>,<NA>,0.7778944482963879858417,both,1
yf-routine-campaign-default,"YF:YF,routine,with:default",YF,total,routine,MLI,Mali,2031,0,0,<NA>,<NA>,0.7878944482963879947235,both,1
yf-routine-campaign-default,"YF:YF,routine,with:default",YF,total,routine,MLI,Mali,2032,0,0,<NA>,<NA>,0.7978944482963880036053,both,1
yf-routine-campaign-default,"YF:YF,routine,with:default",YF,total,routine,MLI,Mali,2033,0,0,<NA>,<NA>,0.8078944482963880124871,both,1
yf-routine-campaign-default,"YF:YF,routine,with:default",YF,total,routine,MLI,Mali,2034,0,0,<NA>,<NA>,0.8178944482963880213688,both,1
yf-routine-campaign-default,"YF:YF,routine,with:default",YF,total,routine,MLI,Mali,2035,0,0,<NA>,<NA>,0.8278944482963880302506,both,1
yf-routine-campaign-default,"YF:YF,routine,with:default",YF,total,routine,MLI,Mali,2036,0,0,<NA>,<NA>,0.8378944482963879281101,both,1
yf-routine-campaign-default,"YF:YF,routine,with:default",YF,total,routine,MLI,Mali,2037,0,0,<NA>,<NA>,0.8478944482963879369919,both,1
yf-routine-campaign-default,"YF:YF,routine,with:default",YF,total,routine,MLI,Mali,2038,0,0,<NA>,<NA>,0.8578944482963879458737,both,1
yf-routine-campaign-default,"YF:YF,routine,with:default",YF,total,routine,MLI,Mali,2039,0,0,<NA>,<NA>,0.8678944482963879547555,both,1
yf-routine-campaign-default,"YF:YF,routine,with:default",YF,total,routine,MLI,Mali,2040,0,0,<NA>,<NA>,0.8778944482963879636372,both,1
yf-routine-campaign-default,"YF:YF,routine,with:default",YF,total,routine,MLI,Mali,2041,0,0,<NA>,<NA>,0.887894448296387972519,both,1
yf-routine-campaign-default,"YF:YF,routine,with:default",YF,total,routine,MLI,Mali,2042,0,0,<NA>,<NA>,0.8978944482963879814008,both,1
yf-routine-campaign-default,"YF:YF,routine,with:default",YF,total,routine,MLI,Mali,2043,0,0,<NA>,<NA>,0.9078944482963879902826,both,1
yf-routine-campaign-default,"YF:YF,routine,with:default",YF,total,routine,MLI,Mali,2044,0,0,<NA>,<NA>,0.9178944482963879991644,both,1
yf-routine-campaign-default,"YF:YF,routine,with:default",YF,total,routine,MLI,Mali,2045,0,0,<NA>,<NA>,0.9278944482963880080462,both,1
yf-routine-campaign-default,"YF:YF,routine,with:default",YF,total,routine,MLI,Mali,2046,0,0,<NA>,<NA>,0.9378944482963880169279,both,1
yf-routine-campaign-default,"YF:YF,routine,with:default",YF,total,routine,MLI,Mali,2047,0,0,<NA>,<NA>,0.9478944482963880258097,both,1
yf-routine-campaign-default,"YF:YF,routine,with:default",YF,total,routine,MLI,Mali,2048,0,0,<NA>,<NA>,0.9499999999999999555911,both,1
yf-routine-campaign-default,"YF:YF,routine,with:default",YF,total,routine,MLI,Mali,2049,0,0,<NA>,<NA>,0.9499999999999999555911,both,1
yf-routine-campaign-default,"YF:YF,routine,with:default",YF,total,routine,MLI,Mali,2050,0,0,<NA>,<NA>,0.9499999999999999555911,both,1
yf-routine-campaign-default,"YF:YF,routine,with:default",YF,total,routine,MLI,Mali,2051,0,0,<NA>,<NA>,0.9499999999999999555911,both,1
yf-routine-campaign-default,"YF:YF,routine,with:default",YF,total,routine,MLI,Mali,2052,0,0,<NA>,<NA>,0.9499999999999999555911,both,1
yf-routine-campaign-default,"YF:YF,routine,with:default",YF,total,routine,MLI,Mali,2053,0,0,<NA>,<NA>,0.9499999999999999555911,both,1
yf-routine-campaign-default,"YF:YF,routine,with:default",YF,total,routine,MLI,Mali,2054,0,0,<NA>,<NA>,0.9499999999999999555911,both,1
yf-routine-campaign-default,"YF:YF,routine,with:default",YF,total,routine,MLI,Mali,2055,0,0,<NA>,<NA>,0.9499999999999999555911,both,1
yf-routine-campaign-default,"YF:YF,routine,with:default",YF,total,routine,MLI,Mali,2056,0,0,<NA>,<NA>,0.9499999999999999555911,both,1
yf-routine-campaign-default,"YF:YF,routine,with:default",YF,total,routine,MLI,Mali,2057,0,0,<NA>,<NA>,0.9499999999999999555911,both,1
yf-routine-campaign-default,"YF:YF,routine,with:default",YF,total,routine,MLI,Mali,2058,0,0,<NA>,<NA>,0.9499999999999999555911,both,1
yf-routine-campaign-default,"YF:YF,routine,with:default",YF,total,routine,MLI,Mali,2059,0,0,<NA>,<NA>,0.9499999999999999555911,both,1
yf-routine-campaign-default,"YF:YF,routine,with:default",YF,total,routine,MLI,Mali,2060,0,0,<NA>,<NA>,0.9499999999999999555911,both,1
yf-routine-campaign-default,"YF:YF,routine,with:default",YF,total,routine,MLI,Mali,2061,0,0,<NA>,<NA>,0.9499999999999999555911,both,1
yf-routine-campaign-default,"YF:YF,routine,with:default",YF,total,routine,MLI,Mali,2062,0,0,<NA>,<NA>,0.9499999999999999555911,both,1
yf-routine-campaign-default,"YF:YF,routine,with:default",YF,total,routine,MLI,Mali,2063,0,0,<NA>,<NA>,0.9499999999999999555911,both,1
yf-routine-campaign-default,"YF:YF,routine,with:default",YF,total,routine,MLI,Mali,2064,0,0,<NA>,<NA>,0.9499999999999999555911,both,1
yf-routine-campaign-default,"YF:YF,routine,with:default",YF,total,routine,MLI,Mali,2065,0,0,<NA>,<NA>,0.9499999999999999555911,both,1
yf-routine-campaign-default,"YF:YF,routine,with:default",YF,total,routine,MLI,Mali,2066,0,0,<NA>,<NA>,0.9499999999999999555911,both,1
yf-routine-campaign-default,"YF:YF,routine,with:default",YF,total,routine,MLI,Mali,2067,0,0,<NA>,<NA>,0.9499999999999999555911,both,1
yf-routine-campaign-default,"YF:YF,routine,with:default",YF,total,routine,MLI,Mali,2068,0,0,<NA>,<NA>,0.9499999999999999555911,both,1
yf-routine-campaign-default,"YF:YF,routine,with:default",YF,total,routine,MLI,Mali,2069,0,0,<NA>,<NA>,0.9499999999999999555911,both,1
yf-routine-campaign-default,"YF:YF,routine,with:default",YF,total,routine,MLI,Mali,2070,0,0,<NA>,<NA>,0.9499999999999999555911,both,1
yf-routine-campaign-default,"YF:YF,routine,with:default",YF,total,routine,MLI,Mali,2071,0,0,<NA>,<NA>,0.9499999999999999555911,both,1
yf-routine-campaign-default,"YF:YF,routine,with:default",YF,total,routine,MLI,Mali,2072,0,0,<NA>,<NA>,0.9499999999999999555911,both,1
yf-routine-campaign-default,"YF:YF,routine,with:default",YF,total,routine,MLI,Mali,2073,0,0,<NA>,<NA>,0.9499999999999999555911,both,1
yf-routine-campaign-default,"YF:YF,routine,with:default",YF,total,routine,MLI,Mali,2074,0,0,<NA>,<NA>,0.9499999999999999555911,both,1
yf-routine-campaign-default,"YF:YF,routine,with:default",YF,total,routine,MLI,Mali,2075,0,0,<NA>,<NA>,0.9499999999999999555911,both,1
yf-routine-campaign-default,"YF:YF,routine,with:default",YF,total,routine,MLI,Mali,2076,0,0,<NA>,<NA>,0.9499999999999999555911,both,1
yf-routine-campaign-default,"YF:YF,routine,with:default",YF,total,routine,MLI,Mali,2077,0,0,<NA>,<NA>,0.9499999999999999555911,both,1
yf-routine-campaign-default,"YF:YF,routine,with:default",YF,total,routine,MLI,Mali,2078,0,0,<NA>,<NA>,0.9499999999999999555911,both,1
yf-routine-campaign-default,"YF:YF,routine,with:default",YF,total,routine,MLI,Mali,2079,0,0,<NA>,<NA>,0.9499999999999999555911,both,1
yf-routine-campaign-default,"YF:YF,routine,with:default",YF,total,routine,MLI,Mali,2080,0,0,<NA>,<NA>,0.9499999999999999555911,both,1
yf-routine-campaign-default,"YF:YF,routine,with:default",YF,total,routine,MLI,Mali,2081,0,0,<NA>,<NA>,0.9499999999999999555911,both,1
yf-routine-campaign-default,"YF:YF,routine,with:default",YF,total,routine,MLI,Mali,2082,0,0,<NA>,<NA>,0.9499999999999999555911,both,1
yf-routine-campaign-default,"YF:YF,routine,with:default",YF,total,routine,MLI,Mali,2083,0,0,<NA>,<NA>,0.9499999999999999555911,both,1
yf-routine-campaign-default,"YF:YF,routine,with:default",YF,total,routine,MLI,Mali,2084,0,0,<NA>,<NA>,0.9499999999999999555911,both,1
yf-routine-campaign-default,"YF:YF,routine,with:default",YF,total,routine,MLI,Mali,2085,0,0,<NA>,<NA>,0.9499999999999999555911,both,1
yf-routine-campaign-default,"YF:YF,routine,with:default",YF,total,routine,MLI,Mali,2086,0,0,<NA>,<NA>,0.9499999999999999555911,both,1
yf-routine-campaign-default,"YF:YF,routine,with:default",YF,total,routine,MLI,Mali,2087,0,0,<NA>,<NA>,0.9499999999999999555911,both,1
yf-routine-campaign-default,"YF:YF,routine,with:default",YF,total,routine,MLI,Mali,2088,0,0,<NA>,<NA>,0.9499999999999999555911,both,1
yf-routine-campaign-default,"YF:YF,routine,with:default",YF,total,routine,MLI,Mali,2089,0,0,<NA>,<NA>,0.9499999999999999555911,both,1
yf-routine-campaign-default,"YF:YF,routine,with:default",YF,total,routine,MLI,Mali,2090,0,0,<NA>,<NA>,0.9499999999999999555911,both,1
yf-routine-campaign-default,"YF:YF,routine,with:default",YF,total,routine,MLI,Mali,2091,0,0,<NA>,<NA>,0.9499999999999999555911,both,1
yf-routine-campaign-default,"YF:YF,routine,with:default",YF,total,routine,MLI,Mali,2092,0,0,<NA>,<NA>,0.9499999999999999555911,both,1
yf-routine-campaign-default,"YF:YF,routine,with:default",YF,total,routine,MLI,Mali,2093,0,0,<NA>,<NA>,0.9499999999999999555911,both,1
yf-routine-campaign-default,"YF:YF,routine,with:default",YF,total,routine,MLI,Mali,2094,0,0,<NA>,<NA>,0.9499999999999999555911,both,1
yf-routine-campaign-default,"YF:YF,routine,with:default",YF,total,routine,MLI,Mali,2095,0,0,<NA>,<NA>,0.9499999999999999555911,both,1
yf-routine-campaign-default,"YF:YF,routine,with:default",YF,total,routine,MLI,Mali,2096,0,0,<NA>,<NA>,0.9499999999999999555911,both,1
yf-routine-campaign-default,"YF:YF,routine,with:default",YF,total,routine,MLI,Mali,2097,0,0,<NA>,<NA>,0.9499999999999999555911,both,1
yf-routine-campaign-default,"YF:YF,routine,with:default",YF,total,routine,MLI,Mali,2098,0,0,<NA>,<NA>,0.9499999999999999555911,both,1
yf-routine-campaign-default,"YF:YF,routine,with:default",YF,total,routine,MLI,Mali,2099,0,0,<NA>,<NA>,0.9499999999999999555911,both,1
yf-routine-campaign-default,"YF:YF,routine,with:default",YF,total,routine,MLI,Mali,2100,0,0,<NA>,<NA>,0.9499999999999999555911,both,1
yf-routine-campaign-default,"YF:YF,routine,with:default",YF,total,routine,MRT,Mauritania,2024,0,0,<NA>,<NA>,0.2141537210676267843912,both,1
yf-routine-campaign-default,"YF:YF,routine,with:default",YF,total,routine,MRT,Mauritania,2025,0,0,<NA>,<NA>,0.4699334339247333014455,both,1
yf-routine-campaign-default,"YF:YF,routine,with:default",YF,total,routine,MRT,Mauritania,2026,0,0,<NA>,<NA>,0.6424611632028810470629,both,1
yf-routine-campaign-default,"YF:YF,routine,with:default",YF,total,routine,MRT,Mauritania,2027,0,0,<NA>,<NA>,0.7399885835510685572203,both,1
yf-routine-campaign-default,"YF:YF,routine,with:default",YF,total,routine,MRT,Mauritania,2028,0,0,<NA>,<NA>,0.8109130261501023007042,both,1
yf-routine-campaign-default,"YF:YF,routine,with:default",YF,total,routine,MRT,Mauritania,2029,0,0,<NA>,<NA>,0.8624911007062097123566,both,1
yf-routine-campaign-default,"YF:YF,routine,with:default",YF,total,routine,MRT,Mauritania,2030,0,0,<NA>,<NA>,0.9000000000000000222045,both,1
yf-routine-campaign-default,"YF:YF,routine,with:default",YF,total,routine,MRT,Mauritania,2031,0,0,<NA>,<NA>,0.9100000000000000310862,both,1
yf-routine-campaign-default,"YF:YF,routine,with:default",YF,total,routine,MRT,Mauritania,2032,0,0,<NA>,<NA>,0.920000000000000039968,both,1
yf-routine-campaign-default,"YF:YF,routine,with:default",YF,total,routine,MRT,Mauritania,2033,0,0,<NA>,<NA>,0.9300000000000000488498,both,1
yf-routine-campaign-default,"YF:YF,routine,with:default",YF,total,routine,MRT,Mauritania,2034,0,0,<NA>,<NA>,0.9400000000000000577316,both,1
yf-routine-campaign-default,"YF:YF,routine,with:default",YF,total,routine,MRT,Mauritania,2035,0,0,<NA>,<NA>,0.9499999999999999555911,both,1
yf-routine-campaign-default,"YF:YF,routine,with:default",YF,total,routine,MRT,Mauritania,2036,0,0,<NA>,<NA>,0.9499999999999999555911,both,1
yf-routine-campaign-default,"YF:YF,routine,with:default",YF,total,routine,MRT,Mauritania,2037,0,0,<NA>,<NA>,0.9499999999999999555911,both,1
yf-routine-campaign-default,"YF:YF,routine,with:default",YF,total,routine,MRT,Mauritania,2038,0,0,<NA>,<NA>,0.9499999999999999555911,both,1
yf-routine-campaign-default,"YF:YF,routine,with:default",YF,total,routine,MRT,Mauritania,2039,0,0,<NA>,<NA>,0.9499999999999999555911,both,1
yf-routine-campaign-default,"YF:YF,routine,with:default",YF,total,routine,MRT,Mauritania,2040,0,0,<NA>,<NA>,0.9499999999999999555911,both,1
yf-routine-campaign-default,"YF:YF,routine,with:default",YF,total,routine,MRT,Mauritania,2041,0,0,<NA>,<NA>,0.9499999999999999555911,both,1
yf-routine-campaign-default,"YF:YF,routine,with:default",YF,total,routine,MRT,Mauritania,2042,0,0,<NA>,<NA>,0.9499999999999999555911,both,1
yf-routine-campaign-default,"YF:YF,routine,with:default",YF,total,routine,MRT,Mauritania,2043,0,0,<NA>,<NA>,0.9499999999999999555911,both,1
yf-routine-campaign-default,"YF:YF,routine,with:default",YF,total,routine,MRT,Mauritania,2044,0,0,<NA>,<NA>,0.9499999999999999555911,both,1
yf-routine-campaign-default,"YF:YF,routine,with:default",YF,total,routine,MRT,Mauritania,2045,0,0,<NA>,<NA>,0.9499999999999999555911,both,1
yf-routine-campaign-default,"YF:YF,routine,with:default",YF,total,routine,MRT,Mauritania,2046,0,0,<NA>,<NA>,0.9499999999999999555911,both,1
yf-routine-campaign-default,"YF:YF,routine,with:default",YF,total,routine,MRT,Mauritania,2047,0,0,<NA>,<NA>,0.9499999999999999555911,both,1
yf-routine-campaign-default,"YF:YF,routine,with:default",YF,total,routine,MRT,Mauritania,2048,0,0,<NA>,<NA>,0.9499999999999999555911,both,1
yf-routine-campaign-default,"YF:YF,routine,with:default",YF,total,routine,MRT,Mauritania,2049,0,0,<NA>,<NA>,0.9499999999999999555911,both,1
yf-routine-campaign-default,"YF:YF,routine,with:default",YF,total,routine,MRT,Mauritania,2050,0,0,<NA>,<NA>,0.9499999999999999555911,both,1
yf-routine-campaign-default,"YF:YF,routine,with:default",YF,total,routine,MRT,Mauritania,2051,0,0,<NA>,<NA>,0.9499999999999999555911,both,1
yf-routine-campaign-default,"YF:YF,routine,with:default",YF,total,routine,MRT,Mauritania,2052,0,0,<NA>,<NA>,0.9499999999999999555911,both,1
yf-routine-campaign-default,"YF:YF,routine,with:default",YF,total,routine,MRT,Mauritania,2053,0,0,<NA>,<NA>,0.9499999999999999555911,both,1
yf-routine-campaign-default,"YF:YF,routine,with:default",YF,total,routine,MRT,Mauritania,2054,0,0,<NA>,<NA>,0.9499999999999999555911,both,1
yf-routine-campaign-default,"YF:YF,routine,with:default",YF,total,routine,MRT,Mauritania,2055,0,0,<NA>,<NA>,0.9499999999999999555911,both,1
yf-routine-campaign-default,"YF:YF,routine,with:default",YF,total,routine,MRT,Mauritania,2056,0,0,<NA>,<NA>,0.9499999999999999555911,both,1
yf-routine-campaign-default,"YF:YF,routine,with:default",YF,total,routine,MRT,Mauritania,2057,0,0,<NA>,<NA>,0.9499999999999999555911,both,1
yf-routine-campaign-default,"YF:YF,routine,with:default",YF,total,routine,MRT,Mauritania,2058,0,0,<NA>,<NA>,0.9499999999999999555911,both,1
yf-routine-campaign-default,"YF:YF,routine,with:default",YF,total,routine,MRT,Mauritania,2059,0,0,<NA>,<NA>,0.9499999999999999555911,both,1
yf-routine-campaign-default,"YF:YF,routine,with:default",YF,total,routine,MRT,Mauritania,2060,0,0,<NA>,<NA>,0.9499999999999999555911,both,1
yf-routine-campaign-default,"YF:YF,routine,with:default",YF,total,routine,MRT,Mauritania,2061,0,0,<NA>,<NA>,0.9499999999999999555911,both,1
yf-routine-campaign-default,"YF:YF,routine,with:default",YF,total,routine,MRT,Mauritania,2062,0,0,<NA>,<NA>,0.9499999999999999555911,both,1
yf-routine-campaign-default,"YF:YF,routine,with:default",YF,total,routine,MRT,Mauritania,2063,0,0,<NA>,<NA>,0.9499999999999999555911,both,1
yf-routine-campaign-default,"YF:YF,routine,with:default",YF,total,routine,MRT,Mauritania,2064,0,0,<NA>,<NA>,0.9499999999999999555911,both,1
yf-routine-campaign-default,"YF:YF,routine,with:default",YF,total,routine,MRT,Mauritania,2065,0,0,<NA>,<NA>,0.9499999999999999555911,both,1
yf-routine-campaign-default,"YF:YF,routine,with:default",YF,total,routine,MRT,Mauritania,2066,0,0,<NA>,<NA>,0.9499999999999999555911,both,1
yf-routine-campaign-default,"YF:YF,routine,with:default",YF,total,routine,MRT,Mauritania,2067,0,0,<NA>,<NA>,0.9499999999999999555911,both,1
yf-routine-campaign-default,"YF:YF,routine,with:default",YF,total,routine,MRT,Mauritania,2068,0,0,<NA>,<NA>,0.9499999999999999555911,both,1
yf-routine-campaign-default,"YF:YF,routine,with:default",YF,total,routine,MRT,Mauritania,2069,0,0,<NA>,<NA>,0.9499999999999999555911,both,1
yf-routine-campaign-default,"YF:YF,routine,with:default",YF,total,routine,MRT,Mauritania,2070,0,0,<NA>,<NA>,0.9499999999999999555911,both,1
yf-routine-campaign-default,"YF:YF,routine,with:default",YF,total,routine,MRT,Mauritania,2071,0,0,<NA>,<NA>,0.9499999999999999555911,both,1
yf-routine-campaign-default,"YF:YF,routine,with:default",YF,total,routine,MRT,Mauritania,2072,0,0,<NA>,<NA>,0.9499999999999999555911,both,1
yf-routine-campaign-default,"YF:YF,routine,with:default",YF,total,routine,MRT,Mauritania,2073,0,0,<NA>,<NA>,0.9499999999999999555911,both,1
yf-routine-campaign-default,"YF:YF,routine,with:default",YF,total,routine,MRT,Mauritania,2074,0,0,<NA>,<NA>,0.9499999999999999555911,both,1
yf-routine-campaign-default,"YF:YF,routine,with:default",YF,total,routine,MRT,Mauritania,2075,0,0,<NA>,<NA>,0.9499999999999999555911,both,1
yf-routine-campaign-default,"YF:YF,routine,with:default",YF,total,routine,MRT,Mauritania,2076,0,0,<NA>,<NA>,0.9499999999999999555911,both,1
yf-routine-campaign-default,"YF:YF,routine,with:default",YF,total,routine,MRT,Mauritania,2077,0,0,<NA>,<NA>,0.9499999999999999555911,both,1
yf-routine-campaign-default,"YF:YF,routine,with:default",YF,total,routine,MRT,Mauritania,2078,0,0,<NA>,<NA>,0.9499999999999999555911,both,1
yf-routine-campaign-default,"YF:YF,routine,with:default",YF,total,routine,MRT,Mauritania,2079,0,0,<NA>,<NA>,0.9499999999999999555911,both,1
yf-routine-campaign-default,"YF:YF,routine,with:default",YF,total,routine,MRT,Mauritania,2080,0,0,<NA>,<NA>,0.9499999999999999555911,both,1
yf-routine-campaign-default,"YF:YF,routine,with:default",YF,total,routine,MRT,Mauritania,2081,0,0,<NA>,<NA>,0.9499999999999999555911,both,1
yf-routine-campaign-default,"YF:YF,routine,with:default",YF,total,routine,MRT,Mauritania,2082,0,0,<NA>,<NA>,0.9499999999999999555911,both,1
yf-routine-campaign-default,"YF:YF,routine,with:default",YF,total,routine,MRT,Mauritania,2083,0,0,<NA>,<NA>,0.9499999999999999555911,both,1
yf-routine-campaign-default,"YF:YF,routine,with:default",YF,total,routine,MRT,Mauritania,2084,0,0,<NA>,<NA>,0.9499999999999999555911,both,1
yf-routine-campaign-default,"YF:YF,routine,with:default",YF,total,routine,MRT,Mauritania,2085,0,0,<NA>,<NA>,0.9499999999999999555911,both,1
yf-routine-campaign-default,"YF:YF,routine,with:default",YF,total,routine,MRT,Mauritania,2086,0,0,<NA>,<NA>,0.9499999999999999555911,both,1
yf-routine-campaign-default,"YF:YF,routine,with:default",YF,total,routine,MRT,Mauritania,2087,0,0,<NA>,<NA>,0.9499999999999999555911,both,1
yf-routine-campaign-default,"YF:YF,routine,with:default",YF,total,routine,MRT,Mauritania,2088,0,0,<NA>,<NA>,0.9499999999999999555911,both,1
yf-routine-campaign-default,"YF:YF,routine,with:default",YF,total,routine,MRT,Mauritania,2089,0,0,<NA>,<NA>,0.9499999999999999555911,both,1
yf-routine-campaign-default,"YF:YF,routine,with:default",YF,total,routine,MRT,Mauritania,2090,0,0,<NA>,<NA>,0.9499999999999999555911,both,1
yf-routine-campaign-default,"YF:YF,routine,with:default",YF,total,routine,MRT,Mauritania,2091,0,0,<NA>,<NA>,0.9499999999999999555911,both,1
yf-routine-campaign-default,"YF:YF,routine,with:default",YF,total,routine,MRT,Mauritania,2092,0,0,<NA>,<NA>,0.9499999999999999555911,both,1
yf-routine-campaign-default,"YF:YF,routine,with:default",YF,total,routine,MRT,Mauritania,2093,0,0,<NA>,<NA>,0.9499999999999999555911,both,1
yf-routine-campaign-default,"YF:YF,routine,with:default",YF,total,routine,MRT,Mauritania,2094,0,0,<NA>,<NA>,0.9499999999999999555911,both,1
yf-routine-campaign-default,"YF:YF,routine,with:default",YF,total,routine,MRT,Mauritania,2095,0,0,<NA>,<NA>,0.9499999999999999555911,both,1
yf-routine-campaign-default,"YF:YF,routine,with:default",YF,total,routine,MRT,Mauritania,2096,0,0,<NA>,<NA>,0.9499999999999999555911,both,1
yf-routine-campaign-default,"YF:YF,routine,with:default",YF,total,routine,MRT,Mauritania,2097,0,0,<NA>,<NA>,0.9499999999999999555911,both,1
yf-routine-campaign-default,"YF:YF,routine,with:default",YF,total,routine,MRT,Mauritania,2098,0,0,<NA>,<NA>,0.9499999999999999555911,both,1
yf-routine-campaign-default,"YF:YF,routine,with:default",YF,total,routine,MRT,Mauritania,2099,0,0,<NA>,<NA>,0.9499999999999999555911,both,1
yf-routine-campaign-default,"YF:YF,routine,with:default",YF,total,routine,MRT,Mauritania,2100,0,0,<NA>,<NA>,0.9499999999999999555911,both,1
yf-routine-campaign-default,"YF:YF,routine,with:default",YF,total,routine,NER,Niger,2000,0,0,default routine age,<NA>,0.1000000000000000055511,both,1
yf-routine-campaign-default,"YF:YF,routine,with:default",YF,total,routine,NER,Niger,2001,0,0,default routine age,<NA>,0.1499999999999999944489,both,1
yf-routine-campaign-default,"YF:YF,routine,with:default",YF,total,routine,NER,Niger,2002,0,0,default routine age,<NA>,0.2099999999999999922284,both,1
yf-routine-campaign-default,"YF:YF,routine,with:default",YF,total,routine,NER,Niger,2003,0,0,default routine age,<NA>,0.2600000000000000088818,both,1
yf-routine-campaign-default,"YF:YF,routine,with:default",YF,total,routine,NER,Niger,2004,0,0,default routine age,<NA>,0.3200000000000000066613,both,1
yf-routine-campaign-default,"YF:YF,routine,with:default",YF,total,routine,NER,Niger,2005,0,0,default routine age,<NA>,0.3699999999999999955591,both,1
yf-routine-campaign-default,"YF:YF,routine,with:default",YF,total,routine,NER,Niger,2006,0,0,default routine age,<NA>,0.3200000000000000066613,both,1
yf-routine-campaign-default,"YF:YF,routine,with:default",YF,total,routine,NER,Niger,2007,0,0,default routine age,<NA>,0.3699999999999999955591,both,1
yf-routine-campaign-default,"YF:YF,routine,with:default",YF,total,routine,NER,Niger,2008,0,0,default routine age,<NA>,0.4699999999999999733546,both,1
yf-routine-campaign-default,"YF:YF,routine,with:default",YF,total,routine,NER,Niger,2009,0,0,default routine age,<NA>,0.670000000000000039968,both,1
yf-routine-campaign-default,"YF:YF,routine,with:default",YF,total,routine,NER,Niger,2010,0,0,default routine age,<NA>,0.6400000000000000133227,both,1
yf-routine-campaign-default,"YF:YF,routine,with:default",YF,total,routine,NER,Niger,2011,0,0,default routine age,<NA>,0.5200000000000000177636,both,1
yf-routine-campaign-default,"YF:YF,routine,with:default",YF,total,routine,NER,Niger,2012,0,0,default routine age,<NA>,0.7299999999999999822364,both,1
yf-routine-campaign-default,"YF:YF,routine,with:default",YF,total,routine,NER,Niger,2013,0,0,default routine age,<NA>,0.75,both,1
yf-routine-campaign-default,"YF:YF,routine,with:default",YF,total,routine,NER,Niger,2014,0,0,default routine age,<NA>,0.7900000000000000355271,both,1
yf-routine-campaign-default,"YF:YF,routine,with:default",YF,total,routine,NER,Niger,2015,0,0,default routine age,<NA>,0.8399999999999999689138,both,1
yf-routine-campaign-default,"YF:YF,routine,with:default",YF,total,routine,NER,Niger,2016,0,0,default routine age,<NA>,0.7600000000000000088818,both,1
yf-routine-campaign-default,"YF:YF,routine,with:default",YF,total,routine,NER,Niger,2017,0,0,default routine age,<NA>,0.8199999999999999511502,both,1
yf-routine-campaign-default,"YF:YF,routine,with:default",YF,total,routine,NER,Niger,2018,0,0,default routine age,<NA>,0.7800000000000000266454,both,1
yf-routine-campaign-default,"YF:YF,routine,with:default",YF,total,routine,NER,Niger,2019,0,0,default routine age,<NA>,0.829999999999999960032,both,1
yf-routine-campaign-default,"YF:YF,routine,with:default",YF,total,routine,NER,Niger,2020,0,0,default routine age,<NA>,0.670000000000000039968,both,1
yf-routine-campaign-default,"YF:YF,routine,with:default",YF,total,routine,NER,Niger,2021,0,0,default routine age,<NA>,0.8000000000000000444089,both,1
yf-routine-campaign-default,"YF:YF,routine,with:default",YF,total,routine,NER,Niger,2022,0,0,default routine age,<NA>,0.8000000000000000444089,both,1
yf-routine-campaign-default,"YF:YF,routine,with:default",YF,total,routine,NER,Niger,2023,0,0,<NA>,<NA>,0.8031275084181402901251,both,1
yf-routine-campaign-default,"YF:YF,routine,with:default",YF,total,routine,NER,Niger,2024,0,0,<NA>,<NA>,0.8062061102917528199185,both,1
yf-routine-campaign-default,"YF:YF,routine,with:default",YF,total,routine,NER,Niger,2025,0,0,<NA>,<NA>,0.8092365703989863323642,both,1
yf-routine-campaign-default,"YF:YF,routine,with:default",YF,total,routine,NER,Niger,2026,0,0,<NA>,<NA>,0.8122196415587386031376,both,1
yf-routine-campaign-default,"YF:YF,routine,with:default",YF,total,routine,NER,Niger,2027,0,0,<NA>,<NA>,0.8151560648176707779555,both,1
yf-routine-campaign-default,"YF:YF,routine,with:default",YF,total,routine,NER,Niger,2028,0,0,<NA>,<NA>,0.818046569634295339668,both,1
yf-routine-campaign-default,"YF:YF,routine,with:default",YF,total,routine,NER,Niger,2029,0,0,<NA>,<NA>,0.8208918740601864882933,both,1
yf-routine-campaign-default,"YF:YF,routine,with:default",YF,total,routine,NER,Niger,2030,0,0,<NA>,<NA>,0.8236926849183570098489,both,1
yf-routine-campaign-default,"YF:YF,routine,with:default",YF,total,routine,NER,Niger,2031,0,0,<NA>,<NA>,0.8336926849183570187307,both,1
yf-routine-campaign-default,"YF:YF,routine,with:default",YF,total,routine,NER,Niger,2032,0,0,<NA>,<NA>,0.8436926849183570276125,both,1
yf-routine-campaign-default,"YF:YF,routine,with:default",YF,total,routine,NER,Niger,2033,0,0,<NA>,<NA>,0.8536926849183570364943,both,1
yf-routine-campaign-default,"YF:YF,routine,with:default",YF,total,routine,NER,Niger,2034,0,0,<NA>,<NA>,0.8636926849183570453761,both,1
yf-routine-campaign-default,"YF:YF,routine,with:default",YF,total,routine,NER,Niger,2035,0,0,<NA>,<NA>,0.8736926849183570542579,both,1
yf-routine-campaign-default,"YF:YF,routine,with:default",YF,total,routine,NER,Niger,2036,0,0,<NA>,<NA>,0.8836926849183570631396,both,1
yf-routine-campaign-default,"YF:YF,routine,with:default",YF,total,routine,NER,Niger,2037,0,0,<NA>,<NA>,0.8936926849183570720214,both,1
yf-routine-campaign-default,"YF:YF,routine,with:default",YF,total,routine,NER,Niger,2038,0,0,<NA>,<NA>,0.9036926849183569698809,both,1
yf-routine-campaign-default,"YF:YF,routine,with:default",YF,total,routine,NER,Niger,2039,0,0,<NA>,<NA>,0.9136926849183569787627,both,1
yf-routine-campaign-default,"YF:YF,routine,with:default",YF,total,routine,NER,Niger,2040,0,0,<NA>,<NA>,0.9236926849183569876445,both,1
yf-routine-campaign-default,"YF:YF,routine,with:default",YF,total,routine,NER,Niger,2041,0,0,<NA>,<NA>,0.9336926849183569965263,both,1
yf-routine-campaign-default,"YF:YF,routine,with:default",YF,total,routine,NER,Niger,2042,0,0,<NA>,<NA>,0.943692684918357005408,both,1
yf-routine-campaign-default,"YF:YF,routine,with:default",YF,total,routine,NER,Niger,2043,0,0,<NA>,<NA>,0.9499999999999999555911,both,1
yf-routine-campaign-default,"YF:YF,routine,with:default",YF,total,routine,NER,Niger,2044,0,0,<NA>,<NA>,0.9499999999999999555911,both,1
yf-routine-campaign-default,"YF:YF,routine,with:default",YF,total,routine,NER,Niger,2045,0,0,<NA>,<NA>,0.9499999999999999555911,both,1
yf-routine-campaign-default,"YF:YF,routine,with:default",YF,total,routine,NER,Niger,2046,0,0,<NA>,<NA>,0.9499999999999999555911,both,1
yf-routine-campaign-default,"YF:YF,routine,with:default",YF,total,routine,NER,Niger,2047,0,0,<NA>,<NA>,0.9499999999999999555911,both,1
yf-routine-campaign-default,"YF:YF,routine,with:default",YF,total,routine,NER,Niger,2048,0,0,<NA>,<NA>,0.9499999999999999555911,both,1
yf-routine-campaign-default,"YF:YF,routine,with:default",YF,total,routine,NER,Niger,2049,0,0,<NA>,<NA>,0.9499999999999999555911,both,1
yf-routine-campaign-default,"YF:YF,routine,with:default",YF,total,routine,NER,Niger,2050,0,0,<NA>,<NA>,0.9499999999999999555911,both,1
yf-routine-campaign-default,"YF:YF,routine,with:default",YF,total,routine,NER,Niger,2051,0,0,<NA>,<NA>,0.9499999999999999555911,both,1
yf-routine-campaign-default,"YF:YF,routine,with:default",YF,total,routine,NER,Niger,2052,0,0,<NA>,<NA>,0.9499999999999999555911,both,1
yf-routine-campaign-default,"YF:YF,routine,with:default",YF,total,routine,NER,Niger,2053,0,0,<NA>,<NA>,0.9499999999999999555911,both,1
yf-routine-campaign-default,"YF:YF,routine,with:default",YF,total,routine,NER,Niger,2054,0,0,<NA>,<NA>,0.9499999999999999555911,both,1
yf-routine-campaign-default,"YF:YF,routine,with:default",YF,total,routine,NER,Niger,2055,0,0,<NA>,<NA>,0.9499999999999999555911,both,1
yf-routine-campaign-default,"YF:YF,routine,with:default",YF,total,routine,NER,Niger,2056,0,0,<NA>,<NA>,0.9499999999999999555911,both,1
yf-routine-campaign-default,"YF:YF,routine,with:default",YF,total,routine,NER,Niger,2057,0,0,<NA>,<NA>,0.9499999999999999555911,both,1
yf-routine-campaign-default,"YF:YF,routine,with:default",YF,total,routine,NER,Niger,2058,0,0,<NA>,<NA>,0.9499999999999999555911,both,1
yf-routine-campaign-default,"YF:YF,routine,with:default",YF,total,routine,NER,Niger,2059,0,0,<NA>,<NA>,0.9499999999999999555911,both,1
yf-routine-campaign-default,"YF:YF,routine,with:default",YF,total,routine,NER,Niger,2060,0,0,<NA>,<NA>,0.9499999999999999555911,both,1
yf-routine-campaign-default,"YF:YF,routine,with:default",YF,total,routine,NER,Niger,2061,0,0,<NA>,<NA>,0.9499999999999999555911,both,1
yf-routine-campaign-default,"YF:YF,routine,with:default",YF,total,routine,NER,Niger,2062,0,0,<NA>,<NA>,0.9499999999999999555911,both,1
yf-routine-campaign-default,"YF:YF,routine,with:default",YF,total,routine,NER,Niger,2063,0,0,<NA>,<NA>,0.9499999999999999555911,both,1
yf-routine-campaign-default,"YF:YF,routine,with:default",YF,total,routine,NER,Niger,2064,0,0,<NA>,<NA>,0.9499999999999999555911,both,1
yf-routine-campaign-default,"YF:YF,routine,with:default",YF,total,routine,NER,Niger,2065,0,0,<NA>,<NA>,0.9499999999999999555911,both,1
yf-routine-campaign-default,"YF:YF,routine,with:default",YF,total,routine,NER,Niger,2066,0,0,<NA>,<NA>,0.9499999999999999555911,both,1
yf-routine-campaign-default,"YF:YF,routine,with:default",YF,total,routine,NER,Niger,2067,0,0,<NA>,<NA>,0.9499999999999999555911,both,1
yf-routine-campaign-default,"YF:YF,routine,with:default",YF,total,routine,NER,Niger,2068,0,0,<NA>,<NA>,0.9499999999999999555911,both,1
yf-routine-campaign-default,"YF:YF,routine,with:default",YF,total,routine,NER,Niger,2069,0,0,<NA>,<NA>,0.9499999999999999555911,both,1
yf-routine-campaign-default,"YF:YF,routine,with:default",YF,total,routine,NER,Niger,2070,0,0,<NA>,<NA>,0.9499999999999999555911,both,1
yf-routine-campaign-default,"YF:YF,routine,with:default",YF,total,routine,NER,Niger,2071,0,0,<NA>,<NA>,0.9499999999999999555911,both,1
yf-routine-campaign-default,"YF:YF,routine,with:default",YF,total,routine,NER,Niger,2072,0,0,<NA>,<NA>,0.9499999999999999555911,both,1
yf-routine-campaign-default,"YF:YF,routine,with:default",YF,total,routine,NER,Niger,2073,0,0,<NA>,<NA>,0.9499999999999999555911,both,1
yf-routine-campaign-default,"YF:YF,routine,with:default",YF,total,routine,NER,Niger,2074,0,0,<NA>,<NA>,0.9499999999999999555911,both,1
yf-routine-campaign-default,"YF:YF,routine,with:default",YF,total,routine,NER,Niger,2075,0,0,<NA>,<NA>,0.9499999999999999555911,both,1
yf-routine-campaign-default,"YF:YF,routine,with:default",YF,total,routine,NER,Niger,2076,0,0,<NA>,<NA>,0.9499999999999999555911,both,1
yf-routine-campaign-default,"YF:YF,routine,with:default",YF,total,routine,NER,Niger,2077,0,0,<NA>,<NA>,0.9499999999999999555911,both,1
yf-routine-campaign-default,"YF:YF,routine,with:default",YF,total,routine,NER,Niger,2078,0,0,<NA>,<NA>,0.9499999999999999555911,both,1
yf-routine-campaign-default,"YF:YF,routine,with:default",YF,total,routine,NER,Niger,2079,0,0,<NA>,<NA>,0.9499999999999999555911,both,1
yf-routine-campaign-default,"YF:YF,routine,with:default",YF,total,routine,NER,Niger,2080,0,0,<NA>,<NA>,0.9499999999999999555911,both,1
yf-routine-campaign-default,"YF:YF,routine,with:default",YF,total,routine,NER,Niger,2081,0,0,<NA>,<NA>,0.9499999999999999555911,both,1
yf-routine-campaign-default,"YF:YF,routine,with:default",YF,total,routine,NER,Niger,2082,0,0,<NA>,<NA>,0.9499999999999999555911,both,1
yf-routine-campaign-default,"YF:YF,routine,with:default",YF,total,routine,NER,Niger,2083,0,0,<NA>,<NA>,0.9499999999999999555911,both,1
yf-routine-campaign-default,"YF:YF,routine,with:default",YF,total,routine,NER,Niger,2084,0,0,<NA>,<NA>,0.9499999999999999555911,both,1
yf-routine-campaign-default,"YF:YF,routine,with:default",YF,total,routine,NER,Niger,2085,0,0,<NA>,<NA>,0.9499999999999999555911,both,1
yf-routine-campaign-default,"YF:YF,routine,with:default",YF,total,routine,NER,Niger,2086,0,0,<NA>,<NA>,0.9499999999999999555911,both,1
yf-routine-campaign-default,"YF:YF,routine,with:default",YF,total,routine,NER,Niger,2087,0,0,<NA>,<NA>,0.9499999999999999555911,both,1
yf-routine-campaign-default,"YF:YF,routine,with:default",YF,total,routine,NER,Niger,2088,0,0,<NA>,<NA>,0.9499999999999999555911,both,1
yf-routine-campaign-default,"YF:YF,routine,with:default",YF,total,routine,NER,Niger,2089,0,0,<NA>,<NA>,0.9499999999999999555911,both,1
yf-routine-campaign-default,"YF:YF,routine,with:default",YF,total,routine,NER,Niger,2090,0,0,<NA>,<NA>,0.9499999999999999555911,both,1
yf-routine-campaign-default,"YF:YF,routine,with:default",YF,total,routine,NER,Niger,2091,0,0,<NA>,<NA>,0.9499999999999999555911,both,1
yf-routine-campaign-default,"YF:YF,routine,with:default",YF,total,routine,NER,Niger,2092,0,0,<NA>,<NA>,0.9499999999999999555911,both,1
yf-routine-campaign-default,"YF:YF,routine,with:default",YF,total,routine,NER,Niger,2093,0,0,<NA>,<NA>,0.9499999999999999555911,both,1
yf-routine-campaign-default,"YF:YF,routine,with:default",YF,total,routine,NER,Niger,2094,0,0,<NA>,<NA>,0.9499999999999999555911,both,1
yf-routine-campaign-default,"YF:YF,routine,with:default",YF,total,routine,NER,Niger,2095,0,0,<NA>,<NA>,0.9499999999999999555911,both,1
yf-routine-campaign-default,"YF:YF,routine,with:default",YF,total,routine,NER,Niger,2096,0,0,<NA>,<NA>,0.9499999999999999555911,both,1
yf-routine-campaign-default,"YF:YF,routine,with:default",YF,total,routine,NER,Niger,2097,0,0,<NA>,<NA>,0.9499999999999999555911,both,1
yf-routine-campaign-default,"YF:YF,routine,with:default",YF,total,routine,NER,Niger,2098,0,0,<NA>,<NA>,0.9499999999999999555911,both,1
yf-routine-campaign-default,"YF:YF,routine,with:default",YF,total,routine,NER,Niger,2099,0,0,<NA>,<NA>,0.9499999999999999555911,both,1
yf-routine-campaign-default,"YF:YF,routine,with:default",YF,total,routine,NER,Niger,2100,0,0,<NA>,<NA>,0.9499999999999999555911,both,1
yf-routine-campaign-default,"YF:YF,routine,with:default",YF,total,routine,NGA,Nigeria,2004,0,0,default routine age,<NA>,0.2099999999999999922284,both,1
yf-routine-campaign-default,"YF:YF,routine,with:default",YF,total,routine,NGA,Nigeria,2005,0,0,default routine age,<NA>,0.3599999999999999866773,both,1
yf-routine-campaign-default,"YF:YF,routine,with:default",YF,total,routine,NGA,Nigeria,2006,0,0,default routine age,<NA>,0.4400000000000000022204,both,1
yf-routine-campaign-default,"YF:YF,routine,with:default",YF,total,routine,NGA,Nigeria,2007,0,0,default routine age,<NA>,0.5100000000000000088818,both,1
yf-routine-campaign-default,"YF:YF,routine,with:default",YF,total,routine,NGA,Nigeria,2008,0,0,default routine age,<NA>,0.5,both,1
yf-routine-campaign-default,"YF:YF,routine,with:default",YF,total,routine,NGA,Nigeria,2009,0,0,default routine age,<NA>,0.6899999999999999467093,both,1
yf-routine-campaign-default,"YF:YF,routine,with:default",YF,total,routine,NGA,Nigeria,2010,0,0,default routine age,<NA>,0.5,both,1
yf-routine-campaign-default,"YF:YF,routine,with:default",YF,total,routine,NGA,Nigeria,2011,0,0,default routine age,<NA>,0.3800000000000000044409,both,1
yf-routine-campaign-default,"YF:YF,routine,with:default",YF,total,routine,NGA,Nigeria,2012,0,0,default routine age,<NA>,0.2399999999999999911182,both,1
yf-routine-campaign-default,"YF:YF,routine,with:default",YF,total,routine,NGA,Nigeria,2013,0,0,default routine age,<NA>,0.4699999999999999733546,both,1
yf-routine-campaign-default,"YF:YF,routine,with:default",YF,total,routine,NGA,Nigeria,2014,0,0,default routine age,<NA>,0.4099999999999999755751,both,1
yf-routine-campaign-default,"YF:YF,routine,with:default",YF,total,routine,NGA,Nigeria,2015,0,0,default routine age,<NA>,0.4199999999999999844569,both,1
yf-routine-campaign-default,"YF:YF,routine,with:default",YF,total,routine,NGA,Nigeria,2016,0,0,default routine age,<NA>,0.4699999999999999733546,both,1
yf-routine-campaign-default,"YF:YF,routine,with:default",YF,total,routine,NGA,Nigeria,2017,0,0,default routine age,<NA>,0.5400000000000000355271,both,1
yf-routine-campaign-default,"YF:YF,routine,with:default",YF,total,routine,NGA,Nigeria,2018,0,0,default routine age,<NA>,0.5600000000000000532907,both,1
yf-routine-campaign-default,"YF:YF,routine,with:default",YF,total,routine,NGA,Nigeria,2019,0,0,default routine age,<NA>,0.5699999999999999511502,both,1
yf-routine-campaign-default,"YF:YF,routine,with:default",YF,total,routine,NGA,Nigeria,2020,0,0,default routine age,<NA>,0.5899999999999999689138,both,1
yf-routine-campaign-default,"YF:YF,routine,with:default",YF,total,routine,NGA,Nigeria,2021,0,0,default routine age,<NA>,0.5899999999999999689138,both,1
yf-routine-campaign-default,"YF:YF,routine,with:default",YF,total,routine,NGA,Nigeria,2022,0,0,default routine age,<NA>,0.5899999999999999689138,both,1
yf-routine-campaign-default,"YF:YF,routine,with:default",YF,total,routine,NGA,Nigeria,2023,0,0,<NA>,<NA>,0.5998886893221783145336,both,1
yf-routine-campaign-default,"YF:YF,routine,with:default",YF,total,routine,NGA,Nigeria,2024,0,0,<NA>,<NA>,0.6095388757748185781793,both,1
yf-routine-campaign-default,"YF:YF,routine,with:default",YF,total,routine,NGA,Nigeria,2025,0,0,<NA>,<NA>,0.6189563117500657130066,both,1
yf-routine-campaign-default,"YF:YF,routine,with:default",YF,total,routine,NGA,Nigeria,2026,0,0,<NA>,<NA>,0.628146610899530499772,both,1
yf-routine-campaign-default,"YF:YF,routine,with:default",YF,total,routine,NGA,Nigeria,2027,0,0,<NA>,<NA>,0.6371152514805393796138,both,1
yf-routine-campaign-default,"YF:YF,routine,with:default",YF,total,routine,NGA,Nigeria,2028,0,0,<NA>,<NA>,0.6458675796216754028123,both,1
yf-routine-campaign-default,"YF:YF,routine,with:default",YF,total,routine,NGA,Nigeria,2029,0,0,<NA>,<NA>,0.6544088125095590680047,both,1
yf-routine-campaign-default,"YF:YF,routine,with:default",YF,total,routine,NGA,Nigeria,2030,0,0,<NA>,<NA>,0.6627440414987679773162,both,1
yf-routine-campaign-default,"YF:YF,routine,with:default",YF,total,routine,NGA,Nigeria,2031,0,0,<NA>,<NA>,0.672744041498767986198,both,1
yf-routine-campaign-default,"YF:YF,routine,with:default",YF,total,routine,NGA,Nigeria,2032,0,0,<NA>,<NA>,0.6827440414987679950798,both,1
yf-routine-campaign-default,"YF:YF,routine,with:default",YF,total,routine,NGA,Nigeria,2033,0,0,<NA>,<NA>,0.6927440414987680039616,both,1
yf-routine-campaign-default,"YF:YF,routine,with:default",YF,total,routine,NGA,Nigeria,2034,0,0,<NA>,<NA>,0.7027440414987680128434,both,1
yf-routine-campaign-default,"YF:YF,routine,with:default",YF,total,routine,NGA,Nigeria,2035,0,0,<NA>,<NA>,0.7127440414987680217251,both,1
yf-routine-campaign-default,"YF:YF,routine,with:default",YF,total,routine,NGA,Nigeria,2036,0,0,<NA>,<NA>,0.7227440414987680306069,both,1
yf-routine-campaign-default,"YF:YF,routine,with:default",YF,total,routine,NGA,Nigeria,2037,0,0,<NA>,<NA>,0.7327440414987680394887,both,1
yf-routine-campaign-default,"YF:YF,routine,with:default",YF,total,routine,NGA,Nigeria,2038,0,0,<NA>,<NA>,0.7427440414987679373482,both,1
yf-routine-campaign-default,"YF:YF,routine,with:default",YF,total,routine,NGA,Nigeria,2039,0,0,<NA>,<NA>,0.75274404149876794623,both,1
yf-routine-campaign-default,"YF:YF,routine,with:default",YF,total,routine,NGA,Nigeria,2040,0,0,<NA>,<NA>,0.7627440414987679551118,both,1
yf-routine-campaign-default,"YF:YF,routine,with:default",YF,total,routine,NGA,Nigeria,2041,0,0,<NA>,<NA>,0.7727440414987679639935,both,1
yf-routine-campaign-default,"YF:YF,routine,with:default",YF,total,routine,NGA,Nigeria,2042,0,0,<NA>,<NA>,0.7827440414987679728753,both,1
yf-routine-campaign-default,"YF:YF,routine,with:default",YF,total,routine,NGA,Nigeria,2043,0,0,<NA>,<NA>,0.7927440414987679817571,both,1
yf-routine-campaign-default,"YF:YF,routine,with:default",YF,total,routine,NGA,Nigeria,2044,0,0,<NA>,<NA>,0.8027440414987679906389,both,1
yf-routine-campaign-default,"YF:YF,routine,with:default",YF,total,routine,NGA,Nigeria,2045,0,0,<NA>,<NA>,0.8127440414987679995207,both,1
yf-routine-campaign-default,"YF:YF,routine,with:default",YF,total,routine,NGA,Nigeria,2046,0,0,<NA>,<NA>,0.8227440414987680084025,both,1
yf-routine-campaign-default,"YF:YF,routine,with:default",YF,total,routine,NGA,Nigeria,2047,0,0,<NA>,<NA>,0.8327440414987680172842,both,1
yf-routine-campaign-default,"YF:YF,routine,with:default",YF,total,routine,NGA,Nigeria,2048,0,0,<NA>,<NA>,0.8427440414987679151437,both,1
yf-routine-campaign-default,"YF:YF,routine,with:default",YF,total,routine,NGA,Nigeria,2049,0,0,<NA>,<NA>,0.8527440414987679240255,both,1
yf-routine-campaign-default,"YF:YF,routine,with:default",YF,total,routine,NGA,Nigeria,2050,0,0,<NA>,<NA>,0.8627440414987679329073,both,1
yf-routine-campaign-default,"YF:YF,routine,with:default",YF,total,routine,NGA,Nigeria,2051,0,0,<NA>,<NA>,0.8727440414987679417891,both,1
yf-routine-campaign-default,"YF:YF,routine,with:default",YF,total,routine,NGA,Nigeria,2052,0,0,<NA>,<NA>,0.8827440414987679506709,both,1
yf-routine-campaign-default,"YF:YF,routine,with:default",YF,total,routine,NGA,Nigeria,2053,0,0,<NA>,<NA>,0.8927440414987679595527,both,1
yf-routine-campaign-default,"YF:YF,routine,with:default",YF,total,routine,NGA,Nigeria,2054,0,0,<NA>,<NA>,0.9027440414987679684344,both,1
yf-routine-campaign-default,"YF:YF,routine,with:default",YF,total,routine,NGA,Nigeria,2055,0,0,<NA>,<NA>,0.9127440414987679773162,both,1
yf-routine-campaign-default,"YF:YF,routine,with:default",YF,total,routine,NGA,Nigeria,2056,0,0,<NA>,<NA>,0.922744041498767986198,both,1
yf-routine-campaign-default,"YF:YF,routine,with:default",YF,total,routine,NGA,Nigeria,2057,0,0,<NA>,<NA>,0.9327440414987679950798,both,1
yf-routine-campaign-default,"YF:YF,routine,with:default",YF,total,routine,NGA,Nigeria,2058,0,0,<NA>,<NA>,0.9427440414987680039616,both,1
yf-routine-campaign-default,"YF:YF,routine,with:default",YF,total,routine,NGA,Nigeria,2059,0,0,<NA>,<NA>,0.9499999999999999555911,both,1
yf-routine-campaign-default,"YF:YF,routine,with:default",YF,total,routine,NGA,Nigeria,2060,0,0,<NA>,<NA>,0.9499999999999999555911,both,1
yf-routine-campaign-default,"YF:YF,routine,with:default",YF,total,routine,NGA,Nigeria,2061,0,0,<NA>,<NA>,0.9499999999999999555911,both,1
yf-routine-campaign-default,"YF:YF,routine,with:default",YF,total,routine,NGA,Nigeria,2062,0,0,<NA>,<NA>,0.9499999999999999555911,both,1
yf-routine-campaign-default,"YF:YF,routine,with:default",YF,total,routine,NGA,Nigeria,2063,0,0,<NA>,<NA>,0.9499999999999999555911,both,1
yf-routine-campaign-default,"YF:YF,routine,with:default",YF,total,routine,NGA,Nigeria,2064,0,0,<NA>,<NA>,0.9499999999999999555911,both,1
yf-routine-campaign-default,"YF:YF,routine,with:default",YF,total,routine,NGA,Nigeria,2065,0,0,<NA>,<NA>,0.9499999999999999555911,both,1
yf-routine-campaign-default,"YF:YF,routine,with:default",YF,total,routine,NGA,Nigeria,2066,0,0,<NA>,<NA>,0.9499999999999999555911,both,1
yf-routine-campaign-default,"YF:YF,routine,with:default",YF,total,routine,NGA,Nigeria,2067,0,0,<NA>,<NA>,0.9499999999999999555911,both,1
yf-routine-campaign-default,"YF:YF,routine,with:default",YF,total,routine,NGA,Nigeria,2068,0,0,<NA>,<NA>,0.9499999999999999555911,both,1
yf-routine-campaign-default,"YF:YF,routine,with:default",YF,total,routine,NGA,Nigeria,2069,0,0,<NA>,<NA>,0.9499999999999999555911,both,1
yf-routine-campaign-default,"YF:YF,routine,with:default",YF,total,routine,NGA,Nigeria,2070,0,0,<NA>,<NA>,0.9499999999999999555911,both,1
yf-routine-campaign-default,"YF:YF,routine,with:default",YF,total,routine,NGA,Nigeria,2071,0,0,<NA>,<NA>,0.9499999999999999555911,both,1
yf-routine-campaign-default,"YF:YF,routine,with:default",YF,total,routine,NGA,Nigeria,2072,0,0,<NA>,<NA>,0.9499999999999999555911,both,1
yf-routine-campaign-default,"YF:YF,routine,with:default",YF,total,routine,NGA,Nigeria,2073,0,0,<NA>,<NA>,0.9499999999999999555911,both,1
yf-routine-campaign-default,"YF:YF,routine,with:default",YF,total,routine,NGA,Nigeria,2074,0,0,<NA>,<NA>,0.9499999999999999555911,both,1
yf-routine-campaign-default,"YF:YF,routine,with:default",YF,total,routine,NGA,Nigeria,2075,0,0,<NA>,<NA>,0.9499999999999999555911,both,1
yf-routine-campaign-default,"YF:YF,routine,with:default",YF,total,routine,NGA,Nigeria,2076,0,0,<NA>,<NA>,0.9499999999999999555911,both,1
yf-routine-campaign-default,"YF:YF,routine,with:default",YF,total,routine,NGA,Nigeria,2077,0,0,<NA>,<NA>,0.9499999999999999555911,both,1
yf-routine-campaign-default,"YF:YF,routine,with:default",YF,total,routine,NGA,Nigeria,2078,0,0,<NA>,<NA>,0.9499999999999999555911,both,1
yf-routine-campaign-default,"YF:YF,routine,with:default",YF,total,routine,NGA,Nigeria,2079,0,0,<NA>,<NA>,0.9499999999999999555911,both,1
yf-routine-campaign-default,"YF:YF,routine,with:default",YF,total,routine,NGA,Nigeria,2080,0,0,<NA>,<NA>,0.9499999999999999555911,both,1
yf-routine-campaign-default,"YF:YF,routine,with:default",YF,total,routine,NGA,Nigeria,2081,0,0,<NA>,<NA>,0.9499999999999999555911,both,1
yf-routine-campaign-default,"YF:YF,routine,with:default",YF,total,routine,NGA,Nigeria,2082,0,0,<NA>,<NA>,0.9499999999999999555911,both,1
yf-routine-campaign-default,"YF:YF,routine,with:default",YF,total,routine,NGA,Nigeria,2083,0,0,<NA>,<NA>,0.9499999999999999555911,both,1
yf-routine-campaign-default,"YF:YF,routine,with:default",YF,total,routine,NGA,Nigeria,2084,0,0,<NA>,<NA>,0.9499999999999999555911,both,1
yf-routine-campaign-default,"YF:YF,routine,with:default",YF,total,routine,NGA,Nigeria,2085,0,0,<NA>,<NA>,0.9499999999999999555911,both,1
yf-routine-campaign-default,"YF:YF,routine,with:default",YF,total,routine,NGA,Nigeria,2086,0,0,<NA>,<NA>,0.9499999999999999555911,both,1
yf-routine-campaign-default,"YF:YF,routine,with:default",YF,total,routine,NGA,Nigeria,2087,0,0,<NA>,<NA>,0.9499999999999999555911,both,1
yf-routine-campaign-default,"YF:YF,routine,with:default",YF,total,routine,NGA,Nigeria,2088,0,0,<NA>,<NA>,0.9499999999999999555911,both,1
yf-routine-campaign-default,"YF:YF,routine,with:default",YF,total,routine,NGA,Nigeria,2089,0,0,<NA>,<NA>,0.9499999999999999555911,both,1
yf-routine-campaign-default,"YF:YF,routine,with:default",YF,total,routine,NGA,Nigeria,2090,0,0,<NA>,<NA>,0.9499999999999999555911,both,1
yf-routine-campaign-default,"YF:YF,routine,with:default",YF,total,routine,NGA,Nigeria,2091,0,0,<NA>,<NA>,0.9499999999999999555911,both,1
yf-routine-campaign-default,"YF:YF,routine,with:default",YF,total,routine,NGA,Nigeria,2092,0,0,<NA>,<NA>,0.9499999999999999555911,both,1
yf-routine-campaign-default,"YF:YF,routine,with:default",YF,total,routine,NGA,Nigeria,2093,0,0,<NA>,<NA>,0.9499999999999999555911,both,1
yf-routine-campaign-default,"YF:YF,routine,with:default",YF,total,routine,NGA,Nigeria,2094,0,0,<NA>,<NA>,0.9499999999999999555911,both,1
yf-routine-campaign-default,"YF:YF,routine,with:default",YF,total,routine,NGA,Nigeria,2095,0,0,<NA>,<NA>,0.9499999999999999555911,both,1
yf-routine-campaign-default,"YF:YF,routine,with:default",YF,total,routine,NGA,Nigeria,2096,0,0,<NA>,<NA>,0.9499999999999999555911,both,1
yf-routine-campaign-default,"YF:YF,routine,with:default",YF,total,routine,NGA,Nigeria,2097,0,0,<NA>,<NA>,0.9499999999999999555911,both,1
yf-routine-campaign-default,"YF:YF,routine,with:default",YF,total,routine,NGA,Nigeria,2098,0,0,<NA>,<NA>,0.9499999999999999555911,both,1
yf-routine-campaign-default,"YF:YF,routine,with:default",YF,total,routine,NGA,Nigeria,2099,0,0,<NA>,<NA>,0.9499999999999999555911,both,1
yf-routine-campaign-default,"YF:YF,routine,with:default",YF,total,routine,NGA,Nigeria,2100,0,0,<NA>,<NA>,0.9499999999999999555911,both,1
yf-routine-campaign-default,"YF:YF,routine,with:default",YF,total,routine,PER,Peru,2000,0,0,default routine age,<NA>,0.0800000000000000016653,both,1
yf-routine-campaign-default,"YF:YF,routine,with:default",YF,total,routine,PER,Peru,2001,0,0,default routine age,<NA>,0.2600000000000000088818,both,1
yf-routine-campaign-default,"YF:YF,routine,with:default",YF,total,routine,PER,Peru,2002,0,0,default routine age,<NA>,0.3599999999999999866773,both,1
yf-routine-campaign-default,"YF:YF,routine,with:default",YF,total,routine,PER,Peru,2003,0,0,default routine age,<NA>,0.4699999999999999733546,both,1
yf-routine-campaign-default,"YF:YF,routine,with:default",YF,total,routine,PER,Peru,2004,0,0,default routine age,<NA>,0.5699999999999999511502,both,1
yf-routine-campaign-default,"YF:YF,routine,with:default",YF,total,routine,PER,Peru,2005,0,0,default routine age,<NA>,0.7800000000000000266454,both,1
yf-routine-campaign-default,"YF:YF,routine,with:default",YF,total,routine,PER,Peru,2006,0,0,default routine age,<NA>,0.9100000000000000310862,both,1
yf-routine-campaign-default,"YF:YF,routine,with:default",YF,total,routine,PER,Peru,2007,0,0,default routine age,<NA>,0.8699999999999999955591,both,1
yf-routine-campaign-default,"YF:YF,routine,with:default",YF,total,routine,PER,Peru,2008,0,0,default routine age,<NA>,0.8199999999999999511502,both,1
yf-routine-campaign-default,"YF:YF,routine,with:default",YF,total,routine,PER,Peru,2009,0,0,default routine age,<NA>,0.6600000000000000310862,both,1
yf-routine-campaign-default,"YF:YF,routine,with:default",YF,total,routine,PER,Peru,2010,0,0,default routine age,<NA>,0.6099999999999999866773,both,1
yf-routine-campaign-default,"YF:YF,routine,with:default",YF,total,routine,PER,Peru,2011,0,0,default routine age,<NA>,0.5100000000000000088818,both,1
yf-routine-campaign-default,"YF:YF,routine,with:default",YF,total,routine,PER,Peru,2012,0,0,default routine age,<NA>,0.579999999999999960032,both,1
yf-routine-campaign-default,"YF:YF,routine,with:default",YF,total,routine,PER,Peru,2013,0,0,default routine age,<NA>,0.6400000000000000133227,both,1
yf-routine-campaign-default,"YF:YF,routine,with:default",YF,total,routine,PER,Peru,2014,0,0,default routine age,<NA>,0.6500000000000000222045,both,1
yf-routine-campaign-default,"YF:YF,routine,with:default",YF,total,routine,PER,Peru,2015,0,0,default routine age,<NA>,0.670000000000000039968,both,1
yf-routine-campaign-default,"YF:YF,routine,with:default",YF,total,routine,PER,Peru,2016,0,0,default routine age,<NA>,0.6400000000000000133227,both,1
yf-routine-campaign-default,"YF:YF,routine,with:default",YF,total,routine,PER,Peru,2017,0,0,default routine age,<NA>,0.6199999999999999955591,both,1
yf-routine-campaign-default,"YF:YF,routine,with:default",YF,total,routine,PER,Peru,2018,0,0,default routine age,<NA>,0.5899999999999999689138,both,1
yf-routine-campaign-default,"YF:YF,routine,with:default",YF,total,routine,PER,Peru,2019,0,0,default routine age,<NA>,0.5699999999999999511502,both,1
yf-routine-campaign-default,"YF:YF,routine,with:default",YF,total,routine,PER,Peru,2020,0,0,default routine age,<NA>,0.5,both,1
yf-routine-campaign-default,"YF:YF,routine,with:default",YF,total,routine,PER,Peru,2021,0,0,default routine age,<NA>,0.6099999999999999866773,both,1
yf-routine-campaign-default,"YF:YF,routine,with:default",YF,total,routine,PER,Peru,2022,0,0,default routine age,<NA>,0.5200000000000000177636,both,1
yf-routine-campaign-default,"YF:YF,routine,with:default",YF,total,routine,PER,Peru,2023,0,0,<NA>,<NA>,0.5743243150886774284203,both,1
yf-routine-campaign-default,"YF:YF,routine,with:default",YF,total,routine,PER,Peru,2024,0,0,<NA>,<NA>,0.6225004401568259293498,both,1
yf-routine-campaign-default,"YF:YF,routine,with:default",YF,total,routine,PER,Peru,2025,0,0,<NA>,<NA>,0.6652242006459043732747,both,1
yf-routine-campaign-default,"YF:YF,routine,with:default",YF,total,routine,PER,Peru,2026,0,0,<NA>,<NA>,0.7031126714962705470668,both,1
yf-routine-campaign-default,"YF:YF,routine,with:default",YF,total,routine,PER,Peru,2027,0,0,<NA>,<NA>,0.736713089786837693751,both,1
yf-routine-campaign-default,"YF:YF,routine,with:default",YF,total,routine,PER,Peru,2028,0,0,<NA>,<NA>,0.7665107586808880268947,both,1
yf-routine-campaign-default,"YF:YF,routine,with:default",YF,total,routine,PER,Peru,2029,0,0,<NA>,<NA>,0.7929360568376290219206,both,1
yf-routine-campaign-default,"YF:YF,routine,with:default",YF,total,routine,PER,Peru,2030,0,0,<NA>,<NA>,0.8163706545289970417656,both,1
yf-routine-campaign-default,"YF:YF,routine,with:default",YF,total,routine,PER,Peru,2031,0,0,<NA>,<NA>,0.8263706545289970506474,both,1
yf-routine-campaign-default,"YF:YF,routine,with:default",YF,total,routine,PER,Peru,2032,0,0,<NA>,<NA>,0.8363706545289970595292,both,1
yf-routine-campaign-default,"YF:YF,routine,with:default",YF,total,routine,PER,Peru,2033,0,0,<NA>,<NA>,0.8463706545289970684109,both,1
yf-routine-campaign-default,"YF:YF,routine,with:default",YF,total,routine,PER,Peru,2034,0,0,<NA>,<NA>,0.8563706545289970772927,both,1
yf-routine-campaign-default,"YF:YF,routine,with:default",YF,total,routine,PER,Peru,2035,0,0,<NA>,<NA>,0.8663706545289970861745,both,1
yf-routine-campaign-default,"YF:YF,routine,with:default",YF,total,routine,PER,Peru,2036,0,0,<NA>,<NA>,0.8763706545289970950563,both,1
yf-routine-campaign-default,"YF:YF,routine,with:default",YF,total,routine,PER,Peru,2037,0,0,<NA>,<NA>,0.8863706545289971039381,both,1
yf-routine-campaign-default,"YF:YF,routine,with:default",YF,total,routine,PER,Peru,2038,0,0,<NA>,<NA>,0.8963706545289970017976,both,1
yf-routine-campaign-default,"YF:YF,routine,with:default",YF,total,routine,PER,Peru,2039,0,0,<NA>,<NA>,0.9063706545289970106793,both,1
yf-routine-campaign-default,"YF:YF,routine,with:default",YF,total,routine,PER,Peru,2040,0,0,<NA>,<NA>,0.9163706545289970195611,both,1
yf-routine-campaign-default,"YF:YF,routine,with:default",YF,total,routine,PER,Peru,2041,0,0,<NA>,<NA>,0.9263706545289970284429,both,1
yf-routine-campaign-default,"YF:YF,routine,with:default",YF,total,routine,PER,Peru,2042,0,0,<NA>,<NA>,0.9363706545289970373247,both,1
yf-routine-campaign-default,"YF:YF,routine,with:default",YF,total,routine,PER,Peru,2043,0,0,<NA>,<NA>,0.9463706545289970462065,both,1
yf-routine-campaign-default,"YF:YF,routine,with:default",YF,total,routine,PER,Peru,2044,0,0,<NA>,<NA>,0.9499999999999999555911,both,1
yf-routine-campaign-default,"YF:YF,routine,with:default",YF,total,routine,PER,Peru,2045,0,0,<NA>,<NA>,0.9499999999999999555911,both,1
yf-routine-campaign-default,"YF:YF,routine,with:default",YF,total,routine,PER,Peru,2046,0,0,<NA>,<NA>,0.9499999999999999555911,both,1
yf-routine-campaign-default,"YF:YF,routine,with:default",YF,total,routine,PER,Peru,2047,0,0,<NA>,<NA>,0.9499999999999999555911,both,1
yf-routine-campaign-default,"YF:YF,routine,with:default",YF,total,routine,PER,Peru,2048,0,0,<NA>,<NA>,0.9499999999999999555911,both,1
yf-routine-campaign-default,"YF:YF,routine,with:default",YF,total,routine,PER,Peru,2049,0,0,<NA>,<NA>,0.9499999999999999555911,both,1
yf-routine-campaign-default,"YF:YF,routine,with:default",YF,total,routine,PER,Peru,2050,0,0,<NA>,<NA>,0.9499999999999999555911,both,1
yf-routine-campaign-default,"YF:YF,routine,with:default",YF,total,routine,PER,Peru,2051,0,0,<NA>,<NA>,0.9499999999999999555911,both,1
yf-routine-campaign-default,"YF:YF,routine,with:default",YF,total,routine,PER,Peru,2052,0,0,<NA>,<NA>,0.9499999999999999555911,both,1
yf-routine-campaign-default,"YF:YF,routine,with:default",YF,total,routine,PER,Peru,2053,0,0,<NA>,<NA>,0.9499999999999999555911,both,1
yf-routine-campaign-default,"YF:YF,routine,with:default",YF,total,routine,PER,Peru,2054,0,0,<NA>,<NA>,0.9499999999999999555911,both,1
yf-routine-campaign-default,"YF:YF,routine,with:default",YF,total,routine,PER,Peru,2055,0,0,<NA>,<NA>,0.9499999999999999555911,both,1
yf-routine-campaign-default,"YF:YF,routine,with:default",YF,total,routine,PER,Peru,2056,0,0,<NA>,<NA>,0.9499999999999999555911,both,1
yf-routine-campaign-default,"YF:YF,routine,with:default",YF,total,routine,PER,Peru,2057,0,0,<NA>,<NA>,0.9499999999999999555911,both,1
yf-routine-campaign-default,"YF:YF,routine,with:default",YF,total,routine,PER,Peru,2058,0,0,<NA>,<NA>,0.9499999999999999555911,both,1
yf-routine-campaign-default,"YF:YF,routine,with:default",YF,total,routine,PER,Peru,2059,0,0,<NA>,<NA>,0.9499999999999999555911,both,1
yf-routine-campaign-default,"YF:YF,routine,with:default",YF,total,routine,PER,Peru,2060,0,0,<NA>,<NA>,0.9499999999999999555911,both,1
yf-routine-campaign-default,"YF:YF,routine,with:default",YF,total,routine,PER,Peru,2061,0,0,<NA>,<NA>,0.9499999999999999555911,both,1
yf-routine-campaign-default,"YF:YF,routine,with:default",YF,total,routine,PER,Peru,2062,0,0,<NA>,<NA>,0.9499999999999999555911,both,1
yf-routine-campaign-default,"YF:YF,routine,with:default",YF,total,routine,PER,Peru,2063,0,0,<NA>,<NA>,0.9499999999999999555911,both,1
yf-routine-campaign-default,"YF:YF,routine,with:default",YF,total,routine,PER,Peru,2064,0,0,<NA>,<NA>,0.9499999999999999555911,both,1
yf-routine-campaign-default,"YF:YF,routine,with:default",YF,total,routine,PER,Peru,2065,0,0,<NA>,<NA>,0.9499999999999999555911,both,1
yf-routine-campaign-default,"YF:YF,routine,with:default",YF,total,routine,PER,Peru,2066,0,0,<NA>,<NA>,0.9499999999999999555911,both,1
yf-routine-campaign-default,"YF:YF,routine,with:default",YF,total,routine,PER,Peru,2067,0,0,<NA>,<NA>,0.9499999999999999555911,both,1
yf-routine-campaign-default,"YF:YF,routine,with:default",YF,total,routine,PER,Peru,2068,0,0,<NA>,<NA>,0.9499999999999999555911,both,1
yf-routine-campaign-default,"YF:YF,routine,with:default",YF,total,routine,PER,Peru,2069,0,0,<NA>,<NA>,0.9499999999999999555911,both,1
yf-routine-campaign-default,"YF:YF,routine,with:default",YF,total,routine,PER,Peru,2070,0,0,<NA>,<NA>,0.9499999999999999555911,both,1
yf-routine-campaign-default,"YF:YF,routine,with:default",YF,total,routine,PER,Peru,2071,0,0,<NA>,<NA>,0.9499999999999999555911,both,1
yf-routine-campaign-default,"YF:YF,routine,with:default",YF,total,routine,PER,Peru,2072,0,0,<NA>,<NA>,0.9499999999999999555911,both,1
yf-routine-campaign-default,"YF:YF,routine,with:default",YF,total,routine,PER,Peru,2073,0,0,<NA>,<NA>,0.9499999999999999555911,both,1
yf-routine-campaign-default,"YF:YF,routine,with:default",YF,total,routine,PER,Peru,2074,0,0,<NA>,<NA>,0.9499999999999999555911,both,1
yf-routine-campaign-default,"YF:YF,routine,with:default",YF,total,routine,PER,Peru,2075,0,0,<NA>,<NA>,0.9499999999999999555911,both,1
yf-routine-campaign-default,"YF:YF,routine,with:default",YF,total,routine,PER,Peru,2076,0,0,<NA>,<NA>,0.9499999999999999555911,both,1
yf-routine-campaign-default,"YF:YF,routine,with:default",YF,total,routine,PER,Peru,2077,0,0,<NA>,<NA>,0.9499999999999999555911,both,1
yf-routine-campaign-default,"YF:YF,routine,with:default",YF,total,routine,PER,Peru,2078,0,0,<NA>,<NA>,0.9499999999999999555911,both,1
yf-routine-campaign-default,"YF:YF,routine,with:default",YF,total,routine,PER,Peru,2079,0,0,<NA>,<NA>,0.9499999999999999555911,both,1
yf-routine-campaign-default,"YF:YF,routine,with:default",YF,total,routine,PER,Peru,2080,0,0,<NA>,<NA>,0.9499999999999999555911,both,1
yf-routine-campaign-default,"YF:YF,routine,with:default",YF,total,routine,PER,Peru,2081,0,0,<NA>,<NA>,0.9499999999999999555911,both,1
yf-routine-campaign-default,"YF:YF,routine,with:default",YF,total,routine,PER,Peru,2082,0,0,<NA>,<NA>,0.9499999999999999555911,both,1
yf-routine-campaign-default,"YF:YF,routine,with:default",YF,total,routine,PER,Peru,2083,0,0,<NA>,<NA>,0.9499999999999999555911,both,1
yf-routine-campaign-default,"YF:YF,routine,with:default",YF,total,routine,PER,Peru,2084,0,0,<NA>,<NA>,0.9499999999999999555911,both,1
yf-routine-campaign-default,"YF:YF,routine,with:default",YF,total,routine,PER,Peru,2085,0,0,<NA>,<NA>,0.9499999999999999555911,both,1
yf-routine-campaign-default,"YF:YF,routine,with:default",YF,total,routine,PER,Peru,2086,0,0,<NA>,<NA>,0.9499999999999999555911,both,1
yf-routine-campaign-default,"YF:YF,routine,with:default",YF,total,routine,PER,Peru,2087,0,0,<NA>,<NA>,0.9499999999999999555911,both,1
yf-routine-campaign-default,"YF:YF,routine,with:default",YF,total,routine,PER,Peru,2088,0,0,<NA>,<NA>,0.9499999999999999555911,both,1
yf-routine-campaign-default,"YF:YF,routine,with:default",YF,total,routine,PER,Peru,2089,0,0,<NA>,<NA>,0.9499999999999999555911,both,1
yf-routine-campaign-default,"YF:YF,routine,with:default",YF,total,routine,PER,Peru,2090,0,0,<NA>,<NA>,0.9499999999999999555911,both,1
yf-routine-campaign-default,"YF:YF,routine,with:default",YF,total,routine,PER,Peru,2091,0,0,<NA>,<NA>,0.9499999999999999555911,both,1
yf-routine-campaign-default,"YF:YF,routine,with:default",YF,total,routine,PER,Peru,2092,0,0,<NA>,<NA>,0.9499999999999999555911,both,1
yf-routine-campaign-default,"YF:YF,routine,with:default",YF,total,routine,PER,Peru,2093,0,0,<NA>,<NA>,0.9499999999999999555911,both,1
yf-routine-campaign-default,"YF:YF,routine,with:default",YF,total,routine,PER,Peru,2094,0,0,<NA>,<NA>,0.9499999999999999555911,both,1
yf-routine-campaign-default,"YF:YF,routine,with:default",YF,total,routine,PER,Peru,2095,0,0,<NA>,<NA>,0.9499999999999999555911,both,1
yf-routine-campaign-default,"YF:YF,routine,with:default",YF,total,routine,PER,Peru,2096,0,0,<NA>,<NA>,0.9499999999999999555911,both,1
yf-routine-campaign-default,"YF:YF,routine,with:default",YF,total,routine,PER,Peru,2097,0,0,<NA>,<NA>,0.9499999999999999555911,both,1
yf-routine-campaign-default,"YF:YF,routine,with:default",YF,total,routine,PER,Peru,2098,0,0,<NA>,<NA>,0.9499999999999999555911,both,1
yf-routine-campaign-default,"YF:YF,routine,with:default",YF,total,routine,PER,Peru,2099,0,0,<NA>,<NA>,0.9499999999999999555911,both,1
yf-routine-campaign-default,"YF:YF,routine,with:default",YF,total,routine,PER,Peru,2100,0,0,<NA>,<NA>,0.9499999999999999555911,both,1
yf-routine-campaign-default,"YF:YF,routine,with:default",YF,total,routine,RWA,Rwanda,2027,0,0,<NA>,<NA>,0.2613333333333330843473,both,1
yf-routine-campaign-default,"YF:YF,routine,with:default",YF,total,routine,RWA,Rwanda,2028,0,0,<NA>,<NA>,0.6005603925497622341823,both,1
yf-routine-campaign-default,"YF:YF,routine,with:default",YF,total,routine,RWA,Rwanda,2029,0,0,<NA>,<NA>,0.7840000000000000301981,both,1
yf-routine-campaign-default,"YF:YF,routine,with:default",YF,total,routine,RWA,Rwanda,2030,0,0,<NA>,<NA>,0.9000000000000000222045,both,1
yf-routine-campaign-default,"YF:YF,routine,with:default",YF,total,routine,RWA,Rwanda,2031,0,0,<NA>,<NA>,0.9100000000000000310862,both,1
yf-routine-campaign-default,"YF:YF,routine,with:default",YF,total,routine,RWA,Rwanda,2032,0,0,<NA>,<NA>,0.920000000000000039968,both,1
yf-routine-campaign-default,"YF:YF,routine,with:default",YF,total,routine,RWA,Rwanda,2033,0,0,<NA>,<NA>,0.9300000000000000488498,both,1
yf-routine-campaign-default,"YF:YF,routine,with:default",YF,total,routine,RWA,Rwanda,2034,0,0,<NA>,<NA>,0.9400000000000000577316,both,1
yf-routine-campaign-default,"YF:YF,routine,with:default",YF,total,routine,RWA,Rwanda,2035,0,0,<NA>,<NA>,0.9499999999999999555911,both,1
yf-routine-campaign-default,"YF:YF,routine,with:default",YF,total,routine,RWA,Rwanda,2036,0,0,<NA>,<NA>,0.9499999999999999555911,both,1
yf-routine-campaign-default,"YF:YF,routine,with:default",YF,total,routine,RWA,Rwanda,2037,0,0,<NA>,<NA>,0.9499999999999999555911,both,1
yf-routine-campaign-default,"YF:YF,routine,with:default",YF,total,routine,RWA,Rwanda,2038,0,0,<NA>,<NA>,0.9499999999999999555911,both,1
yf-routine-campaign-default,"YF:YF,routine,with:default",YF,total,routine,RWA,Rwanda,2039,0,0,<NA>,<NA>,0.9499999999999999555911,both,1
yf-routine-campaign-default,"YF:YF,routine,with:default",YF,total,routine,RWA,Rwanda,2040,0,0,<NA>,<NA>,0.9499999999999999555911,both,1
yf-routine-campaign-default,"YF:YF,routine,with:default",YF,total,routine,RWA,Rwanda,2041,0,0,<NA>,<NA>,0.9499999999999999555911,both,1
yf-routine-campaign-default,"YF:YF,routine,with:default",YF,total,routine,RWA,Rwanda,2042,0,0,<NA>,<NA>,0.9499999999999999555911,both,1
yf-routine-campaign-default,"YF:YF,routine,with:default",YF,total,routine,RWA,Rwanda,2043,0,0,<NA>,<NA>,0.9499999999999999555911,both,1
yf-routine-campaign-default,"YF:YF,routine,with:default",YF,total,routine,RWA,Rwanda,2044,0,0,<NA>,<NA>,0.9499999999999999555911,both,1
yf-routine-campaign-default,"YF:YF,routine,with:default",YF,total,routine,RWA,Rwanda,2045,0,0,<NA>,<NA>,0.9499999999999999555911,both,1
yf-routine-campaign-default,"YF:YF,routine,with:default",YF,total,routine,RWA,Rwanda,2046,0,0,<NA>,<NA>,0.9499999999999999555911,both,1
yf-routine-campaign-default,"YF:YF,routine,with:default",YF,total,routine,RWA,Rwanda,2047,0,0,<NA>,<NA>,0.9499999999999999555911,both,1
yf-routine-campaign-default,"YF:YF,routine,with:default",YF,total,routine,RWA,Rwanda,2048,0,0,<NA>,<NA>,0.9499999999999999555911,both,1
yf-routine-campaign-default,"YF:YF,routine,with:default",YF,total,routine,RWA,Rwanda,2049,0,0,<NA>,<NA>,0.9499999999999999555911,both,1
yf-routine-campaign-default,"YF:YF,routine,with:default",YF,total,routine,RWA,Rwanda,2050,0,0,<NA>,<NA>,0.9499999999999999555911,both,1
yf-routine-campaign-default,"YF:YF,routine,with:default",YF,total,routine,RWA,Rwanda,2051,0,0,<NA>,<NA>,0.9499999999999999555911,both,1
yf-routine-campaign-default,"YF:YF,routine,with:default",YF,total,routine,RWA,Rwanda,2052,0,0,<NA>,<NA>,0.9499999999999999555911,both,1
yf-routine-campaign-default,"YF:YF,routine,with:default",YF,total,routine,RWA,Rwanda,2053,0,0,<NA>,<NA>,0.9499999999999999555911,both,1
yf-routine-campaign-default,"YF:YF,routine,with:default",YF,total,routine,RWA,Rwanda,2054,0,0,<NA>,<NA>,0.9499999999999999555911,both,1
yf-routine-campaign-default,"YF:YF,routine,with:default",YF,total,routine,RWA,Rwanda,2055,0,0,<NA>,<NA>,0.9499999999999999555911,both,1
yf-routine-campaign-default,"YF:YF,routine,with:default",YF,total,routine,RWA,Rwanda,2056,0,0,<NA>,<NA>,0.9499999999999999555911,both,1
yf-routine-campaign-default,"YF:YF,routine,with:default",YF,total,routine,RWA,Rwanda,2057,0,0,<NA>,<NA>,0.9499999999999999555911,both,1
yf-routine-campaign-default,"YF:YF,routine,with:default",YF,total,routine,RWA,Rwanda,2058,0,0,<NA>,<NA>,0.9499999999999999555911,both,1
yf-routine-campaign-default,"YF:YF,routine,with:default",YF,total,routine,RWA,Rwanda,2059,0,0,<NA>,<NA>,0.9499999999999999555911,both,1
yf-routine-campaign-default,"YF:YF,routine,with:default",YF,total,routine,RWA,Rwanda,2060,0,0,<NA>,<NA>,0.9499999999999999555911,both,1
yf-routine-campaign-default,"YF:YF,routine,with:default",YF,total,routine,RWA,Rwanda,2061,0,0,<NA>,<NA>,0.9499999999999999555911,both,1
yf-routine-campaign-default,"YF:YF,routine,with:default",YF,total,routine,RWA,Rwanda,2062,0,0,<NA>,<NA>,0.9499999999999999555911,both,1
yf-routine-campaign-default,"YF:YF,routine,with:default",YF,total,routine,RWA,Rwanda,2063,0,0,<NA>,<NA>,0.9499999999999999555911,both,1
yf-routine-campaign-default,"YF:YF,routine,with:default",YF,total,routine,RWA,Rwanda,2064,0,0,<NA>,<NA>,0.9499999999999999555911,both,1
yf-routine-campaign-default,"YF:YF,routine,with:default",YF,total,routine,RWA,Rwanda,2065,0,0,<NA>,<NA>,0.9499999999999999555911,both,1
yf-routine-campaign-default,"YF:YF,routine,with:default",YF,total,routine,RWA,Rwanda,2066,0,0,<NA>,<NA>,0.9499999999999999555911,both,1
yf-routine-campaign-default,"YF:YF,routine,with:default",YF,total,routine,RWA,Rwanda,2067,0,0,<NA>,<NA>,0.9499999999999999555911,both,1
yf-routine-campaign-default,"YF:YF,routine,with:default",YF,total,routine,RWA,Rwanda,2068,0,0,<NA>,<NA>,0.9499999999999999555911,both,1
yf-routine-campaign-default,"YF:YF,routine,with:default",YF,total,routine,RWA,Rwanda,2069,0,0,<NA>,<NA>,0.9499999999999999555911,both,1
yf-routine-campaign-default,"YF:YF,routine,with:default",YF,total,routine,RWA,Rwanda,2070,0,0,<NA>,<NA>,0.9499999999999999555911,both,1
yf-routine-campaign-default,"YF:YF,routine,with:default",YF,total,routine,RWA,Rwanda,2071,0,0,<NA>,<NA>,0.9499999999999999555911,both,1
yf-routine-campaign-default,"YF:YF,routine,with:default",YF,total,routine,RWA,Rwanda,2072,0,0,<NA>,<NA>,0.9499999999999999555911,both,1
yf-routine-campaign-default,"YF:YF,routine,with:default",YF,total,routine,RWA,Rwanda,2073,0,0,<NA>,<NA>,0.9499999999999999555911,both,1
yf-routine-campaign-default,"YF:YF,routine,with:default",YF,total,routine,RWA,Rwanda,2074,0,0,<NA>,<NA>,0.9499999999999999555911,both,1
yf-routine-campaign-default,"YF:YF,routine,with:default",YF,total,routine,RWA,Rwanda,2075,0,0,<NA>,<NA>,0.9499999999999999555911,both,1
yf-routine-campaign-default,"YF:YF,routine,with:default",YF,total,routine,RWA,Rwanda,2076,0,0,<NA>,<NA>,0.9499999999999999555911,both,1
yf-routine-campaign-default,"YF:YF,routine,with:default",YF,total,routine,RWA,Rwanda,2077,0,0,<NA>,<NA>,0.9499999999999999555911,both,1
yf-routine-campaign-default,"YF:YF,routine,with:default",YF,total,routine,RWA,Rwanda,2078,0,0,<NA>,<NA>,0.9499999999999999555911,both,1
yf-routine-campaign-default,"YF:YF,routine,with:default",YF,total,routine,RWA,Rwanda,2079,0,0,<NA>,<NA>,0.9499999999999999555911,both,1
yf-routine-campaign-default,"YF:YF,routine,with:default",YF,total,routine,RWA,Rwanda,2080,0,0,<NA>,<NA>,0.9499999999999999555911,both,1
yf-routine-campaign-default,"YF:YF,routine,with:default",YF,total,routine,RWA,Rwanda,2081,0,0,<NA>,<NA>,0.9499999999999999555911,both,1
yf-routine-campaign-default,"YF:YF,routine,with:default",YF,total,routine,RWA,Rwanda,2082,0,0,<NA>,<NA>,0.9499999999999999555911,both,1
yf-routine-campaign-default,"YF:YF,routine,with:default",YF,total,routine,RWA,Rwanda,2083,0,0,<NA>,<NA>,0.9499999999999999555911,both,1
yf-routine-campaign-default,"YF:YF,routine,with:default",YF,total,routine,RWA,Rwanda,2084,0,0,<NA>,<NA>,0.9499999999999999555911,both,1
yf-routine-campaign-default,"YF:YF,routine,with:default",YF,total,routine,RWA,Rwanda,2085,0,0,<NA>,<NA>,0.9499999999999999555911,both,1
yf-routine-campaign-default,"YF:YF,routine,with:default",YF,total,routine,RWA,Rwanda,2086,0,0,<NA>,<NA>,0.9499999999999999555911,both,1
yf-routine-campaign-default,"YF:YF,routine,with:default",YF,total,routine,RWA,Rwanda,2087,0,0,<NA>,<NA>,0.9499999999999999555911,both,1
yf-routine-campaign-default,"YF:YF,routine,with:default",YF,total,routine,RWA,Rwanda,2088,0,0,<NA>,<NA>,0.9499999999999999555911,both,1
yf-routine-campaign-default,"YF:YF,routine,with:default",YF,total,routine,RWA,Rwanda,2089,0,0,<NA>,<NA>,0.9499999999999999555911,both,1
yf-routine-campaign-default,"YF:YF,routine,with:default",YF,total,routine,RWA,Rwanda,2090,0,0,<NA>,<NA>,0.9499999999999999555911,both,1
yf-routine-campaign-default,"YF:YF,routine,with:default",YF,total,routine,RWA,Rwanda,2091,0,0,<NA>,<NA>,0.9499999999999999555911,both,1
yf-routine-campaign-default,"YF:YF,routine,with:default",YF,total,routine,RWA,Rwanda,2092,0,0,<NA>,<NA>,0.9499999999999999555911,both,1
yf-routine-campaign-default,"YF:YF,routine,with:default",YF,total,routine,RWA,Rwanda,2093,0,0,<NA>,<NA>,0.9499999999999999555911,both,1
yf-routine-campaign-default,"YF:YF,routine,with:default",YF,total,routine,RWA,Rwanda,2094,0,0,<NA>,<NA>,0.9499999999999999555911,both,1
yf-routine-campaign-default,"YF:YF,routine,with:default",YF,total,routine,RWA,Rwanda,2095,0,0,<NA>,<NA>,0.9499999999999999555911,both,1
yf-routine-campaign-default,"YF:YF,routine,with:default",YF,total,routine,RWA,Rwanda,2096,0,0,<NA>,<NA>,0.9499999999999999555911,both,1
yf-routine-campaign-default,"YF:YF,routine,with:default",YF,total,routine,RWA,Rwanda,2097,0,0,<NA>,<NA>,0.9499999999999999555911,both,1
yf-routine-campaign-default,"YF:YF,routine,with:default",YF,total,routine,RWA,Rwanda,2098,0,0,<NA>,<NA>,0.9499999999999999555911,both,1
yf-routine-campaign-default,"YF:YF,routine,with:default",YF,total,routine,RWA,Rwanda,2099,0,0,<NA>,<NA>,0.9499999999999999555911,both,1
yf-routine-campaign-default,"YF:YF,routine,with:default",YF,total,routine,RWA,Rwanda,2100,0,0,<NA>,<NA>,0.9499999999999999555911,both,1
yf-routine-campaign-default,"YF:YF,routine,with:default",YF,total,routine,SDN,Sudan,2026,0,0,<NA>,<NA>,0.2310957867050804082076,both,1
yf-routine-campaign-default,"YF:YF,routine,with:default",YF,total,routine,SDN,Sudan,2027,0,0,<NA>,<NA>,0.5143739699334498594041,both,1
yf-routine-campaign-default,"YF:YF,routine,with:default",YF,total,routine,SDN,Sudan,2028,0,0,<NA>,<NA>,0.6932873601152419462679,both,1
yf-routine-campaign-default,"YF:YF,routine,with:default",YF,total,routine,SDN,Sudan,2029,0,0,<NA>,<NA>,0.8003421734049642743969,both,1
yf-routine-campaign-default,"YF:YF,routine,with:default",YF,total,routine,SDN,Sudan,2030,0,0,<NA>,<NA>,0.8700306327915560133945,both,1
yf-routine-campaign-default,"YF:YF,routine,with:default",YF,total,routine,SDN,Sudan,2031,0,0,<NA>,<NA>,0.8800306327915560222763,both,1
yf-routine-campaign-default,"YF:YF,routine,with:default",YF,total,routine,SDN,Sudan,2032,0,0,<NA>,<NA>,0.8900306327915560311581,both,1
yf-routine-campaign-default,"YF:YF,routine,with:default",YF,total,routine,SDN,Sudan,2033,0,0,<NA>,<NA>,0.9000306327915560400399,both,1
yf-routine-campaign-default,"YF:YF,routine,with:default",YF,total,routine,SDN,Sudan,2034,0,0,<NA>,<NA>,0.9100306327915560489217,both,1
yf-routine-campaign-default,"YF:YF,routine,with:default",YF,total,routine,SDN,Sudan,2035,0,0,<NA>,<NA>,0.9200306327915560578035,both,1
yf-routine-campaign-default,"YF:YF,routine,with:default",YF,total,routine,SDN,Sudan,2036,0,0,<NA>,<NA>,0.9300306327915559556629,both,1
yf-routine-campaign-default,"YF:YF,routine,with:default",YF,total,routine,SDN,Sudan,2037,0,0,<NA>,<NA>,0.9400306327915559645447,both,1
yf-routine-campaign-default,"YF:YF,routine,with:default",YF,total,routine,SDN,Sudan,2038,0,0,<NA>,<NA>,0.9499999999999999555911,both,1
yf-routine-campaign-default,"YF:YF,routine,with:default",YF,total,routine,SDN,Sudan,2039,0,0,<NA>,<NA>,0.9499999999999999555911,both,1
yf-routine-campaign-default,"YF:YF,routine,with:default",YF,total,routine,SDN,Sudan,2040,0,0,<NA>,<NA>,0.9499999999999999555911,both,1
yf-routine-campaign-default,"YF:YF,routine,with:default",YF,total,routine,SDN,Sudan,2041,0,0,<NA>,<NA>,0.9499999999999999555911,both,1
yf-routine-campaign-default,"YF:YF,routine,with:default",YF,total,routine,SDN,Sudan,2042,0,0,<NA>,<NA>,0.9499999999999999555911,both,1
yf-routine-campaign-default,"YF:YF,routine,with:default",YF,total,routine,SDN,Sudan,2043,0,0,<NA>,<NA>,0.9499999999999999555911,both,1
yf-routine-campaign-default,"YF:YF,routine,with:default",YF,total,routine,SDN,Sudan,2044,0,0,<NA>,<NA>,0.9499999999999999555911,both,1
yf-routine-campaign-default,"YF:YF,routine,with:default",YF,total,routine,SDN,Sudan,2045,0,0,<NA>,<NA>,0.9499999999999999555911,both,1
yf-routine-campaign-default,"YF:YF,routine,with:default",YF,total,routine,SDN,Sudan,2046,0,0,<NA>,<NA>,0.9499999999999999555911,both,1
yf-routine-campaign-default,"YF:YF,routine,with:default",YF,total,routine,SDN,Sudan,2047,0,0,<NA>,<NA>,0.9499999999999999555911,both,1
yf-routine-campaign-default,"YF:YF,routine,with:default",YF,total,routine,SDN,Sudan,2048,0,0,<NA>,<NA>,0.9499999999999999555911,both,1
yf-routine-campaign-default,"YF:YF,routine,with:default",YF,total,routine,SDN,Sudan,2049,0,0,<NA>,<NA>,0.9499999999999999555911,both,1
yf-routine-campaign-default,"YF:YF,routine,with:default",YF,total,routine,SDN,Sudan,2050,0,0,<NA>,<NA>,0.9499999999999999555911,both,1
yf-routine-campaign-default,"YF:YF,routine,with:default",YF,total,routine,SDN,Sudan,2051,0,0,<NA>,<NA>,0.9499999999999999555911,both,1
yf-routine-campaign-default,"YF:YF,routine,with:default",YF,total,routine,SDN,Sudan,2052,0,0,<NA>,<NA>,0.9499999999999999555911,both,1
yf-routine-campaign-default,"YF:YF,routine,with:default",YF,total,routine,SDN,Sudan,2053,0,0,<NA>,<NA>,0.9499999999999999555911,both,1
yf-routine-campaign-default,"YF:YF,routine,with:default",YF,total,routine,SDN,Sudan,2054,0,0,<NA>,<NA>,0.9499999999999999555911,both,1
yf-routine-campaign-default,"YF:YF,routine,with:default",YF,total,routine,SDN,Sudan,2055,0,0,<NA>,<NA>,0.9499999999999999555911,both,1
yf-routine-campaign-default,"YF:YF,routine,with:default",YF,total,routine,SDN,Sudan,2056,0,0,<NA>,<NA>,0.9499999999999999555911,both,1
yf-routine-campaign-default,"YF:YF,routine,with:default",YF,total,routine,SDN,Sudan,2057,0,0,<NA>,<NA>,0.9499999999999999555911,both,1
yf-routine-campaign-default,"YF:YF,routine,with:default",YF,total,routine,SDN,Sudan,2058,0,0,<NA>,<NA>,0.9499999999999999555911,both,1
yf-routine-campaign-default,"YF:YF,routine,with:default",YF,total,routine,SDN,Sudan,2059,0,0,<NA>,<NA>,0.9499999999999999555911,both,1
yf-routine-campaign-default,"YF:YF,routine,with:default",YF,total,routine,SDN,Sudan,2060,0,0,<NA>,<NA>,0.9499999999999999555911,both,1
yf-routine-campaign-default,"YF:YF,routine,with:default",YF,total,routine,SDN,Sudan,2061,0,0,<NA>,<NA>,0.9499999999999999555911,both,1
yf-routine-campaign-default,"YF:YF,routine,with:default",YF,total,routine,SDN,Sudan,2062,0,0,<NA>,<NA>,0.9499999999999999555911,both,1
yf-routine-campaign-default,"YF:YF,routine,with:default",YF,total,routine,SDN,Sudan,2063,0,0,<NA>,<NA>,0.9499999999999999555911,both,1
yf-routine-campaign-default,"YF:YF,routine,with:default",YF,total,routine,SDN,Sudan,2064,0,0,<NA>,<NA>,0.9499999999999999555911,both,1
yf-routine-campaign-default,"YF:YF,routine,with:default",YF,total,routine,SDN,Sudan,2065,0,0,<NA>,<NA>,0.9499999999999999555911,both,1
yf-routine-campaign-default,"YF:YF,routine,with:default",YF,total,routine,SDN,Sudan,2066,0,0,<NA>,<NA>,0.9499999999999999555911,both,1
yf-routine-campaign-default,"YF:YF,routine,with:default",YF,total,routine,SDN,Sudan,2067,0,0,<NA>,<NA>,0.9499999999999999555911,both,1
yf-routine-campaign-default,"YF:YF,routine,with:default",YF,total,routine,SDN,Sudan,2068,0,0,<NA>,<NA>,0.9499999999999999555911,both,1
yf-routine-campaign-default,"YF:YF,routine,with:default",YF,total,routine,SDN,Sudan,2069,0,0,<NA>,<NA>,0.9499999999999999555911,both,1
yf-routine-campaign-default,"YF:YF,routine,with:default",YF,total,routine,SDN,Sudan,2070,0,0,<NA>,<NA>,0.9499999999999999555911,both,1
yf-routine-campaign-default,"YF:YF,routine,with:default",YF,total,routine,SDN,Sudan,2071,0,0,<NA>,<NA>,0.9499999999999999555911,both,1
yf-routine-campaign-default,"YF:YF,routine,with:default",YF,total,routine,SDN,Sudan,2072,0,0,<NA>,<NA>,0.9499999999999999555911,both,1
yf-routine-campaign-default,"YF:YF,routine,with:default",YF,total,routine,SDN,Sudan,2073,0,0,<NA>,<NA>,0.9499999999999999555911,both,1
yf-routine-campaign-default,"YF:YF,routine,with:default",YF,total,routine,SDN,Sudan,2074,0,0,<NA>,<NA>,0.9499999999999999555911,both,1
yf-routine-campaign-default,"YF:YF,routine,with:default",YF,total,routine,SDN,Sudan,2075,0,0,<NA>,<NA>,0.9499999999999999555911,both,1
yf-routine-campaign-default,"YF:YF,routine,with:default",YF,total,routine,SDN,Sudan,2076,0,0,<NA>,<NA>,0.9499999999999999555911,both,1
yf-routine-campaign-default,"YF:YF,routine,with:default",YF,total,routine,SDN,Sudan,2077,0,0,<NA>,<NA>,0.9499999999999999555911,both,1
yf-routine-campaign-default,"YF:YF,routine,with:default",YF,total,routine,SDN,Sudan,2078,0,0,<NA>,<NA>,0.9499999999999999555911,both,1
yf-routine-campaign-default,"YF:YF,routine,with:default",YF,total,routine,SDN,Sudan,2079,0,0,<NA>,<NA>,0.9499999999999999555911,both,1
yf-routine-campaign-default,"YF:YF,routine,with:default",YF,total,routine,SDN,Sudan,2080,0,0,<NA>,<NA>,0.9499999999999999555911,both,1
yf-routine-campaign-default,"YF:YF,routine,with:default",YF,total,routine,SDN,Sudan,2081,0,0,<NA>,<NA>,0.9499999999999999555911,both,1
yf-routine-campaign-default,"YF:YF,routine,with:default",YF,total,routine,SDN,Sudan,2082,0,0,<NA>,<NA>,0.9499999999999999555911,both,1
yf-routine-campaign-default,"YF:YF,routine,with:default",YF,total,routine,SDN,Sudan,2083,0,0,<NA>,<NA>,0.9499999999999999555911,both,1
yf-routine-campaign-default,"YF:YF,routine,with:default",YF,total,routine,SDN,Sudan,2084,0,0,<NA>,<NA>,0.9499999999999999555911,both,1
yf-routine-campaign-default,"YF:YF,routine,with:default",YF,total,routine,SDN,Sudan,2085,0,0,<NA>,<NA>,0.9499999999999999555911,both,1
yf-routine-campaign-default,"YF:YF,routine,with:default",YF,total,routine,SDN,Sudan,2086,0,0,<NA>,<NA>,0.9499999999999999555911,both,1
yf-routine-campaign-default,"YF:YF,routine,with:default",YF,total,routine,SDN,Sudan,2087,0,0,<NA>,<NA>,0.9499999999999999555911,both,1
yf-routine-campaign-default,"YF:YF,routine,with:default",YF,total,routine,SDN,Sudan,2088,0,0,<NA>,<NA>,0.9499999999999999555911,both,1
yf-routine-campaign-default,"YF:YF,routine,with:default",YF,total,routine,SDN,Sudan,2089,0,0,<NA>,<NA>,0.9499999999999999555911,both,1
yf-routine-campaign-default,"YF:YF,routine,with:default",YF,total,routine,SDN,Sudan,2090,0,0,<NA>,<NA>,0.9499999999999999555911,both,1
yf-routine-campaign-default,"YF:YF,routine,with:default",YF,total,routine,SDN,Sudan,2091,0,0,<NA>,<NA>,0.9499999999999999555911,both,1
yf-routine-campaign-default,"YF:YF,routine,with:default",YF,total,routine,SDN,Sudan,2092,0,0,<NA>,<NA>,0.9499999999999999555911,both,1
yf-routine-campaign-default,"YF:YF,routine,with:default",YF,total,routine,SDN,Sudan,2093,0,0,<NA>,<NA>,0.9499999999999999555911,both,1
yf-routine-campaign-default,"YF:YF,routine,with:default",YF,total,routine,SDN,Sudan,2094,0,0,<NA>,<NA>,0.9499999999999999555911,both,1
yf-routine-campaign-default,"YF:YF,routine,with:default",YF,total,routine,SDN,Sudan,2095,0,0,<NA>,<NA>,0.9499999999999999555911,both,1
yf-routine-campaign-default,"YF:YF,routine,with:default",YF,total,routine,SDN,Sudan,2096,0,0,<NA>,<NA>,0.9499999999999999555911,both,1
yf-routine-campaign-default,"YF:YF,routine,with:default",YF,total,routine,SDN,Sudan,2097,0,0,<NA>,<NA>,0.9499999999999999555911,both,1
yf-routine-campaign-default,"YF:YF,routine,with:default",YF,total,routine,SDN,Sudan,2098,0,0,<NA>,<NA>,0.9499999999999999555911,both,1
yf-routine-campaign-default,"YF:YF,routine,with:default",YF,total,routine,SDN,Sudan,2099,0,0,<NA>,<NA>,0.9499999999999999555911,both,1
yf-routine-campaign-default,"YF:YF,routine,with:default",YF,total,routine,SDN,Sudan,2100,0,0,<NA>,<NA>,0.9499999999999999555911,both,1
yf-routine-campaign-default,"YF:YF,routine,with:default",YF,total,routine,SEN,Senegal,1998,0,0,default routine age,<NA>,0.5,both,1
yf-routine-campaign-default,"YF:YF,routine,with:default",YF,total,routine,SEN,Senegal,1999,0,0,default routine age,<NA>,0.4299999999999999933387,both,1
yf-routine-campaign-default,"YF:YF,routine,with:default",YF,total,routine,SEN,Senegal,2000,0,0,default routine age,<NA>,0.3400000000000000244249,both,1
yf-routine-campaign-default,"YF:YF,routine,with:default",YF,total,routine,SEN,Senegal,2001,0,0,default routine age,<NA>,0.3400000000000000244249,both,1
yf-routine-campaign-default,"YF:YF,routine,with:default",YF,total,routine,SEN,Senegal,2002,0,0,default routine age,<NA>,0.5300000000000000266454,both,1
yf-routine-campaign-default,"YF:YF,routine,with:default",YF,total,routine,SEN,Senegal,2003,0,0,default routine age,<NA>,0.5899999999999999689138,both,1
yf-routine-campaign-default,"YF:YF,routine,with:default",YF,total,routine,SEN,Senegal,2004,0,0,default routine age,<NA>,0.75,both,1
yf-routine-campaign-default,"YF:YF,routine,with:default",YF,total,routine,SEN,Senegal,2005,0,0,default routine age,<NA>,0.75,both,1
yf-routine-campaign-default,"YF:YF,routine,with:default",YF,total,routine,SEN,Senegal,2006,0,0,default routine age,<NA>,0.8000000000000000444089,both,1
yf-routine-campaign-default,"YF:YF,routine,with:default",YF,total,routine,SEN,Senegal,2007,0,0,default routine age,<NA>,0.8599999999999999866773,both,1
yf-routine-campaign-default,"YF:YF,routine,with:default",YF,total,routine,SEN,Senegal,2008,0,0,default routine age,<NA>,0.8100000000000000532907,both,1
yf-routine-campaign-default,"YF:YF,routine,with:default",YF,total,routine,SEN,Senegal,2009,0,0,default routine age,<NA>,0.7600000000000000088818,both,1
yf-routine-campaign-default,"YF:YF,routine,with:default",YF,total,routine,SEN,Senegal,2010,0,0,default routine age,<NA>,0.8000000000000000444089,both,1
yf-routine-campaign-default,"YF:YF,routine,with:default",YF,total,routine,SEN,Senegal,2011,0,0,default routine age,<NA>,0.8399999999999999689138,both,1
yf-routine-campaign-default,"YF:YF,routine,with:default",YF,total,routine,SEN,Senegal,2012,0,0,default routine age,<NA>,0.8000000000000000444089,both,1
yf-routine-campaign-default,"YF:YF,routine,with:default",YF,total,routine,SEN,Senegal,2013,0,0,default routine age,<NA>,0.829999999999999960032,both,1
yf-routine-campaign-default,"YF:YF,routine,with:default",YF,total,routine,SEN,Senegal,2014,0,0,default routine age,<NA>,0.8000000000000000444089,both,1
yf-routine-campaign-default,"YF:YF,routine,with:default",YF,total,routine,SEN,Senegal,2015,0,0,default routine age,<NA>,0.8000000000000000444089,both,1
yf-routine-campaign-default,"YF:YF,routine,with:default",YF,total,routine,SEN,Senegal,2016,0,0,default routine age,<NA>,0.7700000000000000177636,both,1
yf-routine-campaign-default,"YF:YF,routine,with:default",YF,total,routine,SEN,Senegal,2017,0,0,default routine age,<NA>,0.7900000000000000355271,both,1
yf-routine-campaign-default,"YF:YF,routine,with:default",YF,total,routine,SEN,Senegal,2018,0,0,default routine age,<NA>,0.7900000000000000355271,both,1
yf-routine-campaign-default,"YF:YF,routine,with:default",YF,total,routine,SEN,Senegal,2019,0,0,default routine age,<NA>,0.8199999999999999511502,both,1
yf-routine-campaign-default,"YF:YF,routine,with:default",YF,total,routine,SEN,Senegal,2020,0,0,default routine age,<NA>,0.8800000000000000044409,both,1
yf-routine-campaign-default,"YF:YF,routine,with:default",YF,total,routine,SEN,Senegal,2021,0,0,default routine age,<NA>,0.8599999999999999866773,both,1
yf-routine-campaign-default,"YF:YF,routine,with:default",YF,total,routine,SEN,Senegal,2022,0,0,default routine age,<NA>,0.8000000000000000444089,both,1
yf-routine-campaign-default,"YF:YF,routine,with:default",YF,total,routine,SEN,Senegal,2023,0,0,<NA>,<NA>,0.8100959256614599368618,both,1
yf-routine-campaign-default,"YF:YF,routine,with:default",YF,total,routine,SEN,Senegal,2024,0,0,<NA>,<NA>,0.819682212748111149736,both,1
yf-routine-campaign-default,"YF:YF,routine,with:default",YF,total,routine,SEN,Senegal,2025,0,0,<NA>,<NA>,0.828784587625781332676,both,1
yf-routine-campaign-default,"YF:YF,routine,with:default",YF,total,routine,SEN,Senegal,2026,0,0,<NA>,<NA>,0.8374274780029128395498,both,1
yf-routine-campaign-default,"YF:YF,routine,with:default",YF,total,routine,SEN,Senegal,2027,0,0,<NA>,<NA>,0.845634078486306117739,both,1
yf-routine-campaign-default,"YF:YF,routine,with:default",YF,total,routine,SEN,Senegal,2028,0,0,<NA>,<NA>,0.8534264128276310978904,both,1
yf-routine-campaign-default,"YF:YF,routine,with:default",YF,total,routine,SEN,Senegal,2029,0,0,<NA>,<NA>,0.8608253930277598442444,both,1
yf-routine-campaign-default,"YF:YF,routine,with:default",YF,total,routine,SEN,Senegal,2030,0,0,<NA>,<NA>,0.8678508754575330330638,both,1
yf-routine-campaign-default,"YF:YF,routine,with:default",YF,total,routine,SEN,Senegal,2031,0,0,<NA>,<NA>,0.8778508754575330419456,both,1
yf-routine-campaign-default,"YF:YF,routine,with:default",YF,total,routine,SEN,Senegal,2032,0,0,<NA>,<NA>,0.8878508754575330508274,both,1
yf-routine-campaign-default,"YF:YF,routine,with:default",YF,total,routine,SEN,Senegal,2033,0,0,<NA>,<NA>,0.8978508754575330597092,both,1
yf-routine-campaign-default,"YF:YF,routine,with:default",YF,total,routine,SEN,Senegal,2034,0,0,<NA>,<NA>,0.907850875457533068591,both,1
yf-routine-campaign-default,"YF:YF,routine,with:default",YF,total,routine,SEN,Senegal,2035,0,0,<NA>,<NA>,0.9178508754575330774728,both,1
yf-routine-campaign-default,"YF:YF,routine,with:default",YF,total,routine,SEN,Senegal,2036,0,0,<NA>,<NA>,0.9278508754575329753322,both,1
yf-routine-campaign-default,"YF:YF,routine,with:default",YF,total,routine,SEN,Senegal,2037,0,0,<NA>,<NA>,0.937850875457532984214,both,1
yf-routine-campaign-default,"YF:YF,routine,with:default",YF,total,routine,SEN,Senegal,2038,0,0,<NA>,<NA>,0.9478508754575329930958,both,1
yf-routine-campaign-default,"YF:YF,routine,with:default",YF,total,routine,SEN,Senegal,2039,0,0,<NA>,<NA>,0.9499999999999999555911,both,1
yf-routine-campaign-default,"YF:YF,routine,with:default",YF,total,routine,SEN,Senegal,2040,0,0,<NA>,<NA>,0.9499999999999999555911,both,1
yf-routine-campaign-default,"YF:YF,routine,with:default",YF,total,routine,SEN,Senegal,2041,0,0,<NA>,<NA>,0.9499999999999999555911,both,1
yf-routine-campaign-default,"YF:YF,routine,with:default",YF,total,routine,SEN,Senegal,2042,0,0,<NA>,<NA>,0.9499999999999999555911,both,1
yf-routine-campaign-default,"YF:YF,routine,with:default",YF,total,routine,SEN,Senegal,2043,0,0,<NA>,<NA>,0.9499999999999999555911,both,1
yf-routine-campaign-default,"YF:YF,routine,with:default",YF,total,routine,SEN,Senegal,2044,0,0,<NA>,<NA>,0.9499999999999999555911,both,1
yf-routine-campaign-default,"YF:YF,routine,with:default",YF,total,routine,SEN,Senegal,2045,0,0,<NA>,<NA>,0.9499999999999999555911,both,1
yf-routine-campaign-default,"YF:YF,routine,with:default",YF,total,routine,SEN,Senegal,2046,0,0,<NA>,<NA>,0.9499999999999999555911,both,1
yf-routine-campaign-default,"YF:YF,routine,with:default",YF,total,routine,SEN,Senegal,2047,0,0,<NA>,<NA>,0.9499999999999999555911,both,1
yf-routine-campaign-default,"YF:YF,routine,with:default",YF,total,routine,SEN,Senegal,2048,0,0,<NA>,<NA>,0.9499999999999999555911,both,1
yf-routine-campaign-default,"YF:YF,routine,with:default",YF,total,routine,SEN,Senegal,2049,0,0,<NA>,<NA>,0.9499999999999999555911,both,1
yf-routine-campaign-default,"YF:YF,routine,with:default",YF,total,routine,SEN,Senegal,2050,0,0,<NA>,<NA>,0.9499999999999999555911,both,1
yf-routine-campaign-default,"YF:YF,routine,with:default",YF,total,routine,SEN,Senegal,2051,0,0,<NA>,<NA>,0.9499999999999999555911,both,1
yf-routine-campaign-default,"YF:YF,routine,with:default",YF,total,routine,SEN,Senegal,2052,0,0,<NA>,<NA>,0.9499999999999999555911,both,1
yf-routine-campaign-default,"YF:YF,routine,with:default",YF,total,routine,SEN,Senegal,2053,0,0,<NA>,<NA>,0.9499999999999999555911,both,1
yf-routine-campaign-default,"YF:YF,routine,with:default",YF,total,routine,SEN,Senegal,2054,0,0,<NA>,<NA>,0.9499999999999999555911,both,1
yf-routine-campaign-default,"YF:YF,routine,with:default",YF,total,routine,SEN,Senegal,2055,0,0,<NA>,<NA>,0.9499999999999999555911,both,1
yf-routine-campaign-default,"YF:YF,routine,with:default",YF,total,routine,SEN,Senegal,2056,0,0,<NA>,<NA>,0.9499999999999999555911,both,1
yf-routine-campaign-default,"YF:YF,routine,with:default",YF,total,routine,SEN,Senegal,2057,0,0,<NA>,<NA>,0.9499999999999999555911,both,1
yf-routine-campaign-default,"YF:YF,routine,with:default",YF,total,routine,SEN,Senegal,2058,0,0,<NA>,<NA>,0.9499999999999999555911,both,1
yf-routine-campaign-default,"YF:YF,routine,with:default",YF,total,routine,SEN,Senegal,2059,0,0,<NA>,<NA>,0.9499999999999999555911,both,1
yf-routine-campaign-default,"YF:YF,routine,with:default",YF,total,routine,SEN,Senegal,2060,0,0,<NA>,<NA>,0.9499999999999999555911,both,1
yf-routine-campaign-default,"YF:YF,routine,with:default",YF,total,routine,SEN,Senegal,2061,0,0,<NA>,<NA>,0.9499999999999999555911,both,1
yf-routine-campaign-default,"YF:YF,routine,with:default",YF,total,routine,SEN,Senegal,2062,0,0,<NA>,<NA>,0.9499999999999999555911,both,1
yf-routine-campaign-default,"YF:YF,routine,with:default",YF,total,routine,SEN,Senegal,2063,0,0,<NA>,<NA>,0.9499999999999999555911,both,1
yf-routine-campaign-default,"YF:YF,routine,with:default",YF,total,routine,SEN,Senegal,2064,0,0,<NA>,<NA>,0.9499999999999999555911,both,1
yf-routine-campaign-default,"YF:YF,routine,with:default",YF,total,routine,SEN,Senegal,2065,0,0,<NA>,<NA>,0.9499999999999999555911,both,1
yf-routine-campaign-default,"YF:YF,routine,with:default",YF,total,routine,SEN,Senegal,2066,0,0,<NA>,<NA>,0.9499999999999999555911,both,1
yf-routine-campaign-default,"YF:YF,routine,with:default",YF,total,routine,SEN,Senegal,2067,0,0,<NA>,<NA>,0.9499999999999999555911,both,1
yf-routine-campaign-default,"YF:YF,routine,with:default",YF,total,routine,SEN,Senegal,2068,0,0,<NA>,<NA>,0.9499999999999999555911,both,1
yf-routine-campaign-default,"YF:YF,routine,with:default",YF,total,routine,SEN,Senegal,2069,0,0,<NA>,<NA>,0.9499999999999999555911,both,1
yf-routine-campaign-default,"YF:YF,routine,with:default",YF,total,routine,SEN,Senegal,2070,0,0,<NA>,<NA>,0.9499999999999999555911,both,1
yf-routine-campaign-default,"YF:YF,routine,with:default",YF,total,routine,SEN,Senegal,2071,0,0,<NA>,<NA>,0.9499999999999999555911,both,1
yf-routine-campaign-default,"YF:YF,routine,with:default",YF,total,routine,SEN,Senegal,2072,0,0,<NA>,<NA>,0.9499999999999999555911,both,1
yf-routine-campaign-default,"YF:YF,routine,with:default",YF,total,routine,SEN,Senegal,2073,0,0,<NA>,<NA>,0.9499999999999999555911,both,1
yf-routine-campaign-default,"YF:YF,routine,with:default",YF,total,routine,SEN,Senegal,2074,0,0,<NA>,<NA>,0.9499999999999999555911,both,1
yf-routine-campaign-default,"YF:YF,routine,with:default",YF,total,routine,SEN,Senegal,2075,0,0,<NA>,<NA>,0.9499999999999999555911,both,1
yf-routine-campaign-default,"YF:YF,routine,with:default",YF,total,routine,SEN,Senegal,2076,0,0,<NA>,<NA>,0.9499999999999999555911,both,1
yf-routine-campaign-default,"YF:YF,routine,with:default",YF,total,routine,SEN,Senegal,2077,0,0,<NA>,<NA>,0.9499999999999999555911,both,1
yf-routine-campaign-default,"YF:YF,routine,with:default",YF,total,routine,SEN,Senegal,2078,0,0,<NA>,<NA>,0.9499999999999999555911,both,1
yf-routine-campaign-default,"YF:YF,routine,with:default",YF,total,routine,SEN,Senegal,2079,0,0,<NA>,<NA>,0.9499999999999999555911,both,1
yf-routine-campaign-default,"YF:YF,routine,with:default",YF,total,routine,SEN,Senegal,2080,0,0,<NA>,<NA>,0.9499999999999999555911,both,1
yf-routine-campaign-default,"YF:YF,routine,with:default",YF,total,routine,SEN,Senegal,2081,0,0,<NA>,<NA>,0.9499999999999999555911,both,1
yf-routine-campaign-default,"YF:YF,routine,with:default",YF,total,routine,SEN,Senegal,2082,0,0,<NA>,<NA>,0.9499999999999999555911,both,1
yf-routine-campaign-default,"YF:YF,routine,with:default",YF,total,routine,SEN,Senegal,2083,0,0,<NA>,<NA>,0.9499999999999999555911,both,1
yf-routine-campaign-default,"YF:YF,routine,with:default",YF,total,routine,SEN,Senegal,2084,0,0,<NA>,<NA>,0.9499999999999999555911,both,1
yf-routine-campaign-default,"YF:YF,routine,with:default",YF,total,routine,SEN,Senegal,2085,0,0,<NA>,<NA>,0.9499999999999999555911,both,1
yf-routine-campaign-default,"YF:YF,routine,with:default",YF,total,routine,SEN,Senegal,2086,0,0,<NA>,<NA>,0.9499999999999999555911,both,1
yf-routine-campaign-default,"YF:YF,routine,with:default",YF,total,routine,SEN,Senegal,2087,0,0,<NA>,<NA>,0.9499999999999999555911,both,1
yf-routine-campaign-default,"YF:YF,routine,with:default",YF,total,routine,SEN,Senegal,2088,0,0,<NA>,<NA>,0.9499999999999999555911,both,1
yf-routine-campaign-default,"YF:YF,routine,with:default",YF,total,routine,SEN,Senegal,2089,0,0,<NA>,<NA>,0.9499999999999999555911,both,1
yf-routine-campaign-default,"YF:YF,routine,with:default",YF,total,routine,SEN,Senegal,2090,0,0,<NA>,<NA>,0.9499999999999999555911,both,1
yf-routine-campaign-default,"YF:YF,routine,with:default",YF,total,routine,SEN,Senegal,2091,0,0,<NA>,<NA>,0.9499999999999999555911,both,1
yf-routine-campaign-default,"YF:YF,routine,with:default",YF,total,routine,SEN,Senegal,2092,0,0,<NA>,<NA>,0.9499999999999999555911,both,1
yf-routine-campaign-default,"YF:YF,routine,with:default",YF,total,routine,SEN,Senegal,2093,0,0,<NA>,<NA>,0.9499999999999999555911,both,1
yf-routine-campaign-default,"YF:YF,routine,with:default",YF,total,routine,SEN,Senegal,2094,0,0,<NA>,<NA>,0.9499999999999999555911,both,1
yf-routine-campaign-default,"YF:YF,routine,with:default",YF,total,routine,SEN,Senegal,2095,0,0,<NA>,<NA>,0.9499999999999999555911,both,1
yf-routine-campaign-default,"YF:YF,routine,with:default",YF,total,routine,SEN,Senegal,2096,0,0,<NA>,<NA>,0.9499999999999999555911,both,1
yf-routine-campaign-default,"YF:YF,routine,with:default",YF,total,routine,SEN,Senegal,2097,0,0,<NA>,<NA>,0.9499999999999999555911,both,1
yf-routine-campaign-default,"YF:YF,routine,with:default",YF,total,routine,SEN,Senegal,2098,0,0,<NA>,<NA>,0.9499999999999999555911,both,1
yf-routine-campaign-default,"YF:YF,routine,with:default",YF,total,routine,SEN,Senegal,2099,0,0,<NA>,<NA>,0.9499999999999999555911,both,1
yf-routine-campaign-default,"YF:YF,routine,with:default",YF,total,routine,SEN,Senegal,2100,0,0,<NA>,<NA>,0.9499999999999999555911,both,1
yf-routine-campaign-default,"YF:YF,routine,with:default",YF,total,routine,SLE,Sierra Leone,2002,0,0,default routine age,<NA>,0.5999999999999999777955,both,1
yf-routine-campaign-default,"YF:YF,routine,with:default",YF,total,routine,SLE,Sierra Leone,2003,0,0,default routine age,<NA>,0.6199999999999999955591,both,1
yf-routine-campaign-default,"YF:YF,routine,with:default",YF,total,routine,SLE,Sierra Leone,2004,0,0,default routine age,<NA>,0.6400000000000000133227,both,1
yf-routine-campaign-default,"YF:YF,routine,with:default",YF,total,routine,SLE,Sierra Leone,2005,0,0,default routine age,<NA>,0.6300000000000000044409,both,1
yf-routine-campaign-default,"YF:YF,routine,with:default",YF,total,routine,SLE,Sierra Leone,2006,0,0,default routine age,<NA>,0.6099999999999999866773,both,1
yf-routine-campaign-default,"YF:YF,routine,with:default",YF,total,routine,SLE,Sierra Leone,2007,0,0,default routine age,<NA>,0.5999999999999999777955,both,1
yf-routine-campaign-default,"YF:YF,routine,with:default",YF,total,routine,SLE,Sierra Leone,2008,0,0,default routine age,<NA>,0.6400000000000000133227,both,1
yf-routine-campaign-default,"YF:YF,routine,with:default",YF,total,routine,SLE,Sierra Leone,2009,0,0,default routine age,<NA>,0.8000000000000000444089,both,1
yf-routine-campaign-default,"YF:YF,routine,with:default",YF,total,routine,SLE,Sierra Leone,2010,0,0,default routine age,<NA>,0.8199999999999999511502,both,1
yf-routine-campaign-default,"YF:YF,routine,with:default",YF,total,routine,SLE,Sierra Leone,2011,0,0,default routine age,<NA>,0.829999999999999960032,both,1
yf-routine-campaign-default,"YF:YF,routine,with:default",YF,total,routine,SLE,Sierra Leone,2012,0,0,default routine age,<NA>,0.8499999999999999777955,both,1
yf-routine-campaign-default,"YF:YF,routine,with:default",YF,total,routine,SLE,Sierra Leone,2013,0,0,default routine age,<NA>,0.8499999999999999777955,both,1
yf-routine-campaign-default,"YF:YF,routine,with:default",YF,total,routine,SLE,Sierra Leone,2014,0,0,default routine age,<NA>,0.8000000000000000444089,both,1
yf-routine-campaign-default,"YF:YF,routine,with:default",YF,total,routine,SLE,Sierra Leone,2015,0,0,default routine age,<NA>,0.7800000000000000266454,both,1
yf-routine-campaign-default,"YF:YF,routine,with:default",YF,total,routine,SLE,Sierra Leone,2016,0,0,default routine age,<NA>,0.8000000000000000444089,both,1
yf-routine-campaign-default,"YF:YF,routine,with:default",YF,total,routine,SLE,Sierra Leone,2017,0,0,default routine age,<NA>,0.8000000000000000444089,both,1
yf-routine-campaign-default,"YF:YF,routine,with:default",YF,total,routine,SLE,Sierra Leone,2018,0,0,default routine age,<NA>,0.8499999999999999777955,both,1
yf-routine-campaign-default,"YF:YF,routine,with:default",YF,total,routine,SLE,Sierra Leone,2019,0,0,default routine age,<NA>,0.9000000000000000222045,both,1
yf-routine-campaign-default,"YF:YF,routine,with:default",YF,total,routine,SLE,Sierra Leone,2020,0,0,default routine age,<NA>,0.8599999999999999866773,both,1
yf-routine-campaign-default,"YF:YF,routine,with:default",YF,total,routine,SLE,Sierra Leone,2021,0,0,default routine age,<NA>,0.8499999999999999777955,both,1
yf-routine-campaign-default,"YF:YF,routine,with:default",YF,total,routine,SLE,Sierra Leone,2022,0,0,default routine age,<NA>,0.7299999999999999822364,both,1
yf-routine-campaign-default,"YF:YF,routine,with:default",YF,total,routine,SLE,Sierra Leone,2023,0,0,<NA>,<NA>,0.7662771606161830062476,both,1
yf-routine-campaign-default,"YF:YF,routine,with:default",YF,total,routine,SLE,Sierra Leone,2024,0,0,<NA>,<NA>,0.7976801272235796158583,both,1
yf-routine-campaign-default,"YF:YF,routine,with:default",YF,total,routine,SLE,Sierra Leone,2025,0,0,<NA>,<NA>,0.8248637958182312157618,both,1
yf-routine-campaign-default,"YF:YF,routine,with:default",YF,total,routine,SLE,Sierra Leone,2026,0,0,<NA>,<NA>,0.8483950706656780971215,both,1
yf-routine-campaign-default,"YF:YF,routine,with:default",YF,total,routine,SLE,Sierra Leone,2027,0,0,<NA>,<NA>,0.8687646868570346736504,both,1
yf-routine-campaign-default,"YF:YF,routine,with:default",YF,total,routine,SLE,Sierra Leone,2028,0,0,<NA>,<NA>,0.886397444388154820416,both,1
yf-routine-campaign-default,"YF:YF,routine,with:default",YF,total,routine,SLE,Sierra Leone,2029,0,0,<NA>,<NA>,0.9016610671894131900928,both,1
yf-routine-campaign-default,"YF:YF,routine,with:default",YF,total,routine,SLE,Sierra Leone,2030,0,0,<NA>,<NA>,0.9148738718575379902376,both,1
yf-routine-campaign-default,"YF:YF,routine,with:default",YF,total,routine,SLE,Sierra Leone,2031,0,0,<NA>,<NA>,0.9248738718575379991194,both,1
yf-routine-campaign-default,"YF:YF,routine,with:default",YF,total,routine,SLE,Sierra Leone,2032,0,0,<NA>,<NA>,0.9348738718575380080011,both,1
yf-routine-campaign-default,"YF:YF,routine,with:default",YF,total,routine,SLE,Sierra Leone,2033,0,0,<NA>,<NA>,0.9448738718575380168829,both,1
yf-routine-campaign-default,"YF:YF,routine,with:default",YF,total,routine,SLE,Sierra Leone,2034,0,0,<NA>,<NA>,0.9499999999999999555911,both,1
yf-routine-campaign-default,"YF:YF,routine,with:default",YF,total,routine,SLE,Sierra Leone,2035,0,0,<NA>,<NA>,0.9499999999999999555911,both,1
yf-routine-campaign-default,"YF:YF,routine,with:default",YF,total,routine,SLE,Sierra Leone,2036,0,0,<NA>,<NA>,0.9499999999999999555911,both,1
yf-routine-campaign-default,"YF:YF,routine,with:default",YF,total,routine,SLE,Sierra Leone,2037,0,0,<NA>,<NA>,0.9499999999999999555911,both,1
yf-routine-campaign-default,"YF:YF,routine,with:default",YF,total,routine,SLE,Sierra Leone,2038,0,0,<NA>,<NA>,0.9499999999999999555911,both,1
yf-routine-campaign-default,"YF:YF,routine,with:default",YF,total,routine,SLE,Sierra Leone,2039,0,0,<NA>,<NA>,0.9499999999999999555911,both,1
yf-routine-campaign-default,"YF:YF,routine,with:default",YF,total,routine,SLE,Sierra Leone,2040,0,0,<NA>,<NA>,0.9499999999999999555911,both,1
yf-routine-campaign-default,"YF:YF,routine,with:default",YF,total,routine,SLE,Sierra Leone,2041,0,0,<NA>,<NA>,0.9499999999999999555911,both,1
yf-routine-campaign-default,"YF:YF,routine,with:default",YF,total,routine,SLE,Sierra Leone,2042,0,0,<NA>,<NA>,0.9499999999999999555911,both,1
yf-routine-campaign-default,"YF:YF,routine,with:default",YF,total,routine,SLE,Sierra Leone,2043,0,0,<NA>,<NA>,0.9499999999999999555911,both,1
yf-routine-campaign-default,"YF:YF,routine,with:default",YF,total,routine,SLE,Sierra Leone,2044,0,0,<NA>,<NA>,0.9499999999999999555911,both,1
yf-routine-campaign-default,"YF:YF,routine,with:default",YF,total,routine,SLE,Sierra Leone,2045,0,0,<NA>,<NA>,0.9499999999999999555911,both,1
yf-routine-campaign-default,"YF:YF,routine,with:default",YF,total,routine,SLE,Sierra Leone,2046,0,0,<NA>,<NA>,0.9499999999999999555911,both,1
yf-routine-campaign-default,"YF:YF,routine,with:default",YF,total,routine,SLE,Sierra Leone,2047,0,0,<NA>,<NA>,0.9499999999999999555911,both,1
yf-routine-campaign-default,"YF:YF,routine,with:default",YF,total,routine,SLE,Sierra Leone,2048,0,0,<NA>,<NA>,0.9499999999999999555911,both,1
yf-routine-campaign-default,"YF:YF,routine,with:default",YF,total,routine,SLE,Sierra Leone,2049,0,0,<NA>,<NA>,0.9499999999999999555911,both,1
yf-routine-campaign-default,"YF:YF,routine,with:default",YF,total,routine,SLE,Sierra Leone,2050,0,0,<NA>,<NA>,0.9499999999999999555911,both,1
yf-routine-campaign-default,"YF:YF,routine,with:default",YF,total,routine,SLE,Sierra Leone,2051,0,0,<NA>,<NA>,0.9499999999999999555911,both,1
yf-routine-campaign-default,"YF:YF,routine,with:default",YF,total,routine,SLE,Sierra Leone,2052,0,0,<NA>,<NA>,0.9499999999999999555911,both,1
yf-routine-campaign-default,"YF:YF,routine,with:default",YF,total,routine,SLE,Sierra Leone,2053,0,0,<NA>,<NA>,0.9499999999999999555911,both,1
yf-routine-campaign-default,"YF:YF,routine,with:default",YF,total,routine,SLE,Sierra Leone,2054,0,0,<NA>,<NA>,0.9499999999999999555911,both,1
yf-routine-campaign-default,"YF:YF,routine,with:default",YF,total,routine,SLE,Sierra Leone,2055,0,0,<NA>,<NA>,0.9499999999999999555911,both,1
yf-routine-campaign-default,"YF:YF,routine,with:default",YF,total,routine,SLE,Sierra Leone,2056,0,0,<NA>,<NA>,0.9499999999999999555911,both,1
yf-routine-campaign-default,"YF:YF,routine,with:default",YF,total,routine,SLE,Sierra Leone,2057,0,0,<NA>,<NA>,0.9499999999999999555911,both,1
yf-routine-campaign-default,"YF:YF,routine,with:default",YF,total,routine,SLE,Sierra Leone,2058,0,0,<NA>,<NA>,0.9499999999999999555911,both,1
yf-routine-campaign-default,"YF:YF,routine,with:default",YF,total,routine,SLE,Sierra Leone,2059,0,0,<NA>,<NA>,0.9499999999999999555911,both,1
yf-routine-campaign-default,"YF:YF,routine,with:default",YF,total,routine,SLE,Sierra Leone,2060,0,0,<NA>,<NA>,0.9499999999999999555911,both,1
yf-routine-campaign-default,"YF:YF,routine,with:default",YF,total,routine,SLE,Sierra Leone,2061,0,0,<NA>,<NA>,0.9499999999999999555911,both,1
yf-routine-campaign-default,"YF:YF,routine,with:default",YF,total,routine,SLE,Sierra Leone,2062,0,0,<NA>,<NA>,0.9499999999999999555911,both,1
yf-routine-campaign-default,"YF:YF,routine,with:default",YF,total,routine,SLE,Sierra Leone,2063,0,0,<NA>,<NA>,0.9499999999999999555911,both,1
yf-routine-campaign-default,"YF:YF,routine,with:default",YF,total,routine,SLE,Sierra Leone,2064,0,0,<NA>,<NA>,0.9499999999999999555911,both,1
yf-routine-campaign-default,"YF:YF,routine,with:default",YF,total,routine,SLE,Sierra Leone,2065,0,0,<NA>,<NA>,0.9499999999999999555911,both,1
yf-routine-campaign-default,"YF:YF,routine,with:default",YF,total,routine,SLE,Sierra Leone,2066,0,0,<NA>,<NA>,0.9499999999999999555911,both,1
yf-routine-campaign-default,"YF:YF,routine,with:default",YF,total,routine,SLE,Sierra Leone,2067,0,0,<NA>,<NA>,0.9499999999999999555911,both,1
yf-routine-campaign-default,"YF:YF,routine,with:default",YF,total,routine,SLE,Sierra Leone,2068,0,0,<NA>,<NA>,0.9499999999999999555911,both,1
yf-routine-campaign-default,"YF:YF,routine,with:default",YF,total,routine,SLE,Sierra Leone,2069,0,0,<NA>,<NA>,0.9499999999999999555911,both,1
yf-routine-campaign-default,"YF:YF,routine,with:default",YF,total,routine,SLE,Sierra Leone,2070,0,0,<NA>,<NA>,0.9499999999999999555911,both,1
yf-routine-campaign-default,"YF:YF,routine,with:default",YF,total,routine,SLE,Sierra Leone,2071,0,0,<NA>,<NA>,0.9499999999999999555911,both,1
yf-routine-campaign-default,"YF:YF,routine,with:default",YF,total,routine,SLE,Sierra Leone,2072,0,0,<NA>,<NA>,0.9499999999999999555911,both,1
yf-routine-campaign-default,"YF:YF,routine,with:default",YF,total,routine,SLE,Sierra Leone,2073,0,0,<NA>,<NA>,0.9499999999999999555911,both,1
yf-routine-campaign-default,"YF:YF,routine,with:default",YF,total,routine,SLE,Sierra Leone,2074,0,0,<NA>,<NA>,0.9499999999999999555911,both,1
yf-routine-campaign-default,"YF:YF,routine,with:default",YF,total,routine,SLE,Sierra Leone,2075,0,0,<NA>,<NA>,0.9499999999999999555911,both,1
yf-routine-campaign-default,"YF:YF,routine,with:default",YF,total,routine,SLE,Sierra Leone,2076,0,0,<NA>,<NA>,0.9499999999999999555911,both,1
yf-routine-campaign-default,"YF:YF,routine,with:default",YF,total,routine,SLE,Sierra Leone,2077,0,0,<NA>,<NA>,0.9499999999999999555911,both,1
yf-routine-campaign-default,"YF:YF,routine,with:default",YF,total,routine,SLE,Sierra Leone,2078,0,0,<NA>,<NA>,0.9499999999999999555911,both,1
yf-routine-campaign-default,"YF:YF,routine,with:default",YF,total,routine,SLE,Sierra Leone,2079,0,0,<NA>,<NA>,0.9499999999999999555911,both,1
yf-routine-campaign-default,"YF:YF,routine,with:default",YF,total,routine,SLE,Sierra Leone,2080,0,0,<NA>,<NA>,0.9499999999999999555911,both,1
yf-routine-campaign-default,"YF:YF,routine,with:default",YF,total,routine,SLE,Sierra Leone,2081,0,0,<NA>,<NA>,0.9499999999999999555911,both,1
yf-routine-campaign-default,"YF:YF,routine,with:default",YF,total,routine,SLE,Sierra Leone,2082,0,0,<NA>,<NA>,0.9499999999999999555911,both,1
yf-routine-campaign-default,"YF:YF,routine,with:default",YF,total,routine,SLE,Sierra Leone,2083,0,0,<NA>,<NA>,0.9499999999999999555911,both,1
yf-routine-campaign-default,"YF:YF,routine,with:default",YF,total,routine,SLE,Sierra Leone,2084,0,0,<NA>,<NA>,0.9499999999999999555911,both,1
yf-routine-campaign-default,"YF:YF,routine,with:default",YF,total,routine,SLE,Sierra Leone,2085,0,0,<NA>,<NA>,0.9499999999999999555911,both,1
yf-routine-campaign-default,"YF:YF,routine,with:default",YF,total,routine,SLE,Sierra Leone,2086,0,0,<NA>,<NA>,0.9499999999999999555911,both,1
yf-routine-campaign-default,"YF:YF,routine,with:default",YF,total,routine,SLE,Sierra Leone,2087,0,0,<NA>,<NA>,0.9499999999999999555911,both,1
yf-routine-campaign-default,"YF:YF,routine,with:default",YF,total,routine,SLE,Sierra Leone,2088,0,0,<NA>,<NA>,0.9499999999999999555911,both,1
yf-routine-campaign-default,"YF:YF,routine,with:default",YF,total,routine,SLE,Sierra Leone,2089,0,0,<NA>,<NA>,0.9499999999999999555911,both,1
yf-routine-campaign-default,"YF:YF,routine,with:default",YF,total,routine,SLE,Sierra Leone,2090,0,0,<NA>,<NA>,0.9499999999999999555911,both,1
yf-routine-campaign-default,"YF:YF,routine,with:default",YF,total,routine,SLE,Sierra Leone,2091,0,0,<NA>,<NA>,0.9499999999999999555911,both,1
yf-routine-campaign-default,"YF:YF,routine,with:default",YF,total,routine,SLE,Sierra Leone,2092,0,0,<NA>,<NA>,0.9499999999999999555911,both,1
yf-routine-campaign-default,"YF:YF,routine,with:default",YF,total,routine,SLE,Sierra Leone,2093,0,0,<NA>,<NA>,0.9499999999999999555911,both,1
yf-routine-campaign-default,"YF:YF,routine,with:default",YF,total,routine,SLE,Sierra Leone,2094,0,0,<NA>,<NA>,0.9499999999999999555911,both,1
yf-routine-campaign-default,"YF:YF,routine,with:default",YF,total,routine,SLE,Sierra Leone,2095,0,0,<NA>,<NA>,0.9499999999999999555911,both,1
yf-routine-campaign-default,"YF:YF,routine,with:default",YF,total,routine,SLE,Sierra Leone,2096,0,0,<NA>,<NA>,0.9499999999999999555911,both,1
yf-routine-campaign-default,"YF:YF,routine,with:default",YF,total,routine,SLE,Sierra Leone,2097,0,0,<NA>,<NA>,0.9499999999999999555911,both,1
yf-routine-campaign-default,"YF:YF,routine,with:default",YF,total,routine,SLE,Sierra Leone,2098,0,0,<NA>,<NA>,0.9499999999999999555911,both,1
yf-routine-campaign-default,"YF:YF,routine,with:default",YF,total,routine,SLE,Sierra Leone,2099,0,0,<NA>,<NA>,0.9499999999999999555911,both,1
yf-routine-campaign-default,"YF:YF,routine,with:default",YF,total,routine,SLE,Sierra Leone,2100,0,0,<NA>,<NA>,0.9499999999999999555911,both,1
yf-routine-campaign-default,"YF:YF,routine,with:default",YF,total,routine,SOM,Somalia,2023,0,0,<NA>,<NA>,0.1411227571552508552877,both,1
yf-routine-campaign-default,"YF:YF,routine,with:default",YF,total,routine,SOM,Somalia,2024,0,0,<NA>,<NA>,0.2962558212387856881875,both,1
yf-routine-campaign-default,"YF:YF,routine,with:default",YF,total,routine,SOM,Somalia,2025,0,0,<NA>,<NA>,0.4233682714657530099522,both,1
yf-routine-campaign-default,"YF:YF,routine,with:default",YF,total,routine,SOM,Somalia,2026,0,0,<NA>,<NA>,0.5938197259917541437346,both,1
yf-routine-campaign-default,"YF:YF,routine,with:default",YF,total,routine,SOM,Somalia,2027,0,0,<NA>,<NA>,0.7138859919956430655219,both,1
yf-routine-campaign-default,"YF:YF,routine,with:default",YF,total,routine,SOM,Somalia,2028,0,0,<NA>,<NA>,0.7984608539245425795627,both,1
yf-routine-campaign-default,"YF:YF,routine,with:default",YF,total,routine,SOM,Somalia,2029,0,0,<NA>,<NA>,0.8580355163868591539256,both,1
yf-routine-campaign-default,"YF:YF,routine,with:default",YF,total,routine,SOM,Somalia,2030,0,0,<NA>,<NA>,0.9000000000000000222045,both,1
yf-routine-campaign-default,"YF:YF,routine,with:default",YF,total,routine,SOM,Somalia,2031,0,0,<NA>,<NA>,0.9100000000000000310862,both,1
yf-routine-campaign-default,"YF:YF,routine,with:default",YF,total,routine,SOM,Somalia,2032,0,0,<NA>,<NA>,0.920000000000000039968,both,1
yf-routine-campaign-default,"YF:YF,routine,with:default",YF,total,routine,SOM,Somalia,2033,0,0,<NA>,<NA>,0.9300000000000000488498,both,1
yf-routine-campaign-default,"YF:YF,routine,with:default",YF,total,routine,SOM,Somalia,2034,0,0,<NA>,<NA>,0.9400000000000000577316,both,1
yf-routine-campaign-default,"YF:YF,routine,with:default",YF,total,routine,SOM,Somalia,2035,0,0,<NA>,<NA>,0.9499999999999999555911,both,1
yf-routine-campaign-default,"YF:YF,routine,with:default",YF,total,routine,SOM,Somalia,2036,0,0,<NA>,<NA>,0.9499999999999999555911,both,1
yf-routine-campaign-default,"YF:YF,routine,with:default",YF,total,routine,SOM,Somalia,2037,0,0,<NA>,<NA>,0.9499999999999999555911,both,1
yf-routine-campaign-default,"YF:YF,routine,with:default",YF,total,routine,SOM,Somalia,2038,0,0,<NA>,<NA>,0.9499999999999999555911,both,1
yf-routine-campaign-default,"YF:YF,routine,with:default",YF,total,routine,SOM,Somalia,2039,0,0,<NA>,<NA>,0.9499999999999999555911,both,1
yf-routine-campaign-default,"YF:YF,routine,with:default",YF,total,routine,SOM,Somalia,2040,0,0,<NA>,<NA>,0.9499999999999999555911,both,1
yf-routine-campaign-default,"YF:YF,routine,with:default",YF,total,routine,SOM,Somalia,2041,0,0,<NA>,<NA>,0.9499999999999999555911,both,1
yf-routine-campaign-default,"YF:YF,routine,with:default",YF,total,routine,SOM,Somalia,2042,0,0,<NA>,<NA>,0.9499999999999999555911,both,1
yf-routine-campaign-default,"YF:YF,routine,with:default",YF,total,routine,SOM,Somalia,2043,0,0,<NA>,<NA>,0.9499999999999999555911,both,1
yf-routine-campaign-default,"YF:YF,routine,with:default",YF,total,routine,SOM,Somalia,2044,0,0,<NA>,<NA>,0.9499999999999999555911,both,1
yf-routine-campaign-default,"YF:YF,routine,with:default",YF,total,routine,SOM,Somalia,2045,0,0,<NA>,<NA>,0.9499999999999999555911,both,1
yf-routine-campaign-default,"YF:YF,routine,with:default",YF,total,routine,SOM,Somalia,2046,0,0,<NA>,<NA>,0.9499999999999999555911,both,1
yf-routine-campaign-default,"YF:YF,routine,with:default",YF,total,routine,SOM,Somalia,2047,0,0,<NA>,<NA>,0.9499999999999999555911,both,1
yf-routine-campaign-default,"YF:YF,routine,with:default",YF,total,routine,SOM,Somalia,2048,0,0,<NA>,<NA>,0.9499999999999999555911,both,1
yf-routine-campaign-default,"YF:YF,routine,with:default",YF,total,routine,SOM,Somalia,2049,0,0,<NA>,<NA>,0.9499999999999999555911,both,1
yf-routine-campaign-default,"YF:YF,routine,with:default",YF,total,routine,SOM,Somalia,2050,0,0,<NA>,<NA>,0.9499999999999999555911,both,1
yf-routine-campaign-default,"YF:YF,routine,with:default",YF,total,routine,SOM,Somalia,2051,0,0,<NA>,<NA>,0.9499999999999999555911,both,1
yf-routine-campaign-default,"YF:YF,routine,with:default",YF,total,routine,SOM,Somalia,2052,0,0,<NA>,<NA>,0.9499999999999999555911,both,1
yf-routine-campaign-default,"YF:YF,routine,with:default",YF,total,routine,SOM,Somalia,2053,0,0,<NA>,<NA>,0.9499999999999999555911,both,1
yf-routine-campaign-default,"YF:YF,routine,with:default",YF,total,routine,SOM,Somalia,2054,0,0,<NA>,<NA>,0.9499999999999999555911,both,1
yf-routine-campaign-default,"YF:YF,routine,with:default",YF,total,routine,SOM,Somalia,2055,0,0,<NA>,<NA>,0.9499999999999999555911,both,1
yf-routine-campaign-default,"YF:YF,routine,with:default",YF,total,routine,SOM,Somalia,2056,0,0,<NA>,<NA>,0.9499999999999999555911,both,1
yf-routine-campaign-default,"YF:YF,routine,with:default",YF,total,routine,SOM,Somalia,2057,0,0,<NA>,<NA>,0.9499999999999999555911,both,1
yf-routine-campaign-default,"YF:YF,routine,with:default",YF,total,routine,SOM,Somalia,2058,0,0,<NA>,<NA>,0.9499999999999999555911,both,1
yf-routine-campaign-default,"YF:YF,routine,with:default",YF,total,routine,SOM,Somalia,2059,0,0,<NA>,<NA>,0.9499999999999999555911,both,1
yf-routine-campaign-default,"YF:YF,routine,with:default",YF,total,routine,SOM,Somalia,2060,0,0,<NA>,<NA>,0.9499999999999999555911,both,1
yf-routine-campaign-default,"YF:YF,routine,with:default",YF,total,routine,SOM,Somalia,2061,0,0,<NA>,<NA>,0.9499999999999999555911,both,1
yf-routine-campaign-default,"YF:YF,routine,with:default",YF,total,routine,SOM,Somalia,2062,0,0,<NA>,<NA>,0.9499999999999999555911,both,1
yf-routine-campaign-default,"YF:YF,routine,with:default",YF,total,routine,SOM,Somalia,2063,0,0,<NA>,<NA>,0.9499999999999999555911,both,1
yf-routine-campaign-default,"YF:YF,routine,with:default",YF,total,routine,SOM,Somalia,2064,0,0,<NA>,<NA>,0.9499999999999999555911,both,1
yf-routine-campaign-default,"YF:YF,routine,with:default",YF,total,routine,SOM,Somalia,2065,0,0,<NA>,<NA>,0.9499999999999999555911,both,1
yf-routine-campaign-default,"YF:YF,routine,with:default",YF,total,routine,SOM,Somalia,2066,0,0,<NA>,<NA>,0.9499999999999999555911,both,1
yf-routine-campaign-default,"YF:YF,routine,with:default",YF,total,routine,SOM,Somalia,2067,0,0,<NA>,<NA>,0.9499999999999999555911,both,1
yf-routine-campaign-default,"YF:YF,routine,with:default",YF,total,routine,SOM,Somalia,2068,0,0,<NA>,<NA>,0.9499999999999999555911,both,1
yf-routine-campaign-default,"YF:YF,routine,with:default",YF,total,routine,SOM,Somalia,2069,0,0,<NA>,<NA>,0.9499999999999999555911,both,1
yf-routine-campaign-default,"YF:YF,routine,with:default",YF,total,routine,SOM,Somalia,2070,0,0,<NA>,<NA>,0.9499999999999999555911,both,1
yf-routine-campaign-default,"YF:YF,routine,with:default",YF,total,routine,SOM,Somalia,2071,0,0,<NA>,<NA>,0.9499999999999999555911,both,1
yf-routine-campaign-default,"YF:YF,routine,with:default",YF,total,routine,SOM,Somalia,2072,0,0,<NA>,<NA>,0.9499999999999999555911,both,1
yf-routine-campaign-default,"YF:YF,routine,with:default",YF,total,routine,SOM,Somalia,2073,0,0,<NA>,<NA>,0.9499999999999999555911,both,1
yf-routine-campaign-default,"YF:YF,routine,with:default",YF,total,routine,SOM,Somalia,2074,0,0,<NA>,<NA>,0.9499999999999999555911,both,1
yf-routine-campaign-default,"YF:YF,routine,with:default",YF,total,routine,SOM,Somalia,2075,0,0,<NA>,<NA>,0.9499999999999999555911,both,1
yf-routine-campaign-default,"YF:YF,routine,with:default",YF,total,routine,SOM,Somalia,2076,0,0,<NA>,<NA>,0.9499999999999999555911,both,1
yf-routine-campaign-default,"YF:YF,routine,with:default",YF,total,routine,SOM,Somalia,2077,0,0,<NA>,<NA>,0.9499999999999999555911,both,1
yf-routine-campaign-default,"YF:YF,routine,with:default",YF,total,routine,SOM,Somalia,2078,0,0,<NA>,<NA>,0.9499999999999999555911,both,1
yf-routine-campaign-default,"YF:YF,routine,with:default",YF,total,routine,SOM,Somalia,2079,0,0,<NA>,<NA>,0.9499999999999999555911,both,1
yf-routine-campaign-default,"YF:YF,routine,with:default",YF,total,routine,SOM,Somalia,2080,0,0,<NA>,<NA>,0.9499999999999999555911,both,1
yf-routine-campaign-default,"YF:YF,routine,with:default",YF,total,routine,SOM,Somalia,2081,0,0,<NA>,<NA>,0.9499999999999999555911,both,1
yf-routine-campaign-default,"YF:YF,routine,with:default",YF,total,routine,SOM,Somalia,2082,0,0,<NA>,<NA>,0.9499999999999999555911,both,1
yf-routine-campaign-default,"YF:YF,routine,with:default",YF,total,routine,SOM,Somalia,2083,0,0,<NA>,<NA>,0.9499999999999999555911,both,1
yf-routine-campaign-default,"YF:YF,routine,with:default",YF,total,routine,SOM,Somalia,2084,0,0,<NA>,<NA>,0.9499999999999999555911,both,1
yf-routine-campaign-default,"YF:YF,routine,with:default",YF,total,routine,SOM,Somalia,2085,0,0,<NA>,<NA>,0.9499999999999999555911,both,1
yf-routine-campaign-default,"YF:YF,routine,with:default",YF,total,routine,SOM,Somalia,2086,0,0,<NA>,<NA>,0.9499999999999999555911,both,1
yf-routine-campaign-default,"YF:YF,routine,with:default",YF,total,routine,SOM,Somalia,2087,0,0,<NA>,<NA>,0.9499999999999999555911,both,1
yf-routine-campaign-default,"YF:YF,routine,with:default",YF,total,routine,SOM,Somalia,2088,0,0,<NA>,<NA>,0.9499999999999999555911,both,1
yf-routine-campaign-default,"YF:YF,routine,with:default",YF,total,routine,SOM,Somalia,2089,0,0,<NA>,<NA>,0.9499999999999999555911,both,1
yf-routine-campaign-default,"YF:YF,routine,with:default",YF,total,routine,SOM,Somalia,2090,0,0,<NA>,<NA>,0.9499999999999999555911,both,1
yf-routine-campaign-default,"YF:YF,routine,with:default",YF,total,routine,SOM,Somalia,2091,0,0,<NA>,<NA>,0.9499999999999999555911,both,1
yf-routine-campaign-default,"YF:YF,routine,with:default",YF,total,routine,SOM,Somalia,2092,0,0,<NA>,<NA>,0.9499999999999999555911,both,1
yf-routine-campaign-default,"YF:YF,routine,with:default",YF,total,routine,SOM,Somalia,2093,0,0,<NA>,<NA>,0.9499999999999999555911,both,1
yf-routine-campaign-default,"YF:YF,routine,with:default",YF,total,routine,SOM,Somalia,2094,0,0,<NA>,<NA>,0.9499999999999999555911,both,1
yf-routine-campaign-default,"YF:YF,routine,with:default",YF,total,routine,SOM,Somalia,2095,0,0,<NA>,<NA>,0.9499999999999999555911,both,1
yf-routine-campaign-default,"YF:YF,routine,with:default",YF,total,routine,SOM,Somalia,2096,0,0,<NA>,<NA>,0.9499999999999999555911,both,1
yf-routine-campaign-default,"YF:YF,routine,with:default",YF,total,routine,SOM,Somalia,2097,0,0,<NA>,<NA>,0.9499999999999999555911,both,1
yf-routine-campaign-default,"YF:YF,routine,with:default",YF,total,routine,SOM,Somalia,2098,0,0,<NA>,<NA>,0.9499999999999999555911,both,1
yf-routine-campaign-default,"YF:YF,routine,with:default",YF,total,routine,SOM,Somalia,2099,0,0,<NA>,<NA>,0.9499999999999999555911,both,1
yf-routine-campaign-default,"YF:YF,routine,with:default",YF,total,routine,SOM,Somalia,2100,0,0,<NA>,<NA>,0.9499999999999999555911,both,1
yf-routine-campaign-default,"YF:YF,routine,with:default",YF,total,routine,SSD,South Sudan,2023,0,0,<NA>,<NA>,0.1946666666666664602392,both,1
yf-routine-campaign-default,"YF:YF,routine,with:default",YF,total,routine,SSD,South Sudan,2024,0,0,<NA>,<NA>,0.4211920295411726300472,both,1
yf-routine-campaign-default,"YF:YF,routine,with:default",YF,total,routine,SSD,South Sudan,2025,0,0,<NA>,<NA>,0.5839999999999999635847,both,1
yf-routine-campaign-default,"YF:YF,routine,with:default",YF,total,routine,SSD,South Sudan,2026,0,0,<NA>,<NA>,0.6127518550387067719498,both,1
yf-routine-campaign-default,"YF:YF,routine,with:default",YF,total,routine,SSD,South Sudan,2027,0,0,<NA>,<NA>,0.6395165245770124684555,both,1
yf-routine-campaign-default,"YF:YF,routine,with:default",YF,total,routine,SSD,South Sudan,2028,0,0,<NA>,<NA>,0.6644313530126157996136,both,1
yf-routine-campaign-default,"YF:YF,routine,with:default",YF,total,routine,SSD,South Sudan,2029,0,0,<NA>,<NA>,0.6876241921802028755906,both,1
yf-routine-campaign-default,"YF:YF,routine,with:default",YF,total,routine,SSD,South Sudan,2030,0,0,<NA>,<NA>,0.7092140574302839839405,both,1
yf-routine-campaign-default,"YF:YF,routine,with:default",YF,total,routine,SSD,South Sudan,2031,0,0,<NA>,<NA>,0.7192140574302839928222,both,1
yf-routine-campaign-default,"YF:YF,routine,with:default",YF,total,routine,SSD,South Sudan,2032,0,0,<NA>,<NA>,0.729214057430284001704,both,1
yf-routine-campaign-default,"YF:YF,routine,with:default",YF,total,routine,SSD,South Sudan,2033,0,0,<NA>,<NA>,0.7392140574302840105858,both,1
yf-routine-campaign-default,"YF:YF,routine,with:default",YF,total,routine,SSD,South Sudan,2034,0,0,<NA>,<NA>,0.7492140574302840194676,both,1
yf-routine-campaign-default,"YF:YF,routine,with:default",YF,total,routine,SSD,South Sudan,2035,0,0,<NA>,<NA>,0.7592140574302840283494,both,1
yf-routine-campaign-default,"YF:YF,routine,with:default",YF,total,routine,SSD,South Sudan,2036,0,0,<NA>,<NA>,0.7692140574302839262089,both,1
yf-routine-campaign-default,"YF:YF,routine,with:default",YF,total,routine,SSD,South Sudan,2037,0,0,<NA>,<NA>,0.7792140574302839350906,both,1
yf-routine-campaign-default,"YF:YF,routine,with:default",YF,total,routine,SSD,South Sudan,2038,0,0,<NA>,<NA>,0.7892140574302839439724,both,1
yf-routine-campaign-default,"YF:YF,routine,with:default",YF,total,routine,SSD,South Sudan,2039,0,0,<NA>,<NA>,0.7992140574302839528542,both,1
yf-routine-campaign-default,"YF:YF,routine,with:default",YF,total,routine,SSD,South Sudan,2040,0,0,<NA>,<NA>,0.809214057430283961736,both,1
yf-routine-campaign-default,"YF:YF,routine,with:default",YF,total,routine,SSD,South Sudan,2041,0,0,<NA>,<NA>,0.8192140574302839706178,both,1
yf-routine-campaign-default,"YF:YF,routine,with:default",YF,total,routine,SSD,South Sudan,2042,0,0,<NA>,<NA>,0.8292140574302839794996,both,1
yf-routine-campaign-default,"YF:YF,routine,with:default",YF,total,routine,SSD,South Sudan,2043,0,0,<NA>,<NA>,0.8392140574302839883813,both,1
yf-routine-campaign-default,"YF:YF,routine,with:default",YF,total,routine,SSD,South Sudan,2044,0,0,<NA>,<NA>,0.8492140574302839972631,both,1
yf-routine-campaign-default,"YF:YF,routine,with:default",YF,total,routine,SSD,South Sudan,2045,0,0,<NA>,<NA>,0.8592140574302840061449,both,1
yf-routine-campaign-default,"YF:YF,routine,with:default",YF,total,routine,SSD,South Sudan,2046,0,0,<NA>,<NA>,0.8692140574302840150267,both,1
yf-routine-campaign-default,"YF:YF,routine,with:default",YF,total,routine,SSD,South Sudan,2047,0,0,<NA>,<NA>,0.8792140574302840239085,both,1
yf-routine-campaign-default,"YF:YF,routine,with:default",YF,total,routine,SSD,South Sudan,2048,0,0,<NA>,<NA>,0.8892140574302840327903,both,1
yf-routine-campaign-default,"YF:YF,routine,with:default",YF,total,routine,SSD,South Sudan,2049,0,0,<NA>,<NA>,0.8992140574302840416721,both,1
yf-routine-campaign-default,"YF:YF,routine,with:default",YF,total,routine,SSD,South Sudan,2050,0,0,<NA>,<NA>,0.9092140574302840505538,both,1
yf-routine-campaign-default,"YF:YF,routine,with:default",YF,total,routine,SSD,South Sudan,2051,0,0,<NA>,<NA>,0.9192140574302839484133,both,1
yf-routine-campaign-default,"YF:YF,routine,with:default",YF,total,routine,SSD,South Sudan,2052,0,0,<NA>,<NA>,0.9292140574302839572951,both,1
yf-routine-campaign-default,"YF:YF,routine,with:default",YF,total,routine,SSD,South Sudan,2053,0,0,<NA>,<NA>,0.9392140574302839661769,both,1
yf-routine-campaign-default,"YF:YF,routine,with:default",YF,total,routine,SSD,South Sudan,2054,0,0,<NA>,<NA>,0.9492140574302839750587,both,1
yf-routine-campaign-default,"YF:YF,routine,with:default",YF,total,routine,SSD,South Sudan,2055,0,0,<NA>,<NA>,0.9499999999999999555911,both,1
yf-routine-campaign-default,"YF:YF,routine,with:default",YF,total,routine,SSD,South Sudan,2056,0,0,<NA>,<NA>,0.9499999999999999555911,both,1
yf-routine-campaign-default,"YF:YF,routine,with:default",YF,total,routine,SSD,South Sudan,2057,0,0,<NA>,<NA>,0.9499999999999999555911,both,1
yf-routine-campaign-default,"YF:YF,routine,with:default",YF,total,routine,SSD,South Sudan,2058,0,0,<NA>,<NA>,0.9499999999999999555911,both,1
yf-routine-campaign-default,"YF:YF,routine,with:default",YF,total,routine,SSD,South Sudan,2059,0,0,<NA>,<NA>,0.9499999999999999555911,both,1
yf-routine-campaign-default,"YF:YF,routine,with:default",YF,total,routine,SSD,South Sudan,2060,0,0,<NA>,<NA>,0.9499999999999999555911,both,1
yf-routine-campaign-default,"YF:YF,routine,with:default",YF,total,routine,SSD,South Sudan,2061,0,0,<NA>,<NA>,0.9499999999999999555911,both,1
yf-routine-campaign-default,"YF:YF,routine,with:default",YF,total,routine,SSD,South Sudan,2062,0,0,<NA>,<NA>,0.9499999999999999555911,both,1
yf-routine-campaign-default,"YF:YF,routine,with:default",YF,total,routine,SSD,South Sudan,2063,0,0,<NA>,<NA>,0.9499999999999999555911,both,1
yf-routine-campaign-default,"YF:YF,routine,with:default",YF,total,routine,SSD,South Sudan,2064,0,0,<NA>,<NA>,0.9499999999999999555911,both,1
yf-routine-campaign-default,"YF:YF,routine,with:default",YF,total,routine,SSD,South Sudan,2065,0,0,<NA>,<NA>,0.9499999999999999555911,both,1
yf-routine-campaign-default,"YF:YF,routine,with:default",YF,total,routine,SSD,South Sudan,2066,0,0,<NA>,<NA>,0.9499999999999999555911,both,1
yf-routine-campaign-default,"YF:YF,routine,with:default",YF,total,routine,SSD,South Sudan,2067,0,0,<NA>,<NA>,0.9499999999999999555911,both,1
yf-routine-campaign-default,"YF:YF,routine,with:default",YF,total,routine,SSD,South Sudan,2068,0,0,<NA>,<NA>,0.9499999999999999555911,both,1
yf-routine-campaign-default,"YF:YF,routine,with:default",YF,total,routine,SSD,South Sudan,2069,0,0,<NA>,<NA>,0.9499999999999999555911,both,1
yf-routine-campaign-default,"YF:YF,routine,with:default",YF,total,routine,SSD,South Sudan,2070,0,0,<NA>,<NA>,0.9499999999999999555911,both,1
yf-routine-campaign-default,"YF:YF,routine,with:default",YF,total,routine,SSD,South Sudan,2071,0,0,<NA>,<NA>,0.9499999999999999555911,both,1
yf-routine-campaign-default,"YF:YF,routine,with:default",YF,total,routine,SSD,South Sudan,2072,0,0,<NA>,<NA>,0.9499999999999999555911,both,1
yf-routine-campaign-default,"YF:YF,routine,with:default",YF,total,routine,SSD,South Sudan,2073,0,0,<NA>,<NA>,0.9499999999999999555911,both,1
yf-routine-campaign-default,"YF:YF,routine,with:default",YF,total,routine,SSD,South Sudan,2074,0,0,<NA>,<NA>,0.9499999999999999555911,both,1
yf-routine-campaign-default,"YF:YF,routine,with:default",YF,total,routine,SSD,South Sudan,2075,0,0,<NA>,<NA>,0.9499999999999999555911,both,1
yf-routine-campaign-default,"YF:YF,routine,with:default",YF,total,routine,SSD,South Sudan,2076,0,0,<NA>,<NA>,0.9499999999999999555911,both,1
yf-routine-campaign-default,"YF:YF,routine,with:default",YF,total,routine,SSD,South Sudan,2077,0,0,<NA>,<NA>,0.9499999999999999555911,both,1
yf-routine-campaign-default,"YF:YF,routine,with:default",YF,total,routine,SSD,South Sudan,2078,0,0,<NA>,<NA>,0.9499999999999999555911,both,1
yf-routine-campaign-default,"YF:YF,routine,with:default",YF,total,routine,SSD,South Sudan,2079,0,0,<NA>,<NA>,0.9499999999999999555911,both,1
yf-routine-campaign-default,"YF:YF,routine,with:default",YF,total,routine,SSD,South Sudan,2080,0,0,<NA>,<NA>,0.9499999999999999555911,both,1
yf-routine-campaign-default,"YF:YF,routine,with:default",YF,total,routine,SSD,South Sudan,2081,0,0,<NA>,<NA>,0.9499999999999999555911,both,1
yf-routine-campaign-default,"YF:YF,routine,with:default",YF,total,routine,SSD,South Sudan,2082,0,0,<NA>,<NA>,0.9499999999999999555911,both,1
yf-routine-campaign-default,"YF:YF,routine,with:default",YF,total,routine,SSD,South Sudan,2083,0,0,<NA>,<NA>,0.9499999999999999555911,both,1
yf-routine-campaign-default,"YF:YF,routine,with:default",YF,total,routine,SSD,South Sudan,2084,0,0,<NA>,<NA>,0.9499999999999999555911,both,1
yf-routine-campaign-default,"YF:YF,routine,with:default",YF,total,routine,SSD,South Sudan,2085,0,0,<NA>,<NA>,0.9499999999999999555911,both,1
yf-routine-campaign-default,"YF:YF,routine,with:default",YF,total,routine,SSD,South Sudan,2086,0,0,<NA>,<NA>,0.9499999999999999555911,both,1
yf-routine-campaign-default,"YF:YF,routine,with:default",YF,total,routine,SSD,South Sudan,2087,0,0,<NA>,<NA>,0.9499999999999999555911,both,1
yf-routine-campaign-default,"YF:YF,routine,with:default",YF,total,routine,SSD,South Sudan,2088,0,0,<NA>,<NA>,0.9499999999999999555911,both,1
yf-routine-campaign-default,"YF:YF,routine,with:default",YF,total,routine,SSD,South Sudan,2089,0,0,<NA>,<NA>,0.9499999999999999555911,both,1
yf-routine-campaign-default,"YF:YF,routine,with:default",YF,total,routine,SSD,South Sudan,2090,0,0,<NA>,<NA>,0.9499999999999999555911,both,1
yf-routine-campaign-default,"YF:YF,routine,with:default",YF,total,routine,SSD,South Sudan,2091,0,0,<NA>,<NA>,0.9499999999999999555911,both,1
yf-routine-campaign-default,"YF:YF,routine,with:default",YF,total,routine,SSD,South Sudan,2092,0,0,<NA>,<NA>,0.9499999999999999555911,both,1
yf-routine-campaign-default,"YF:YF,routine,with:default",YF,total,routine,SSD,South Sudan,2093,0,0,<NA>,<NA>,0.9499999999999999555911,both,1
yf-routine-campaign-default,"YF:YF,routine,with:default",YF,total,routine,SSD,South Sudan,2094,0,0,<NA>,<NA>,0.9499999999999999555911,both,1
yf-routine-campaign-default,"YF:YF,routine,with:default",YF,total,routine,SSD,South Sudan,2095,0,0,<NA>,<NA>,0.9499999999999999555911,both,1
yf-routine-campaign-default,"YF:YF,routine,with:default",YF,total,routine,SSD,South Sudan,2096,0,0,<NA>,<NA>,0.9499999999999999555911,both,1
yf-routine-campaign-default,"YF:YF,routine,with:default",YF,total,routine,SSD,South Sudan,2097,0,0,<NA>,<NA>,0.9499999999999999555911,both,1
yf-routine-campaign-default,"YF:YF,routine,with:default",YF,total,routine,SSD,South Sudan,2098,0,0,<NA>,<NA>,0.9499999999999999555911,both,1
yf-routine-campaign-default,"YF:YF,routine,with:default",YF,total,routine,SSD,South Sudan,2099,0,0,<NA>,<NA>,0.9499999999999999555911,both,1
yf-routine-campaign-default,"YF:YF,routine,with:default",YF,total,routine,SSD,South Sudan,2100,0,0,<NA>,<NA>,0.9499999999999999555911,both,1
yf-routine-campaign-default,"YF:YF,routine,with:default",YF,total,routine,TCD,Chad,1997,0,0,default routine age,<NA>,0.1300000000000000044409,both,1
yf-routine-campaign-default,"YF:YF,routine,with:default",YF,total,routine,TCD,Chad,1998,0,0,default routine age,<NA>,0.1300000000000000044409,both,1
yf-routine-campaign-default,"YF:YF,routine,with:default",YF,total,routine,TCD,Chad,1999,0,0,default routine age,<NA>,0.3099999999999999977796,both,1
yf-routine-campaign-default,"YF:YF,routine,with:default",YF,total,routine,TCD,Chad,2000,0,0,default routine age,<NA>,0.2800000000000000266454,both,1
yf-routine-campaign-default,"YF:YF,routine,with:default",YF,total,routine,TCD,Chad,2001,0,0,default routine age,<NA>,0.2600000000000000088818,both,1
yf-routine-campaign-default,"YF:YF,routine,with:default",YF,total,routine,TCD,Chad,2002,0,0,default routine age,<NA>,0.230000000000000009992,both,1
yf-routine-campaign-default,"YF:YF,routine,with:default",YF,total,routine,TCD,Chad,2003,0,0,default routine age,<NA>,0.2000000000000000111022,both,1
yf-routine-campaign-default,"YF:YF,routine,with:default",YF,total,routine,TCD,Chad,2004,0,0,default routine age,<NA>,0.2399999999999999911182,both,1
yf-routine-campaign-default,"YF:YF,routine,with:default",YF,total,routine,TCD,Chad,2005,0,0,default routine age,<NA>,0.3300000000000000155431,both,1
yf-routine-campaign-default,"YF:YF,routine,with:default",YF,total,routine,TCD,Chad,2006,0,0,default routine age,<NA>,0.4000000000000000222045,both,1
yf-routine-campaign-default,"YF:YF,routine,with:default",YF,total,routine,TCD,Chad,2007,0,0,default routine age,<NA>,0.3900000000000000133227,both,1
yf-routine-campaign-default,"YF:YF,routine,with:default",YF,total,routine,TCD,Chad,2008,0,0,default routine age,<NA>,0.3300000000000000155431,both,1
yf-routine-campaign-default,"YF:YF,routine,with:default",YF,total,routine,TCD,Chad,2009,0,0,default routine age,<NA>,0.3200000000000000066613,both,1
yf-routine-campaign-default,"YF:YF,routine,with:default",YF,total,routine,TCD,Chad,2010,0,0,default routine age,<NA>,0.4099999999999999755751,both,1
yf-routine-campaign-default,"YF:YF,routine,with:default",YF,total,routine,TCD,Chad,2011,0,0,default routine age,<NA>,0.4500000000000000111022,both,1
yf-routine-campaign-default,"YF:YF,routine,with:default",YF,total,routine,TCD,Chad,2012,0,0,default routine age,<NA>,0.5100000000000000088818,both,1
yf-routine-campaign-default,"YF:YF,routine,with:default",YF,total,routine,TCD,Chad,2013,0,0,default routine age,<NA>,0.4400000000000000022204,both,1
yf-routine-campaign-default,"YF:YF,routine,with:default",YF,total,routine,TCD,Chad,2014,0,0,default routine age,<NA>,0.3400000000000000244249,both,1
yf-routine-campaign-default,"YF:YF,routine,with:default",YF,total,routine,TCD,Chad,2015,0,0,default routine age,<NA>,0.4099999999999999755751,both,1
yf-routine-campaign-default,"YF:YF,routine,with:default",YF,total,routine,TCD,Chad,2016,0,0,default routine age,<NA>,0.289999999999999980016,both,1
yf-routine-campaign-default,"YF:YF,routine,with:default",YF,total,routine,TCD,Chad,2017,0,0,default routine age,<NA>,0.289999999999999980016,both,1
yf-routine-campaign-default,"YF:YF,routine,with:default",YF,total,routine,TCD,Chad,2018,0,0,default routine age,<NA>,0.3499999999999999777955,both,1
yf-routine-campaign-default,"YF:YF,routine,with:default",YF,total,routine,TCD,Chad,2019,0,0,default routine age,<NA>,0.3499999999999999777955,both,1
yf-routine-campaign-default,"YF:YF,routine,with:default",YF,total,routine,TCD,Chad,2020,0,0,default routine age,<NA>,0.3499999999999999777955,both,1
yf-routine-campaign-default,"YF:YF,routine,with:default",YF,total,routine,TCD,Chad,2021,0,0,default routine age,<NA>,0.4500000000000000111022,both,1
yf-routine-campaign-default,"YF:YF,routine,with:default",YF,total,routine,TCD,Chad,2022,0,0,default routine age,<NA>,0.4199999999999999844569,both,1
yf-routine-campaign-default,"YF:YF,routine,with:default",YF,total,routine,TCD,Chad,2023,0,0,<NA>,<NA>,0.4544321020315696957326,both,1
yf-routine-campaign-default,"YF:YF,routine,with:default",YF,total,routine,TCD,Chad,2024,0,0,<NA>,<NA>,0.486820118459152517687,both,1
yf-routine-campaign-default,"YF:YF,routine,with:default",YF,total,routine,TCD,Chad,2025,0,0,<NA>,<NA>,0.5172853978415030695714,both,1
yf-routine-campaign-default,"YF:YF,routine,with:default",YF,total,routine,TCD,Chad,2026,0,0,<NA>,<NA>,0.5459420847960718692349,both,1
yf-routine-campaign-default,"YF:YF,routine,with:default",YF,total,routine,TCD,Chad,2027,0,0,<NA>,<NA>,0.572897547665974449238,both,1
yf-routine-campaign-default,"YF:YF,routine,with:default",YF,total,routine,TCD,Chad,2028,0,0,<NA>,<NA>,0.5982527807982138678966,both,1
yf-routine-campaign-default,"YF:YF,routine,with:default",YF,total,routine,TCD,Chad,2029,0,0,<NA>,<NA>,0.622102782940378129517,both,1
yf-routine-campaign-default,"YF:YF,routine,with:default",YF,total,routine,TCD,Chad,2030,0,0,<NA>,<NA>,0.644536913173555991996,both,1
yf-routine-campaign-default,"YF:YF,routine,with:default",YF,total,routine,TCD,Chad,2031,0,0,<NA>,<NA>,0.6545369131735560008778,both,1
yf-routine-campaign-default,"YF:YF,routine,with:default",YF,total,routine,TCD,Chad,2032,0,0,<NA>,<NA>,0.6645369131735560097596,both,1
yf-routine-campaign-default,"YF:YF,routine,with:default",YF,total,routine,TCD,Chad,2033,0,0,<NA>,<NA>,0.6745369131735560186414,both,1
yf-routine-campaign-default,"YF:YF,routine,with:default",YF,total,routine,TCD,Chad,2034,0,0,<NA>,<NA>,0.6845369131735560275231,both,1
yf-routine-campaign-default,"YF:YF,routine,with:default",YF,total,routine,TCD,Chad,2035,0,0,<NA>,<NA>,0.6945369131735560364049,both,1
yf-routine-campaign-default,"YF:YF,routine,with:default",YF,total,routine,TCD,Chad,2036,0,0,<NA>,<NA>,0.7045369131735559342644,both,1
yf-routine-campaign-default,"YF:YF,routine,with:default",YF,total,routine,TCD,Chad,2037,0,0,<NA>,<NA>,0.7145369131735559431462,both,1
yf-routine-campaign-default,"YF:YF,routine,with:default",YF,total,routine,TCD,Chad,2038,0,0,<NA>,<NA>,0.724536913173555952028,both,1
yf-routine-campaign-default,"YF:YF,routine,with:default",YF,total,routine,TCD,Chad,2039,0,0,<NA>,<NA>,0.7345369131735559609098,both,1
yf-routine-campaign-default,"YF:YF,routine,with:default",YF,total,routine,TCD,Chad,2040,0,0,<NA>,<NA>,0.7445369131735559697916,both,1
yf-routine-campaign-default,"YF:YF,routine,with:default",YF,total,routine,TCD,Chad,2041,0,0,<NA>,<NA>,0.7545369131735559786733,both,1
yf-routine-campaign-default,"YF:YF,routine,with:default",YF,total,routine,TCD,Chad,2042,0,0,<NA>,<NA>,0.7645369131735559875551,both,1
yf-routine-campaign-default,"YF:YF,routine,with:default",YF,total,routine,TCD,Chad,2043,0,0,<NA>,<NA>,0.7745369131735559964369,both,1
yf-routine-campaign-default,"YF:YF,routine,with:default",YF,total,routine,TCD,Chad,2044,0,0,<NA>,<NA>,0.7845369131735560053187,both,1
yf-routine-campaign-default,"YF:YF,routine,with:default",YF,total,routine,TCD,Chad,2045,0,0,<NA>,<NA>,0.7945369131735560142005,both,1
yf-routine-campaign-default,"YF:YF,routine,with:default",YF,total,routine,TCD,Chad,2046,0,0,<NA>,<NA>,0.8045369131735560230823,both,1
yf-routine-campaign-default,"YF:YF,routine,with:default",YF,total,routine,TCD,Chad,2047,0,0,<NA>,<NA>,0.814536913173556031964,both,1
yf-routine-campaign-default,"YF:YF,routine,with:default",YF,total,routine,TCD,Chad,2048,0,0,<NA>,<NA>,0.8245369131735560408458,both,1
yf-routine-campaign-default,"YF:YF,routine,with:default",YF,total,routine,TCD,Chad,2049,0,0,<NA>,<NA>,0.8345369131735560497276,both,1
yf-routine-campaign-default,"YF:YF,routine,with:default",YF,total,routine,TCD,Chad,2050,0,0,<NA>,<NA>,0.8445369131735560586094,both,1
yf-routine-campaign-default,"YF:YF,routine,with:default",YF,total,routine,TCD,Chad,2051,0,0,<NA>,<NA>,0.8545369131735559564689,both,1
yf-routine-campaign-default,"YF:YF,routine,with:default",YF,total,routine,TCD,Chad,2052,0,0,<NA>,<NA>,0.8645369131735559653507,both,1
yf-routine-campaign-default,"YF:YF,routine,with:default",YF,total,routine,TCD,Chad,2053,0,0,<NA>,<NA>,0.8745369131735559742324,both,1
yf-routine-campaign-default,"YF:YF,routine,with:default",YF,total,routine,TCD,Chad,2054,0,0,<NA>,<NA>,0.8845369131735559831142,both,1
yf-routine-campaign-default,"YF:YF,routine,with:default",YF,total,routine,TCD,Chad,2055,0,0,<NA>,<NA>,0.894536913173555991996,both,1
yf-routine-campaign-default,"YF:YF,routine,with:default",YF,total,routine,TCD,Chad,2056,0,0,<NA>,<NA>,0.9045369131735560008778,both,1
yf-routine-campaign-default,"YF:YF,routine,with:default",YF,total,routine,TCD,Chad,2057,0,0,<NA>,<NA>,0.9145369131735560097596,both,1
yf-routine-campaign-default,"YF:YF,routine,with:default",YF,total,routine,TCD,Chad,2058,0,0,<NA>,<NA>,0.9245369131735560186414,both,1
yf-routine-campaign-default,"YF:YF,routine,with:default",YF,total,routine,TCD,Chad,2059,0,0,<NA>,<NA>,0.9345369131735559165008,both,1
yf-routine-campaign-default,"YF:YF,routine,with:default",YF,total,routine,TCD,Chad,2060,0,0,<NA>,<NA>,0.9445369131735559253826,both,1
yf-routine-campaign-default,"YF:YF,routine,with:default",YF,total,routine,TCD,Chad,2061,0,0,<NA>,<NA>,0.9499999999999999555911,both,1
yf-routine-campaign-default,"YF:YF,routine,with:default",YF,total,routine,TCD,Chad,2062,0,0,<NA>,<NA>,0.9499999999999999555911,both,1
yf-routine-campaign-default,"YF:YF,routine,with:default",YF,total,routine,TCD,Chad,2063,0,0,<NA>,<NA>,0.9499999999999999555911,both,1
yf-routine-campaign-default,"YF:YF,routine,with:default",YF,total,routine,TCD,Chad,2064,0,0,<NA>,<NA>,0.9499999999999999555911,both,1
yf-routine-campaign-default,"YF:YF,routine,with:default",YF,total,routine,TCD,Chad,2065,0,0,<NA>,<NA>,0.9499999999999999555911,both,1
yf-routine-campaign-default,"YF:YF,routine,with:default",YF,total,routine,TCD,Chad,2066,0,0,<NA>,<NA>,0.9499999999999999555911,both,1
yf-routine-campaign-default,"YF:YF,routine,with:default",YF,total,routine,TCD,Chad,2067,0,0,<NA>,<NA>,0.9499999999999999555911,both,1
yf-routine-campaign-default,"YF:YF,routine,with:default",YF,total,routine,TCD,Chad,2068,0,0,<NA>,<NA>,0.9499999999999999555911,both,1
yf-routine-campaign-default,"YF:YF,routine,with:default",YF,total,routine,TCD,Chad,2069,0,0,<NA>,<NA>,0.9499999999999999555911,both,1
yf-routine-campaign-default,"YF:YF,routine,with:default",YF,total,routine,TCD,Chad,2070,0,0,<NA>,<NA>,0.9499999999999999555911,both,1
yf-routine-campaign-default,"YF:YF,routine,with:default",YF,total,routine,TCD,Chad,2071,0,0,<NA>,<NA>,0.9499999999999999555911,both,1
yf-routine-campaign-default,"YF:YF,routine,with:default",YF,total,routine,TCD,Chad,2072,0,0,<NA>,<NA>,0.9499999999999999555911,both,1
yf-routine-campaign-default,"YF:YF,routine,with:default",YF,total,routine,TCD,Chad,2073,0,0,<NA>,<NA>,0.9499999999999999555911,both,1
yf-routine-campaign-default,"YF:YF,routine,with:default",YF,total,routine,TCD,Chad,2074,0,0,<NA>,<NA>,0.9499999999999999555911,both,1
yf-routine-campaign-default,"YF:YF,routine,with:default",YF,total,routine,TCD,Chad,2075,0,0,<NA>,<NA>,0.9499999999999999555911,both,1
yf-routine-campaign-default,"YF:YF,routine,with:default",YF,total,routine,TCD,Chad,2076,0,0,<NA>,<NA>,0.9499999999999999555911,both,1
yf-routine-campaign-default,"YF:YF,routine,with:default",YF,total,routine,TCD,Chad,2077,0,0,<NA>,<NA>,0.9499999999999999555911,both,1
yf-routine-campaign-default,"YF:YF,routine,with:default",YF,total,routine,TCD,Chad,2078,0,0,<NA>,<NA>,0.9499999999999999555911,both,1
yf-routine-campaign-default,"YF:YF,routine,with:default",YF,total,routine,TCD,Chad,2079,0,0,<NA>,<NA>,0.9499999999999999555911,both,1
yf-routine-campaign-default,"YF:YF,routine,with:default",YF,total,routine,TCD,Chad,2080,0,0,<NA>,<NA>,0.9499999999999999555911,both,1
yf-routine-campaign-default,"YF:YF,routine,with:default",YF,total,routine,TCD,Chad,2081,0,0,<NA>,<NA>,0.9499999999999999555911,both,1
yf-routine-campaign-default,"YF:YF,routine,with:default",YF,total,routine,TCD,Chad,2082,0,0,<NA>,<NA>,0.9499999999999999555911,both,1
yf-routine-campaign-default,"YF:YF,routine,with:default",YF,total,routine,TCD,Chad,2083,0,0,<NA>,<NA>,0.9499999999999999555911,both,1
yf-routine-campaign-default,"YF:YF,routine,with:default",YF,total,routine,TCD,Chad,2084,0,0,<NA>,<NA>,0.9499999999999999555911,both,1
yf-routine-campaign-default,"YF:YF,routine,with:default",YF,total,routine,TCD,Chad,2085,0,0,<NA>,<NA>,0.9499999999999999555911,both,1
yf-routine-campaign-default,"YF:YF,routine,with:default",YF,total,routine,TCD,Chad,2086,0,0,<NA>,<NA>,0.9499999999999999555911,both,1
yf-routine-campaign-default,"YF:YF,routine,with:default",YF,total,routine,TCD,Chad,2087,0,0,<NA>,<NA>,0.9499999999999999555911,both,1
yf-routine-campaign-default,"YF:YF,routine,with:default",YF,total,routine,TCD,Chad,2088,0,0,<NA>,<NA>,0.9499999999999999555911,both,1
yf-routine-campaign-default,"YF:YF,routine,with:default",YF,total,routine,TCD,Chad,2089,0,0,<NA>,<NA>,0.9499999999999999555911,both,1
yf-routine-campaign-default,"YF:YF,routine,with:default",YF,total,routine,TCD,Chad,2090,0,0,<NA>,<NA>,0.9499999999999999555911,both,1
yf-routine-campaign-default,"YF:YF,routine,with:default",YF,total,routine,TCD,Chad,2091,0,0,<NA>,<NA>,0.9499999999999999555911,both,1
yf-routine-campaign-default,"YF:YF,routine,with:default",YF,total,routine,TCD,Chad,2092,0,0,<NA>,<NA>,0.9499999999999999555911,both,1
yf-routine-campaign-default,"YF:YF,routine,with:default",YF,total,routine,TCD,Chad,2093,0,0,<NA>,<NA>,0.9499999999999999555911,both,1
yf-routine-campaign-default,"YF:YF,routine,with:default",YF,total,routine,TCD,Chad,2094,0,0,<NA>,<NA>,0.9499999999999999555911,both,1
yf-routine-campaign-default,"YF:YF,routine,with:default",YF,total,routine,TCD,Chad,2095,0,0,<NA>,<NA>,0.9499999999999999555911,both,1
yf-routine-campaign-default,"YF:YF,routine,with:default",YF,total,routine,TCD,Chad,2096,0,0,<NA>,<NA>,0.9499999999999999555911,both,1
yf-routine-campaign-default,"YF:YF,routine,with:default",YF,total,routine,TCD,Chad,2097,0,0,<NA>,<NA>,0.9499999999999999555911,both,1
yf-routine-campaign-default,"YF:YF,routine,with:default",YF,total,routine,TCD,Chad,2098,0,0,<NA>,<NA>,0.9499999999999999555911,both,1
yf-routine-campaign-default,"YF:YF,routine,with:default",YF,total,routine,TCD,Chad,2099,0,0,<NA>,<NA>,0.9499999999999999555911,both,1
yf-routine-campaign-default,"YF:YF,routine,with:default",YF,total,routine,TCD,Chad,2100,0,0,<NA>,<NA>,0.9499999999999999555911,both,1
yf-routine-campaign-default,"YF:YF,routine,with:default",YF,total,routine,TGO,Togo,2004,0,0,default routine age,<NA>,0.0100000000000000002082,both,1
yf-routine-campaign-default,"YF:YF,routine,with:default",YF,total,routine,TGO,Togo,2005,0,0,default routine age,<NA>,0.5600000000000000532907,both,1
yf-routine-campaign-default,"YF:YF,routine,with:default",YF,total,routine,TGO,Togo,2006,0,0,default routine age,<NA>,0.7600000000000000088818,both,1
yf-routine-campaign-default,"YF:YF,routine,with:default",YF,total,routine,TGO,Togo,2007,0,0,default routine age,<NA>,0.670000000000000039968,both,1
yf-routine-campaign-default,"YF:YF,routine,with:default",YF,total,routine,TGO,Togo,2008,0,0,default routine age,<NA>,0.6300000000000000044409,both,1
yf-routine-campaign-default,"YF:YF,routine,with:default",YF,total,routine,TGO,Togo,2009,0,0,default routine age,<NA>,0.6400000000000000133227,both,1
yf-routine-campaign-default,"YF:YF,routine,with:default",YF,total,routine,TGO,Togo,2010,0,0,default routine age,<NA>,0.670000000000000039968,both,1
yf-routine-campaign-default,"YF:YF,routine,with:default",YF,total,routine,TGO,Togo,2011,0,0,default routine age,<NA>,0.7199999999999999733546,both,1
yf-routine-campaign-default,"YF:YF,routine,with:default",YF,total,routine,TGO,Togo,2012,0,0,default routine age,<NA>,0.7199999999999999733546,both,1
yf-routine-campaign-default,"YF:YF,routine,with:default",YF,total,routine,TGO,Togo,2013,0,0,default routine age,<NA>,0.7199999999999999733546,both,1
yf-routine-campaign-default,"YF:YF,routine,with:default",YF,total,routine,TGO,Togo,2014,0,0,default routine age,<NA>,0.75,both,1
yf-routine-campaign-default,"YF:YF,routine,with:default",YF,total,routine,TGO,Togo,2015,0,0,default routine age,<NA>,0.7099999999999999644729,both,1
yf-routine-campaign-default,"YF:YF,routine,with:default",YF,total,routine,TGO,Togo,2016,0,0,default routine age,<NA>,0.6800000000000000488498,both,1
yf-routine-campaign-default,"YF:YF,routine,with:default",YF,total,routine,TGO,Togo,2017,0,0,default routine age,<NA>,0.7299999999999999822364,both,1
yf-routine-campaign-default,"YF:YF,routine,with:default",YF,total,routine,TGO,Togo,2018,0,0,default routine age,<NA>,0.6800000000000000488498,both,1
yf-routine-campaign-default,"YF:YF,routine,with:default",YF,total,routine,TGO,Togo,2019,0,0,default routine age,<NA>,0.7099999999999999644729,both,1
yf-routine-campaign-default,"YF:YF,routine,with:default",YF,total,routine,TGO,Togo,2020,0,0,default routine age,<NA>,0.6600000000000000310862,both,1
yf-routine-campaign-default,"YF:YF,routine,with:default",YF,total,routine,TGO,Togo,2021,0,0,default routine age,<NA>,0.6600000000000000310862,both,1
yf-routine-campaign-default,"YF:YF,routine,with:default",YF,total,routine,TGO,Togo,2022,0,0,default routine age,<NA>,0.670000000000000039968,both,1
yf-routine-campaign-default,"YF:YF,routine,with:default",YF,total,routine,TGO,Togo,2023,0,0,<NA>,<NA>,0.6908437762876750154462,both,1
yf-routine-campaign-default,"YF:YF,routine,with:default",YF,total,routine,TGO,Togo,2024,0,0,<NA>,<NA>,0.7103709979998025225711,both,1
yf-routine-campaign-default,"YF:YF,routine,with:default",YF,total,routine,TGO,Togo,2025,0,0,<NA>,<NA>,0.7286648226183318755034,both,1
yf-routine-campaign-default,"YF:YF,routine,with:default",YF,total,routine,TGO,Togo,2026,0,0,<NA>,<NA>,0.7458031551526351776715,both,1
yf-routine-campaign-default,"YF:YF,routine,with:default",YF,total,routine,TGO,Togo,2027,0,0,<NA>,<NA>,0.7618589799012148722213,both,1
yf-routine-campaign-default,"YF:YF,routine,with:default",YF,total,routine,TGO,Togo,2028,0,0,<NA>,<NA>,0.7769006712583597096256,both,1
yf-routine-campaign-default,"YF:YF,routine,with:default",YF,total,routine,TGO,Togo,2029,0,0,<NA>,<NA>,0.7909922848893330415976,both,1
yf-routine-campaign-default,"YF:YF,routine,with:default",YF,total,routine,TGO,Togo,2030,0,0,<NA>,<NA>,0.8041938305140750031796,both,1
yf-routine-campaign-default,"YF:YF,routine,with:default",YF,total,routine,TGO,Togo,2031,0,0,<NA>,<NA>,0.8141938305140750120614,both,1
yf-routine-campaign-default,"YF:YF,routine,with:default",YF,total,routine,TGO,Togo,2032,0,0,<NA>,<NA>,0.8241938305140750209432,both,1
yf-routine-campaign-default,"YF:YF,routine,with:default",YF,total,routine,TGO,Togo,2033,0,0,<NA>,<NA>,0.834193830514075029825,both,1
yf-routine-campaign-default,"YF:YF,routine,with:default",YF,total,routine,TGO,Togo,2034,0,0,<NA>,<NA>,0.8441938305140750387068,both,1
yf-routine-campaign-default,"YF:YF,routine,with:default",YF,total,routine,TGO,Togo,2035,0,0,<NA>,<NA>,0.8541938305140750475886,both,1
yf-routine-campaign-default,"YF:YF,routine,with:default",YF,total,routine,TGO,Togo,2036,0,0,<NA>,<NA>,0.8641938305140750564703,both,1
yf-routine-campaign-default,"YF:YF,routine,with:default",YF,total,routine,TGO,Togo,2037,0,0,<NA>,<NA>,0.8741938305140750653521,both,1
yf-routine-campaign-default,"YF:YF,routine,with:default",YF,total,routine,TGO,Togo,2038,0,0,<NA>,<NA>,0.8841938305140749632116,both,1
yf-routine-campaign-default,"YF:YF,routine,with:default",YF,total,routine,TGO,Togo,2039,0,0,<NA>,<NA>,0.8941938305140749720934,both,1
yf-routine-campaign-default,"YF:YF,routine,with:default",YF,total,routine,TGO,Togo,2040,0,0,<NA>,<NA>,0.9041938305140749809752,both,1
yf-routine-campaign-default,"YF:YF,routine,with:default",YF,total,routine,TGO,Togo,2041,0,0,<NA>,<NA>,0.914193830514074989857,both,1
yf-routine-campaign-default,"YF:YF,routine,with:default",YF,total,routine,TGO,Togo,2042,0,0,<NA>,<NA>,0.9241938305140749987387,both,1
yf-routine-campaign-default,"YF:YF,routine,with:default",YF,total,routine,TGO,Togo,2043,0,0,<NA>,<NA>,0.9341938305140750076205,both,1
yf-routine-campaign-default,"YF:YF,routine,with:default",YF,total,routine,TGO,Togo,2044,0,0,<NA>,<NA>,0.9441938305140750165023,both,1
yf-routine-campaign-default,"YF:YF,routine,with:default",YF,total,routine,TGO,Togo,2045,0,0,<NA>,<NA>,0.9499999999999999555911,both,1
yf-routine-campaign-default,"YF:YF,routine,with:default",YF,total,routine,TGO,Togo,2046,0,0,<NA>,<NA>,0.9499999999999999555911,both,1
yf-routine-campaign-default,"YF:YF,routine,with:default",YF,total,routine,TGO,Togo,2047,0,0,<NA>,<NA>,0.9499999999999999555911,both,1
yf-routine-campaign-default,"YF:YF,routine,with:default",YF,total,routine,TGO,Togo,2048,0,0,<NA>,<NA>,0.9499999999999999555911,both,1
yf-routine-campaign-default,"YF:YF,routine,with:default",YF,total,routine,TGO,Togo,2049,0,0,<NA>,<NA>,0.9499999999999999555911,both,1
yf-routine-campaign-default,"YF:YF,routine,with:default",YF,total,routine,TGO,Togo,2050,0,0,<NA>,<NA>,0.9499999999999999555911,both,1
yf-routine-campaign-default,"YF:YF,routine,with:default",YF,total,routine,TGO,Togo,2051,0,0,<NA>,<NA>,0.9499999999999999555911,both,1
yf-routine-campaign-default,"YF:YF,routine,with:default",YF,total,routine,TGO,Togo,2052,0,0,<NA>,<NA>,0.9499999999999999555911,both,1
yf-routine-campaign-default,"YF:YF,routine,with:default",YF,total,routine,TGO,Togo,2053,0,0,<NA>,<NA>,0.9499999999999999555911,both,1
yf-routine-campaign-default,"YF:YF,routine,with:default",YF,total,routine,TGO,Togo,2054,0,0,<NA>,<NA>,0.9499999999999999555911,both,1
yf-routine-campaign-default,"YF:YF,routine,with:default",YF,total,routine,TGO,Togo,2055,0,0,<NA>,<NA>,0.9499999999999999555911,both,1
yf-routine-campaign-default,"YF:YF,routine,with:default",YF,total,routine,TGO,Togo,2056,0,0,<NA>,<NA>,0.9499999999999999555911,both,1
yf-routine-campaign-default,"YF:YF,routine,with:default",YF,total,routine,TGO,Togo,2057,0,0,<NA>,<NA>,0.9499999999999999555911,both,1
yf-routine-campaign-default,"YF:YF,routine,with:default",YF,total,routine,TGO,Togo,2058,0,0,<NA>,<NA>,0.9499999999999999555911,both,1
yf-routine-campaign-default,"YF:YF,routine,with:default",YF,total,routine,TGO,Togo,2059,0,0,<NA>,<NA>,0.9499999999999999555911,both,1
yf-routine-campaign-default,"YF:YF,routine,with:default",YF,total,routine,TGO,Togo,2060,0,0,<NA>,<NA>,0.9499999999999999555911,both,1
yf-routine-campaign-default,"YF:YF,routine,with:default",YF,total,routine,TGO,Togo,2061,0,0,<NA>,<NA>,0.9499999999999999555911,both,1
yf-routine-campaign-default,"YF:YF,routine,with:default",YF,total,routine,TGO,Togo,2062,0,0,<NA>,<NA>,0.9499999999999999555911,both,1
yf-routine-campaign-default,"YF:YF,routine,with:default",YF,total,routine,TGO,Togo,2063,0,0,<NA>,<NA>,0.9499999999999999555911,both,1
yf-routine-campaign-default,"YF:YF,routine,with:default",YF,total,routine,TGO,Togo,2064,0,0,<NA>,<NA>,0.9499999999999999555911,both,1
yf-routine-campaign-default,"YF:YF,routine,with:default",YF,total,routine,TGO,Togo,2065,0,0,<NA>,<NA>,0.9499999999999999555911,both,1
yf-routine-campaign-default,"YF:YF,routine,with:default",YF,total,routine,TGO,Togo,2066,0,0,<NA>,<NA>,0.9499999999999999555911,both,1
yf-routine-campaign-default,"YF:YF,routine,with:default",YF,total,routine,TGO,Togo,2067,0,0,<NA>,<NA>,0.9499999999999999555911,both,1
yf-routine-campaign-default,"YF:YF,routine,with:default",YF,total,routine,TGO,Togo,2068,0,0,<NA>,<NA>,0.9499999999999999555911,both,1
yf-routine-campaign-default,"YF:YF,routine,with:default",YF,total,routine,TGO,Togo,2069,0,0,<NA>,<NA>,0.9499999999999999555911,both,1
yf-routine-campaign-default,"YF:YF,routine,with:default",YF,total,routine,TGO,Togo,2070,0,0,<NA>,<NA>,0.9499999999999999555911,both,1
yf-routine-campaign-default,"YF:YF,routine,with:default",YF,total,routine,TGO,Togo,2071,0,0,<NA>,<NA>,0.9499999999999999555911,both,1
yf-routine-campaign-default,"YF:YF,routine,with:default",YF,total,routine,TGO,Togo,2072,0,0,<NA>,<NA>,0.9499999999999999555911,both,1
yf-routine-campaign-default,"YF:YF,routine,with:default",YF,total,routine,TGO,Togo,2073,0,0,<NA>,<NA>,0.9499999999999999555911,both,1
yf-routine-campaign-default,"YF:YF,routine,with:default",YF,total,routine,TGO,Togo,2074,0,0,<NA>,<NA>,0.9499999999999999555911,both,1
yf-routine-campaign-default,"YF:YF,routine,with:default",YF,total,routine,TGO,Togo,2075,0,0,<NA>,<NA>,0.9499999999999999555911,both,1
yf-routine-campaign-default,"YF:YF,routine,with:default",YF,total,routine,TGO,Togo,2076,0,0,<NA>,<NA>,0.9499999999999999555911,both,1
yf-routine-campaign-default,"YF:YF,routine,with:default",YF,total,routine,TGO,Togo,2077,0,0,<NA>,<NA>,0.9499999999999999555911,both,1
yf-routine-campaign-default,"YF:YF,routine,with:default",YF,total,routine,TGO,Togo,2078,0,0,<NA>,<NA>,0.9499999999999999555911,both,1
yf-routine-campaign-default,"YF:YF,routine,with:default",YF,total,routine,TGO,Togo,2079,0,0,<NA>,<NA>,0.9499999999999999555911,both,1
yf-routine-campaign-default,"YF:YF,routine,with:default",YF,total,routine,TGO,Togo,2080,0,0,<NA>,<NA>,0.9499999999999999555911,both,1
yf-routine-campaign-default,"YF:YF,routine,with:default",YF,total,routine,TGO,Togo,2081,0,0,<NA>,<NA>,0.9499999999999999555911,both,1
yf-routine-campaign-default,"YF:YF,routine,with:default",YF,total,routine,TGO,Togo,2082,0,0,<NA>,<NA>,0.9499999999999999555911,both,1
yf-routine-campaign-default,"YF:YF,routine,with:default",YF,total,routine,TGO,Togo,2083,0,0,<NA>,<NA>,0.9499999999999999555911,both,1
yf-routine-campaign-default,"YF:YF,routine,with:default",YF,total,routine,TGO,Togo,2084,0,0,<NA>,<NA>,0.9499999999999999555911,both,1
yf-routine-campaign-default,"YF:YF,routine,with:default",YF,total,routine,TGO,Togo,2085,0,0,<NA>,<NA>,0.9499999999999999555911,both,1
yf-routine-campaign-default,"YF:YF,routine,with:default",YF,total,routine,TGO,Togo,2086,0,0,<NA>,<NA>,0.9499999999999999555911,both,1
yf-routine-campaign-default,"YF:YF,routine,with:default",YF,total,routine,TGO,Togo,2087,0,0,<NA>,<NA>,0.9499999999999999555911,both,1
yf-routine-campaign-default,"YF:YF,routine,with:default",YF,total,routine,TGO,Togo,2088,0,0,<NA>,<NA>,0.9499999999999999555911,both,1
yf-routine-campaign-default,"YF:YF,routine,with:default",YF,total,routine,TGO,Togo,2089,0,0,<NA>,<NA>,0.9499999999999999555911,both,1
yf-routine-campaign-default,"YF:YF,routine,with:default",YF,total,routine,TGO,Togo,2090,0,0,<NA>,<NA>,0.9499999999999999555911,both,1
yf-routine-campaign-default,"YF:YF,routine,with:default",YF,total,routine,TGO,Togo,2091,0,0,<NA>,<NA>,0.9499999999999999555911,both,1
yf-routine-campaign-default,"YF:YF,routine,with:default",YF,total,routine,TGO,Togo,2092,0,0,<NA>,<NA>,0.9499999999999999555911,both,1
yf-routine-campaign-default,"YF:YF,routine,with:default",YF,total,routine,TGO,Togo,2093,0,0,<NA>,<NA>,0.9499999999999999555911,both,1
yf-routine-campaign-default,"YF:YF,routine,with:default",YF,total,routine,TGO,Togo,2094,0,0,<NA>,<NA>,0.9499999999999999555911,both,1
yf-routine-campaign-default,"YF:YF,routine,with:default",YF,total,routine,TGO,Togo,2095,0,0,<NA>,<NA>,0.9499999999999999555911,both,1
yf-routine-campaign-default,"YF:YF,routine,with:default",YF,total,routine,TGO,Togo,2096,0,0,<NA>,<NA>,0.9499999999999999555911,both,1
yf-routine-campaign-default,"YF:YF,routine,with:default",YF,total,routine,TGO,Togo,2097,0,0,<NA>,<NA>,0.9499999999999999555911,both,1
yf-routine-campaign-default,"YF:YF,routine,with:default",YF,total,routine,TGO,Togo,2098,0,0,<NA>,<NA>,0.9499999999999999555911,both,1
yf-routine-campaign-default,"YF:YF,routine,with:default",YF,total,routine,TGO,Togo,2099,0,0,<NA>,<NA>,0.9499999999999999555911,both,1
yf-routine-campaign-default,"YF:YF,routine,with:default",YF,total,routine,TGO,Togo,2100,0,0,<NA>,<NA>,0.9499999999999999555911,both,1
yf-routine-campaign-default,"YF:YF,routine,with:default",YF,total,routine,TZA,"Tanzania, United Republic of",2025,0,0,<NA>,<NA>,0.2346666666666664124996,both,1
yf-routine-campaign-default,"YF:YF,routine,with:default",YF,total,routine,TZA,"Tanzania, United Republic of",2026,0,0,<NA>,<NA>,0.5240392173018171284582,both,1
yf-routine-campaign-default,"YF:YF,routine,with:default",YF,total,routine,TZA,"Tanzania, United Republic of",2027,0,0,<NA>,<NA>,0.7039999999999999591438,both,1
yf-routine-campaign-default,"YF:YF,routine,with:default",YF,total,routine,TZA,"Tanzania, United Republic of",2028,0,0,<NA>,<NA>,0.793844714440195664551,both,1
yf-routine-campaign-default,"YF:YF,routine,with:default",YF,total,routine,TZA,"Tanzania, United Republic of",2029,0,0,<NA>,<NA>,0.8564189129586337045907,both,1
yf-routine-campaign-default,"YF:YF,routine,with:default",YF,total,routine,TZA,"Tanzania, United Republic of",2030,0,0,<NA>,<NA>,0.9000000000000000222045,both,1
yf-routine-campaign-default,"YF:YF,routine,with:default",YF,total,routine,TZA,"Tanzania, United Republic of",2031,0,0,<NA>,<NA>,0.9100000000000000310862,both,1
yf-routine-campaign-default,"YF:YF,routine,with:default",YF,total,routine,TZA,"Tanzania, United Republic of",2032,0,0,<NA>,<NA>,0.920000000000000039968,both,1
yf-routine-campaign-default,"YF:YF,routine,with:default",YF,total,routine,TZA,"Tanzania, United Republic of",2033,0,0,<NA>,<NA>,0.9300000000000000488498,both,1
yf-routine-campaign-default,"YF:YF,routine,with:default",YF,total,routine,TZA,"Tanzania, United Republic of",2034,0,0,<NA>,<NA>,0.9400000000000000577316,both,1
yf-routine-campaign-default,"YF:YF,routine,with:default",YF,total,routine,TZA,"Tanzania, United Republic of",2035,0,0,<NA>,<NA>,0.9499999999999999555911,both,1
yf-routine-campaign-default,"YF:YF,routine,with:default",YF,total,routine,TZA,"Tanzania, United Republic of",2036,0,0,<NA>,<NA>,0.9499999999999999555911,both,1
yf-routine-campaign-default,"YF:YF,routine,with:default",YF,total,routine,TZA,"Tanzania, United Republic of",2037,0,0,<NA>,<NA>,0.9499999999999999555911,both,1
yf-routine-campaign-default,"YF:YF,routine,with:default",YF,total,routine,TZA,"Tanzania, United Republic of",2038,0,0,<NA>,<NA>,0.9499999999999999555911,both,1
yf-routine-campaign-default,"YF:YF,routine,with:default",YF,total,routine,TZA,"Tanzania, United Republic of",2039,0,0,<NA>,<NA>,0.9499999999999999555911,both,1
yf-routine-campaign-default,"YF:YF,routine,with:default",YF,total,routine,TZA,"Tanzania, United Republic of",2040,0,0,<NA>,<NA>,0.9499999999999999555911,both,1
yf-routine-campaign-default,"YF:YF,routine,with:default",YF,total,routine,TZA,"Tanzania, United Republic of",2041,0,0,<NA>,<NA>,0.9499999999999999555911,both,1
yf-routine-campaign-default,"YF:YF,routine,with:default",YF,total,routine,TZA,"Tanzania, United Republic of",2042,0,0,<NA>,<NA>,0.9499999999999999555911,both,1
yf-routine-campaign-default,"YF:YF,routine,with:default",YF,total,routine,TZA,"Tanzania, United Republic of",2043,0,0,<NA>,<NA>,0.9499999999999999555911,both,1
yf-routine-campaign-default,"YF:YF,routine,with:default",YF,total,routine,TZA,"Tanzania, United Republic of",2044,0,0,<NA>,<NA>,0.9499999999999999555911,both,1
yf-routine-campaign-default,"YF:YF,routine,with:default",YF,total,routine,TZA,"Tanzania, United Republic of",2045,0,0,<NA>,<NA>,0.9499999999999999555911,both,1
yf-routine-campaign-default,"YF:YF,routine,with:default",YF,total,routine,TZA,"Tanzania, United Republic of",2046,0,0,<NA>,<NA>,0.9499999999999999555911,both,1
yf-routine-campaign-default,"YF:YF,routine,with:default",YF,total,routine,TZA,"Tanzania, United Republic of",2047,0,0,<NA>,<NA>,0.9499999999999999555911,both,1
yf-routine-campaign-default,"YF:YF,routine,with:default",YF,total,routine,TZA,"Tanzania, United Republic of",2048,0,0,<NA>,<NA>,0.9499999999999999555911,both,1
yf-routine-campaign-default,"YF:YF,routine,with:default",YF,total,routine,TZA,"Tanzania, United Republic of",2049,0,0,<NA>,<NA>,0.9499999999999999555911,both,1
yf-routine-campaign-default,"YF:YF,routine,with:default",YF,total,routine,TZA,"Tanzania, United Republic of",2050,0,0,<NA>,<NA>,0.9499999999999999555911,both,1
yf-routine-campaign-default,"YF:YF,routine,with:default",YF,total,routine,TZA,"Tanzania, United Republic of",2051,0,0,<NA>,<NA>,0.9499999999999999555911,both,1
yf-routine-campaign-default,"YF:YF,routine,with:default",YF,total,routine,TZA,"Tanzania, United Republic of",2052,0,0,<NA>,<NA>,0.9499999999999999555911,both,1
yf-routine-campaign-default,"YF:YF,routine,with:default",YF,total,routine,TZA,"Tanzania, United Republic of",2053,0,0,<NA>,<NA>,0.9499999999999999555911,both,1
yf-routine-campaign-default,"YF:YF,routine,with:default",YF,total,routine,TZA,"Tanzania, United Republic of",2054,0,0,<NA>,<NA>,0.9499999999999999555911,both,1
yf-routine-campaign-default,"YF:YF,routine,with:default",YF,total,routine,TZA,"Tanzania, United Republic of",2055,0,0,<NA>,<NA>,0.9499999999999999555911,both,1
yf-routine-campaign-default,"YF:YF,routine,with:default",YF,total,routine,TZA,"Tanzania, United Republic of",2056,0,0,<NA>,<NA>,0.9499999999999999555911,both,1
yf-routine-campaign-default,"YF:YF,routine,with:default",YF,total,routine,TZA,"Tanzania, United Republic of",2057,0,0,<NA>,<NA>,0.9499999999999999555911,both,1
yf-routine-campaign-default,"YF:YF,routine,with:default",YF,total,routine,TZA,"Tanzania, United Republic of",2058,0,0,<NA>,<NA>,0.9499999999999999555911,both,1
yf-routine-campaign-default,"YF:YF,routine,with:default",YF,total,routine,TZA,"Tanzania, United Republic of",2059,0,0,<NA>,<NA>,0.9499999999999999555911,both,1
yf-routine-campaign-default,"YF:YF,routine,with:default",YF,total,routine,TZA,"Tanzania, United Republic of",2060,0,0,<NA>,<NA>,0.9499999999999999555911,both,1
yf-routine-campaign-default,"YF:YF,routine,with:default",YF,total,routine,TZA,"Tanzania, United Republic of",2061,0,0,<NA>,<NA>,0.9499999999999999555911,both,1
yf-routine-campaign-default,"YF:YF,routine,with:default",YF,total,routine,TZA,"Tanzania, United Republic of",2062,0,0,<NA>,<NA>,0.9499999999999999555911,both,1
yf-routine-campaign-default,"YF:YF,routine,with:default",YF,total,routine,TZA,"Tanzania, United Republic of",2063,0,0,<NA>,<NA>,0.9499999999999999555911,both,1
yf-routine-campaign-default,"YF:YF,routine,with:default",YF,total,routine,TZA,"Tanzania, United Republic of",2064,0,0,<NA>,<NA>,0.9499999999999999555911,both,1
yf-routine-campaign-default,"YF:YF,routine,with:default",YF,total,routine,TZA,"Tanzania, United Republic of",2065,0,0,<NA>,<NA>,0.9499999999999999555911,both,1
yf-routine-campaign-default,"YF:YF,routine,with:default",YF,total,routine,TZA,"Tanzania, United Republic of",2066,0,0,<NA>,<NA>,0.9499999999999999555911,both,1
yf-routine-campaign-default,"YF:YF,routine,with:default",YF,total,routine,TZA,"Tanzania, United Republic of",2067,0,0,<NA>,<NA>,0.9499999999999999555911,both,1
yf-routine-campaign-default,"YF:YF,routine,with:default",YF,total,routine,TZA,"Tanzania, United Republic of",2068,0,0,<NA>,<NA>,0.9499999999999999555911,both,1
yf-routine-campaign-default,"YF:YF,routine,with:default",YF,total,routine,TZA,"Tanzania, United Republic of",2069,0,0,<NA>,<NA>,0.9499999999999999555911,both,1
yf-routine-campaign-default,"YF:YF,routine,with:default",YF,total,routine,TZA,"Tanzania, United Republic of",2070,0,0,<NA>,<NA>,0.9499999999999999555911,both,1
yf-routine-campaign-default,"YF:YF,routine,with:default",YF,total,routine,TZA,"Tanzania, United Republic of",2071,0,0,<NA>,<NA>,0.9499999999999999555911,both,1
yf-routine-campaign-default,"YF:YF,routine,with:default",YF,total,routine,TZA,"Tanzania, United Republic of",2072,0,0,<NA>,<NA>,0.9499999999999999555911,both,1
yf-routine-campaign-default,"YF:YF,routine,with:default",YF,total,routine,TZA,"Tanzania, United Republic of",2073,0,0,<NA>,<NA>,0.9499999999999999555911,both,1
yf-routine-campaign-default,"YF:YF,routine,with:default",YF,total,routine,TZA,"Tanzania, United Republic of",2074,0,0,<NA>,<NA>,0.9499999999999999555911,both,1
yf-routine-campaign-default,"YF:YF,routine,with:default",YF,total,routine,TZA,"Tanzania, United Republic of",2075,0,0,<NA>,<NA>,0.9499999999999999555911,both,1
yf-routine-campaign-default,"YF:YF,routine,with:default",YF,total,routine,TZA,"Tanzania, United Republic of",2076,0,0,<NA>,<NA>,0.9499999999999999555911,both,1
yf-routine-campaign-default,"YF:YF,routine,with:default",YF,total,routine,TZA,"Tanzania, United Republic of",2077,0,0,<NA>,<NA>,0.9499999999999999555911,both,1
yf-routine-campaign-default,"YF:YF,routine,with:default",YF,total,routine,TZA,"Tanzania, United Republic of",2078,0,0,<NA>,<NA>,0.9499999999999999555911,both,1
yf-routine-campaign-default,"YF:YF,routine,with:default",YF,total,routine,TZA,"Tanzania, United Republic of",2079,0,0,<NA>,<NA>,0.9499999999999999555911,both,1
yf-routine-campaign-default,"YF:YF,routine,with:default",YF,total,routine,TZA,"Tanzania, United Republic of",2080,0,0,<NA>,<NA>,0.9499999999999999555911,both,1
yf-routine-campaign-default,"YF:YF,routine,with:default",YF,total,routine,TZA,"Tanzania, United Republic of",2081,0,0,<NA>,<NA>,0.9499999999999999555911,both,1
yf-routine-campaign-default,"YF:YF,routine,with:default",YF,total,routine,TZA,"Tanzania, United Republic of",2082,0,0,<NA>,<NA>,0.9499999999999999555911,both,1
yf-routine-campaign-default,"YF:YF,routine,with:default",YF,total,routine,TZA,"Tanzania, United Republic of",2083,0,0,<NA>,<NA>,0.9499999999999999555911,both,1
yf-routine-campaign-default,"YF:YF,routine,with:default",YF,total,routine,TZA,"Tanzania, United Republic of",2084,0,0,<NA>,<NA>,0.9499999999999999555911,both,1
yf-routine-campaign-default,"YF:YF,routine,with:default",YF,total,routine,TZA,"Tanzania, United Republic of",2085,0,0,<NA>,<NA>,0.9499999999999999555911,both,1
yf-routine-campaign-default,"YF:YF,routine,with:default",YF,total,routine,TZA,"Tanzania, United Republic of",2086,0,0,<NA>,<NA>,0.9499999999999999555911,both,1
yf-routine-campaign-default,"YF:YF,routine,with:default",YF,total,routine,TZA,"Tanzania, United Republic of",2087,0,0,<NA>,<NA>,0.9499999999999999555911,both,1
yf-routine-campaign-default,"YF:YF,routine,with:default",YF,total,routine,TZA,"Tanzania, United Republic of",2088,0,0,<NA>,<NA>,0.9499999999999999555911,both,1
yf-routine-campaign-default,"YF:YF,routine,with:default",YF,total,routine,TZA,"Tanzania, United Republic of",2089,0,0,<NA>,<NA>,0.9499999999999999555911,both,1
yf-routine-campaign-default,"YF:YF,routine,with:default",YF,total,routine,TZA,"Tanzania, United Republic of",2090,0,0,<NA>,<NA>,0.9499999999999999555911,both,1
yf-routine-campaign-default,"YF:YF,routine,with:default",YF,total,routine,TZA,"Tanzania, United Republic of",2091,0,0,<NA>,<NA>,0.9499999999999999555911,both,1
yf-routine-campaign-default,"YF:YF,routine,with:default",YF,total,routine,TZA,"Tanzania, United Republic of",2092,0,0,<NA>,<NA>,0.9499999999999999555911,both,1
yf-routine-campaign-default,"YF:YF,routine,with:default",YF,total,routine,TZA,"Tanzania, United Republic of",2093,0,0,<NA>,<NA>,0.9499999999999999555911,both,1
yf-routine-campaign-default,"YF:YF,routine,with:default",YF,total,routine,TZA,"Tanzania, United Republic of",2094,0,0,<NA>,<NA>,0.9499999999999999555911,both,1
yf-routine-campaign-default,"YF:YF,routine,with:default",YF,total,routine,TZA,"Tanzania, United Republic of",2095,0,0,<NA>,<NA>,0.9499999999999999555911,both,1
yf-routine-campaign-default,"YF:YF,routine,with:default",YF,total,routine,TZA,"Tanzania, United Republic of",2096,0,0,<NA>,<NA>,0.9499999999999999555911,both,1
yf-routine-campaign-default,"YF:YF,routine,with:default",YF,total,routine,TZA,"Tanzania, United Republic of",2097,0,0,<NA>,<NA>,0.9499999999999999555911,both,1
yf-routine-campaign-default,"YF:YF,routine,with:default",YF,total,routine,TZA,"Tanzania, United Republic of",2098,0,0,<NA>,<NA>,0.9499999999999999555911,both,1
yf-routine-campaign-default,"YF:YF,routine,with:default",YF,total,routine,TZA,"Tanzania, United Republic of",2099,0,0,<NA>,<NA>,0.9499999999999999555911,both,1
yf-routine-campaign-default,"YF:YF,routine,with:default",YF,total,routine,TZA,"Tanzania, United Republic of",2100,0,0,<NA>,<NA>,0.9499999999999999555911,both,1
yf-routine-campaign-default,"YF:YF,routine,with:default",YF,total,routine,UGA,Uganda,2022,0,0,default routine age,<NA>,0.0400000000000000008327,both,1
yf-routine-campaign-default,"YF:YF,routine,with:default",YF,total,routine,UGA,Uganda,2023,0,0,<NA>,<NA>,0.2993586617794288251559,both,1
yf-routine-campaign-default,"YF:YF,routine,with:default",YF,total,routine,UGA,Uganda,2024,0,0,<NA>,<NA>,0.4886476199755075411346,both,1
yf-routine-campaign-default,"YF:YF,routine,with:default",YF,total,routine,UGA,Uganda,2025,0,0,<NA>,<NA>,0.6267972751639223627507,both,1
yf-routine-campaign-default,"YF:YF,routine,with:default",YF,total,routine,UGA,Uganda,2026,0,0,<NA>,<NA>,0.7276236910867572849071,both,1
yf-routine-campaign-default,"YF:YF,routine,with:default",YF,total,routine,UGA,Uganda,2027,0,0,<NA>,<NA>,0.8012103108577561805248,both,1
yf-routine-campaign-default,"YF:YF,routine,with:default",YF,total,routine,UGA,Uganda,2028,0,0,<NA>,<NA>,0.854916381432215599645,both,1
yf-routine-campaign-default,"YF:YF,routine,with:default",YF,total,routine,UGA,Uganda,2029,0,0,<NA>,<NA>,0.8941129368049839376553,both,1
yf-routine-campaign-default,"YF:YF,routine,with:default",YF,total,routine,UGA,Uganda,2030,0,0,<NA>,<NA>,0.9227199441070810248533,both,1
yf-routine-campaign-default,"YF:YF,routine,with:default",YF,total,routine,UGA,Uganda,2031,0,0,<NA>,<NA>,0.9327199441070810337351,both,1
yf-routine-campaign-default,"YF:YF,routine,with:default",YF,total,routine,UGA,Uganda,2032,0,0,<NA>,<NA>,0.9427199441070810426169,both,1
yf-routine-campaign-default,"YF:YF,routine,with:default",YF,total,routine,UGA,Uganda,2033,0,0,<NA>,<NA>,0.9499999999999999555911,both,1
yf-routine-campaign-default,"YF:YF,routine,with:default",YF,total,routine,UGA,Uganda,2034,0,0,<NA>,<NA>,0.9499999999999999555911,both,1
yf-routine-campaign-default,"YF:YF,routine,with:default",YF,total,routine,UGA,Uganda,2035,0,0,<NA>,<NA>,0.9499999999999999555911,both,1
yf-routine-campaign-default,"YF:YF,routine,with:default",YF,total,routine,UGA,Uganda,2036,0,0,<NA>,<NA>,0.9499999999999999555911,both,1
yf-routine-campaign-default,"YF:YF,routine,with:default",YF,total,routine,UGA,Uganda,2037,0,0,<NA>,<NA>,0.9499999999999999555911,both,1
yf-routine-campaign-default,"YF:YF,routine,with:default",YF,total,routine,UGA,Uganda,2038,0,0,<NA>,<NA>,0.9499999999999999555911,both,1
yf-routine-campaign-default,"YF:YF,routine,with:default",YF,total,routine,UGA,Uganda,2039,0,0,<NA>,<NA>,0.9499999999999999555911,both,1
yf-routine-campaign-default,"YF:YF,routine,with:default",YF,total,routine,UGA,Uganda,2040,0,0,<NA>,<NA>,0.9499999999999999555911,both,1
yf-routine-campaign-default,"YF:YF,routine,with:default",YF,total,routine,UGA,Uganda,2041,0,0,<NA>,<NA>,0.9499999999999999555911,both,1
yf-routine-campaign-default,"YF:YF,routine,with:default",YF,total,routine,UGA,Uganda,2042,0,0,<NA>,<NA>,0.9499999999999999555911,both,1
yf-routine-campaign-default,"YF:YF,routine,with:default",YF,total,routine,UGA,Uganda,2043,0,0,<NA>,<NA>,0.9499999999999999555911,both,1
yf-routine-campaign-default,"YF:YF,routine,with:default",YF,total,routine,UGA,Uganda,2044,0,0,<NA>,<NA>,0.9499999999999999555911,both,1
yf-routine-campaign-default,"YF:YF,routine,with:default",YF,total,routine,UGA,Uganda,2045,0,0,<NA>,<NA>,0.9499999999999999555911,both,1
yf-routine-campaign-default,"YF:YF,routine,with:default",YF,total,routine,UGA,Uganda,2046,0,0,<NA>,<NA>,0.9499999999999999555911,both,1
yf-routine-campaign-default,"YF:YF,routine,with:default",YF,total,routine,UGA,Uganda,2047,0,0,<NA>,<NA>,0.9499999999999999555911,both,1
yf-routine-campaign-default,"YF:YF,routine,with:default",YF,total,routine,UGA,Uganda,2048,0,0,<NA>,<NA>,0.9499999999999999555911,both,1
yf-routine-campaign-default,"YF:YF,routine,with:default",YF,total,routine,UGA,Uganda,2049,0,0,<NA>,<NA>,0.9499999999999999555911,both,1
yf-routine-campaign-default,"YF:YF,routine,with:default",YF,total,routine,UGA,Uganda,2050,0,0,<NA>,<NA>,0.9499999999999999555911,both,1
yf-routine-campaign-default,"YF:YF,routine,with:default",YF,total,routine,UGA,Uganda,2051,0,0,<NA>,<NA>,0.9499999999999999555911,both,1
yf-routine-campaign-default,"YF:YF,routine,with:default",YF,total,routine,UGA,Uganda,2052,0,0,<NA>,<NA>,0.9499999999999999555911,both,1
yf-routine-campaign-default,"YF:YF,routine,with:default",YF,total,routine,UGA,Uganda,2053,0,0,<NA>,<NA>,0.9499999999999999555911,both,1
yf-routine-campaign-default,"YF:YF,routine,with:default",YF,total,routine,UGA,Uganda,2054,0,0,<NA>,<NA>,0.9499999999999999555911,both,1
yf-routine-campaign-default,"YF:YF,routine,with:default",YF,total,routine,UGA,Uganda,2055,0,0,<NA>,<NA>,0.9499999999999999555911,both,1
yf-routine-campaign-default,"YF:YF,routine,with:default",YF,total,routine,UGA,Uganda,2056,0,0,<NA>,<NA>,0.9499999999999999555911,both,1
yf-routine-campaign-default,"YF:YF,routine,with:default",YF,total,routine,UGA,Uganda,2057,0,0,<NA>,<NA>,0.9499999999999999555911,both,1
yf-routine-campaign-default,"YF:YF,routine,with:default",YF,total,routine,UGA,Uganda,2058,0,0,<NA>,<NA>,0.9499999999999999555911,both,1
yf-routine-campaign-default,"YF:YF,routine,with:default",YF,total,routine,UGA,Uganda,2059,0,0,<NA>,<NA>,0.9499999999999999555911,both,1
yf-routine-campaign-default,"YF:YF,routine,with:default",YF,total,routine,UGA,Uganda,2060,0,0,<NA>,<NA>,0.9499999999999999555911,both,1
yf-routine-campaign-default,"YF:YF,routine,with:default",YF,total,routine,UGA,Uganda,2061,0,0,<NA>,<NA>,0.9499999999999999555911,both,1
yf-routine-campaign-default,"YF:YF,routine,with:default",YF,total,routine,UGA,Uganda,2062,0,0,<NA>,<NA>,0.9499999999999999555911,both,1
yf-routine-campaign-default,"YF:YF,routine,with:default",YF,total,routine,UGA,Uganda,2063,0,0,<NA>,<NA>,0.9499999999999999555911,both,1
yf-routine-campaign-default,"YF:YF,routine,with:default",YF,total,routine,UGA,Uganda,2064,0,0,<NA>,<NA>,0.9499999999999999555911,both,1
yf-routine-campaign-default,"YF:YF,routine,with:default",YF,total,routine,UGA,Uganda,2065,0,0,<NA>,<NA>,0.9499999999999999555911,both,1
yf-routine-campaign-default,"YF:YF,routine,with:default",YF,total,routine,UGA,Uganda,2066,0,0,<NA>,<NA>,0.9499999999999999555911,both,1
yf-routine-campaign-default,"YF:YF,routine,with:default",YF,total,routine,UGA,Uganda,2067,0,0,<NA>,<NA>,0.9499999999999999555911,both,1
yf-routine-campaign-default,"YF:YF,routine,with:default",YF,total,routine,UGA,Uganda,2068,0,0,<NA>,<NA>,0.9499999999999999555911,both,1
yf-routine-campaign-default,"YF:YF,routine,with:default",YF,total,routine,UGA,Uganda,2069,0,0,<NA>,<NA>,0.9499999999999999555911,both,1
yf-routine-campaign-default,"YF:YF,routine,with:default",YF,total,routine,UGA,Uganda,2070,0,0,<NA>,<NA>,0.9499999999999999555911,both,1
yf-routine-campaign-default,"YF:YF,routine,with:default",YF,total,routine,UGA,Uganda,2071,0,0,<NA>,<NA>,0.9499999999999999555911,both,1
yf-routine-campaign-default,"YF:YF,routine,with:default",YF,total,routine,UGA,Uganda,2072,0,0,<NA>,<NA>,0.9499999999999999555911,both,1
yf-routine-campaign-default,"YF:YF,routine,with:default",YF,total,routine,UGA,Uganda,2073,0,0,<NA>,<NA>,0.9499999999999999555911,both,1
yf-routine-campaign-default,"YF:YF,routine,with:default",YF,total,routine,UGA,Uganda,2074,0,0,<NA>,<NA>,0.9499999999999999555911,both,1
yf-routine-campaign-default,"YF:YF,routine,with:default",YF,total,routine,UGA,Uganda,2075,0,0,<NA>,<NA>,0.9499999999999999555911,both,1
yf-routine-campaign-default,"YF:YF,routine,with:default",YF,total,routine,UGA,Uganda,2076,0,0,<NA>,<NA>,0.9499999999999999555911,both,1
yf-routine-campaign-default,"YF:YF,routine,with:default",YF,total,routine,UGA,Uganda,2077,0,0,<NA>,<NA>,0.9499999999999999555911,both,1
yf-routine-campaign-default,"YF:YF,routine,with:default",YF,total,routine,UGA,Uganda,2078,0,0,<NA>,<NA>,0.9499999999999999555911,both,1
yf-routine-campaign-default,"YF:YF,routine,with:default",YF,total,routine,UGA,Uganda,2079,0,0,<NA>,<NA>,0.9499999999999999555911,both,1
yf-routine-campaign-default,"YF:YF,routine,with:default",YF,total,routine,UGA,Uganda,2080,0,0,<NA>,<NA>,0.9499999999999999555911,both,1
yf-routine-campaign-default,"YF:YF,routine,with:default",YF,total,routine,UGA,Uganda,2081,0,0,<NA>,<NA>,0.9499999999999999555911,both,1
yf-routine-campaign-default,"YF:YF,routine,with:default",YF,total,routine,UGA,Uganda,2082,0,0,<NA>,<NA>,0.9499999999999999555911,both,1
yf-routine-campaign-default,"YF:YF,routine,with:default",YF,total,routine,UGA,Uganda,2083,0,0,<NA>,<NA>,0.9499999999999999555911,both,1
yf-routine-campaign-default,"YF:YF,routine,with:default",YF,total,routine,UGA,Uganda,2084,0,0,<NA>,<NA>,0.9499999999999999555911,both,1
yf-routine-campaign-default,"YF:YF,routine,with:default",YF,total,routine,UGA,Uganda,2085,0,0,<NA>,<NA>,0.9499999999999999555911,both,1
yf-routine-campaign-default,"YF:YF,routine,with:default",YF,total,routine,UGA,Uganda,2086,0,0,<NA>,<NA>,0.9499999999999999555911,both,1
yf-routine-campaign-default,"YF:YF,routine,with:default",YF,total,routine,UGA,Uganda,2087,0,0,<NA>,<NA>,0.9499999999999999555911,both,1
yf-routine-campaign-default,"YF:YF,routine,with:default",YF,total,routine,UGA,Uganda,2088,0,0,<NA>,<NA>,0.9499999999999999555911,both,1
yf-routine-campaign-default,"YF:YF,routine,with:default",YF,total,routine,UGA,Uganda,2089,0,0,<NA>,<NA>,0.9499999999999999555911,both,1
yf-routine-campaign-default,"YF:YF,routine,with:default",YF,total,routine,UGA,Uganda,2090,0,0,<NA>,<NA>,0.9499999999999999555911,both,1
yf-routine-campaign-default,"YF:YF,routine,with:default",YF,total,routine,UGA,Uganda,2091,0,0,<NA>,<NA>,0.9499999999999999555911,both,1
yf-routine-campaign-default,"YF:YF,routine,with:default",YF,total,routine,UGA,Uganda,2092,0,0,<NA>,<NA>,0.9499999999999999555911,both,1
yf-routine-campaign-default,"YF:YF,routine,with:default",YF,total,routine,UGA,Uganda,2093,0,0,<NA>,<NA>,0.9499999999999999555911,both,1
yf-routine-campaign-default,"YF:YF,routine,with:default",YF,total,routine,UGA,Uganda,2094,0,0,<NA>,<NA>,0.9499999999999999555911,both,1
yf-routine-campaign-default,"YF:YF,routine,with:default",YF,total,routine,UGA,Uganda,2095,0,0,<NA>,<NA>,0.9499999999999999555911,both,1
yf-routine-campaign-default,"YF:YF,routine,with:default",YF,total,routine,UGA,Uganda,2096,0,0,<NA>,<NA>,0.9499999999999999555911,both,1
yf-routine-campaign-default,"YF:YF,routine,with:default",YF,total,routine,UGA,Uganda,2097,0,0,<NA>,<NA>,0.9499999999999999555911,both,1
yf-routine-campaign-default,"YF:YF,routine,with:default",YF,total,routine,UGA,Uganda,2098,0,0,<NA>,<NA>,0.9499999999999999555911,both,1
yf-routine-campaign-default,"YF:YF,routine,with:default",YF,total,routine,UGA,Uganda,2099,0,0,<NA>,<NA>,0.9499999999999999555911,both,1
yf-routine-campaign-default,"YF:YF,routine,with:default",YF,total,routine,UGA,Uganda,2100,0,0,<NA>,<NA>,0.9499999999999999555911,both,1
yf-routine-campaign-default,"YF:YF,routine,with:default",YF,total,routine,VEN,"Venezuela, Bolivarian Republic of",2000,0,0,default routine age,<NA>,0.1700000000000000122125,both,1
yf-routine-campaign-default,"YF:YF,routine,with:default",YF,total,routine,VEN,"Venezuela, Bolivarian Republic of",2001,0,0,default routine age,<NA>,0.2800000000000000266454,both,1
yf-routine-campaign-default,"YF:YF,routine,with:default",YF,total,routine,VEN,"Venezuela, Bolivarian Republic of",2002,0,0,default routine age,<NA>,0.2700000000000000177636,both,1
yf-routine-campaign-default,"YF:YF,routine,with:default",YF,total,routine,VEN,"Venezuela, Bolivarian Republic of",2003,0,0,default routine age,<NA>,0.8199999999999999511502,both,1
yf-routine-campaign-default,"YF:YF,routine,with:default",YF,total,routine,VEN,"Venezuela, Bolivarian Republic of",2004,0,0,default routine age,<NA>,0.9399999999999999467093,both,1
yf-routine-campaign-default,"YF:YF,routine,with:default",YF,total,routine,VEN,"Venezuela, Bolivarian Republic of",2005,0,0,default routine age,<NA>,0.9399999999999999467093,both,1
yf-routine-campaign-default,"YF:YF,routine,with:default",YF,total,routine,VEN,"Venezuela, Bolivarian Republic of",2006,0,0,default routine age,<NA>,0.7299999999999999822364,both,1
yf-routine-campaign-default,"YF:YF,routine,with:default",YF,total,routine,VEN,"Venezuela, Bolivarian Republic of",2007,0,0,default routine age,<NA>,0.6500000000000000222045,both,1
yf-routine-campaign-default,"YF:YF,routine,with:default",YF,total,routine,VEN,"Venezuela, Bolivarian Republic of",2008,0,0,default routine age,<NA>,0.7700000000000000177636,both,1
yf-routine-campaign-default,"YF:YF,routine,with:default",YF,total,routine,VEN,"Venezuela, Bolivarian Republic of",2009,0,0,default routine age,<NA>,0.7700000000000000177636,both,1
yf-routine-campaign-default,"YF:YF,routine,with:default",YF,total,routine,VEN,"Venezuela, Bolivarian Republic of",2010,0,0,default routine age,<NA>,0.4799999999999999822364,both,1
yf-routine-campaign-default,"YF:YF,routine,with:default",YF,total,routine,VEN,"Venezuela, Bolivarian Republic of",2011,0,0,default routine age,<NA>,0.7299999999999999822364,both,1
yf-routine-campaign-default,"YF:YF,routine,with:default",YF,total,routine,VEN,"Venezuela, Bolivarian Republic of",2012,0,0,default routine age,<NA>,0.8699999999999999955591,both,1
yf-routine-campaign-default,"YF:YF,routine,with:default",YF,total,routine,VEN,"Venezuela, Bolivarian Republic of",2013,0,0,default routine age,<NA>,0.8499999999999999777955,both,1
yf-routine-campaign-default,"YF:YF,routine,with:default",YF,total,routine,VEN,"Venezuela, Bolivarian Republic of",2014,0,0,default routine age,<NA>,0.8199999999999999511502,both,1
yf-routine-campaign-default,"YF:YF,routine,with:default",YF,total,routine,VEN,"Venezuela, Bolivarian Republic of",2015,0,0,default routine age,<NA>,0.8499999999999999777955,both,1
yf-routine-campaign-default,"YF:YF,routine,with:default",YF,total,routine,VEN,"Venezuela, Bolivarian Republic of",2016,0,0,default routine age,<NA>,0.8399999999999999689138,both,1
yf-routine-campaign-default,"YF:YF,routine,with:default",YF,total,routine,VEN,"Venezuela, Bolivarian Republic of",2017,0,0,default routine age,<NA>,0.829999999999999960032,both,1
yf-routine-campaign-default,"YF:YF,routine,with:default",YF,total,routine,VEN,"Venezuela, Bolivarian Republic of",2018,0,0,default routine age,<NA>,0.3499999999999999777955,both,1
yf-routine-campaign-default,"YF:YF,routine,with:default",YF,total,routine,VEN,"Venezuela, Bolivarian Republic of",2019,0,0,default routine age,<NA>,0.8000000000000000444089,both,1
yf-routine-campaign-default,"YF:YF,routine,with:default",YF,total,routine,VEN,"Venezuela, Bolivarian Republic of",2020,0,0,default routine age,<NA>,0.8199999999999999511502,both,1
yf-routine-campaign-default,"YF:YF,routine,with:default",YF,total,routine,VEN,"Venezuela, Bolivarian Republic of",2021,0,0,default routine age,<NA>,0.75,both,1
yf-routine-campaign-default,"YF:YF,routine,with:default",YF,total,routine,VEN,"Venezuela, Bolivarian Republic of",2022,0,0,default routine age,<NA>,0.75,both,1
yf-routine-campaign-default,"YF:YF,routine,with:default",YF,total,routine,VEN,"Venezuela, Bolivarian Republic of",2023,0,0,<NA>,<NA>,0.7529271570710371896951,both,1
yf-routine-campaign-default,"YF:YF,routine,with:default",YF,total,routine,VEN,"Venezuela, Bolivarian Republic of",2024,0,0,<NA>,<NA>,0.7558200411480003877429,both,1
yf-routine-campaign-default,"YF:YF,routine,with:default",YF,total,routine,VEN,"Venezuela, Bolivarian Republic of",2025,0,0,<NA>,<NA>,0.7586790535206372476651,both,1
yf-routine-campaign-default,"YF:YF,routine,with:default",YF,total,routine,VEN,"Venezuela, Bolivarian Republic of",2026,0,0,<NA>,<NA>,0.7615045907801430979944,both,1
yf-routine-campaign-default,"YF:YF,routine,with:default",YF,total,routine,VEN,"Venezuela, Bolivarian Republic of",2027,0,0,<NA>,<NA>,0.7642970448741743805243,both,1
yf-routine-campaign-default,"YF:YF,routine,with:default",YF,total,routine,VEN,"Venezuela, Bolivarian Republic of",2028,0,0,<NA>,<NA>,0.7670568031612181592038,both,1
yf-routine-campaign-default,"YF:YF,routine,with:default",YF,total,routine,VEN,"Venezuela, Bolivarian Republic of",2029,0,0,<NA>,<NA>,0.7697842484643246940834,both,1
yf-routine-campaign-default,"YF:YF,routine,with:default",YF,total,routine,VEN,"Venezuela, Bolivarian Republic of",2030,0,0,<NA>,<NA>,0.7724797591242119620958,both,1
yf-routine-campaign-default,"YF:YF,routine,with:default",YF,total,routine,VEN,"Venezuela, Bolivarian Republic of",2031,0,0,<NA>,<NA>,0.7824797591242119709776,both,1
yf-routine-campaign-default,"YF:YF,routine,with:default",YF,total,routine,VEN,"Venezuela, Bolivarian Republic of",2032,0,0,<NA>,<NA>,0.7924797591242119798594,both,1
yf-routine-campaign-default,"YF:YF,routine,with:default",YF,total,routine,VEN,"Venezuela, Bolivarian Republic of",2033,0,0,<NA>,<NA>,0.8024797591242119887411,both,1
yf-routine-campaign-default,"YF:YF,routine,with:default",YF,total,routine,VEN,"Venezuela, Bolivarian Republic of",2034,0,0,<NA>,<NA>,0.8124797591242119976229,both,1
yf-routine-campaign-default,"YF:YF,routine,with:default",YF,total,routine,VEN,"Venezuela, Bolivarian Republic of",2035,0,0,<NA>,<NA>,0.8224797591242120065047,both,1
yf-routine-campaign-default,"YF:YF,routine,with:default",YF,total,routine,VEN,"Venezuela, Bolivarian Republic of",2036,0,0,<NA>,<NA>,0.8324797591242119043642,both,1
yf-routine-campaign-default,"YF:YF,routine,with:default",YF,total,routine,VEN,"Venezuela, Bolivarian Republic of",2037,0,0,<NA>,<NA>,0.842479759124211913246,both,1
yf-routine-campaign-default,"YF:YF,routine,with:default",YF,total,routine,VEN,"Venezuela, Bolivarian Republic of",2038,0,0,<NA>,<NA>,0.8524797591242119221278,both,1
yf-routine-campaign-default,"YF:YF,routine,with:default",YF,total,routine,VEN,"Venezuela, Bolivarian Republic of",2039,0,0,<NA>,<NA>,0.8624797591242119310095,both,1
yf-routine-campaign-default,"YF:YF,routine,with:default",YF,total,routine,VEN,"Venezuela, Bolivarian Republic of",2040,0,0,<NA>,<NA>,0.8724797591242119398913,both,1
yf-routine-campaign-default,"YF:YF,routine,with:default",YF,total,routine,VEN,"Venezuela, Bolivarian Republic of",2041,0,0,<NA>,<NA>,0.8824797591242119487731,both,1
yf-routine-campaign-default,"YF:YF,routine,with:default",YF,total,routine,VEN,"Venezuela, Bolivarian Republic of",2042,0,0,<NA>,<NA>,0.8924797591242119576549,both,1
yf-routine-campaign-default,"YF:YF,routine,with:default",YF,total,routine,VEN,"Venezuela, Bolivarian Republic of",2043,0,0,<NA>,<NA>,0.9024797591242119665367,both,1
yf-routine-campaign-default,"YF:YF,routine,with:default",YF,total,routine,VEN,"Venezuela, Bolivarian Republic of",2044,0,0,<NA>,<NA>,0.9124797591242119754185,both,1
yf-routine-campaign-default,"YF:YF,routine,with:default",YF,total,routine,VEN,"Venezuela, Bolivarian Republic of",2045,0,0,<NA>,<NA>,0.9224797591242119843002,both,1
yf-routine-campaign-default,"YF:YF,routine,with:default",YF,total,routine,VEN,"Venezuela, Bolivarian Republic of",2046,0,0,<NA>,<NA>,0.932479759124211993182,both,1
yf-routine-campaign-default,"YF:YF,routine,with:default",YF,total,routine,VEN,"Venezuela, Bolivarian Republic of",2047,0,0,<NA>,<NA>,0.9424797591242120020638,both,1
yf-routine-campaign-default,"YF:YF,routine,with:default",YF,total,routine,VEN,"Venezuela, Bolivarian Republic of",2048,0,0,<NA>,<NA>,0.9499999999999999555911,both,1
yf-routine-campaign-default,"YF:YF,routine,with:default",YF,total,routine,VEN,"Venezuela, Bolivarian Republic of",2049,0,0,<NA>,<NA>,0.9499999999999999555911,both,1
yf-routine-campaign-default,"YF:YF,routine,with:default",YF,total,routine,VEN,"Venezuela, Bolivarian Republic of",2050,0,0,<NA>,<NA>,0.9499999999999999555911,both,1
yf-routine-campaign-default,"YF:YF,routine,with:default",YF,total,routine,VEN,"Venezuela, Bolivarian Republic of",2051,0,0,<NA>,<NA>,0.9499999999999999555911,both,1
yf-routine-campaign-default,"YF:YF,routine,with:default",YF,total,routine,VEN,"Venezuela, Bolivarian Republic of",2052,0,0,<NA>,<NA>,0.9499999999999999555911,both,1
yf-routine-campaign-default,"YF:YF,routine,with:default",YF,total,routine,VEN,"Venezuela, Bolivarian Republic of",2053,0,0,<NA>,<NA>,0.9499999999999999555911,both,1
yf-routine-campaign-default,"YF:YF,routine,with:default",YF,total,routine,VEN,"Venezuela, Bolivarian Republic of",2054,0,0,<NA>,<NA>,0.9499999999999999555911,both,1
yf-routine-campaign-default,"YF:YF,routine,with:default",YF,total,routine,VEN,"Venezuela, Bolivarian Republic of",2055,0,0,<NA>,<NA>,0.9499999999999999555911,both,1
yf-routine-campaign-default,"YF:YF,routine,with:default",YF,total,routine,VEN,"Venezuela, Bolivarian Republic of",2056,0,0,<NA>,<NA>,0.9499999999999999555911,both,1
yf-routine-campaign-default,"YF:YF,routine,with:default",YF,total,routine,VEN,"Venezuela, Bolivarian Republic of",2057,0,0,<NA>,<NA>,0.9499999999999999555911,both,1
yf-routine-campaign-default,"YF:YF,routine,with:default",YF,total,routine,VEN,"Venezuela, Bolivarian Republic of",2058,0,0,<NA>,<NA>,0.9499999999999999555911,both,1
yf-routine-campaign-default,"YF:YF,routine,with:default",YF,total,routine,VEN,"Venezuela, Bolivarian Republic of",2059,0,0,<NA>,<NA>,0.9499999999999999555911,both,1
yf-routine-campaign-default,"YF:YF,routine,with:default",YF,total,routine,VEN,"Venezuela, Bolivarian Republic of",2060,0,0,<NA>,<NA>,0.9499999999999999555911,both,1
yf-routine-campaign-default,"YF:YF,routine,with:default",YF,total,routine,VEN,"Venezuela, Bolivarian Republic of",2061,0,0,<NA>,<NA>,0.9499999999999999555911,both,1
yf-routine-campaign-default,"YF:YF,routine,with:default",YF,total,routine,VEN,"Venezuela, Bolivarian Republic of",2062,0,0,<NA>,<NA>,0.9499999999999999555911,both,1
yf-routine-campaign-default,"YF:YF,routine,with:default",YF,total,routine,VEN,"Venezuela, Bolivarian Republic of",2063,0,0,<NA>,<NA>,0.9499999999999999555911,both,1
yf-routine-campaign-default,"YF:YF,routine,with:default",YF,total,routine,VEN,"Venezuela, Bolivarian Republic of",2064,0,0,<NA>,<NA>,0.9499999999999999555911,both,1
yf-routine-campaign-default,"YF:YF,routine,with:default",YF,total,routine,VEN,"Venezuela, Bolivarian Republic of",2065,0,0,<NA>,<NA>,0.9499999999999999555911,both,1
yf-routine-campaign-default,"YF:YF,routine,with:default",YF,total,routine,VEN,"Venezuela, Bolivarian Republic of",2066,0,0,<NA>,<NA>,0.9499999999999999555911,both,1
yf-routine-campaign-default,"YF:YF,routine,with:default",YF,total,routine,VEN,"Venezuela, Bolivarian Republic of",2067,0,0,<NA>,<NA>,0.9499999999999999555911,both,1
yf-routine-campaign-default,"YF:YF,routine,with:default",YF,total,routine,VEN,"Venezuela, Bolivarian Republic of",2068,0,0,<NA>,<NA>,0.9499999999999999555911,both,1
yf-routine-campaign-default,"YF:YF,routine,with:default",YF,total,routine,VEN,"Venezuela, Bolivarian Republic of",2069,0,0,<NA>,<NA>,0.9499999999999999555911,both,1
yf-routine-campaign-default,"YF:YF,routine,with:default",YF,total,routine,VEN,"Venezuela, Bolivarian Republic of",2070,0,0,<NA>,<NA>,0.9499999999999999555911,both,1
yf-routine-campaign-default,"YF:YF,routine,with:default",YF,total,routine,VEN,"Venezuela, Bolivarian Republic of",2071,0,0,<NA>,<NA>,0.9499999999999999555911,both,1
yf-routine-campaign-default,"YF:YF,routine,with:default",YF,total,routine,VEN,"Venezuela, Bolivarian Republic of",2072,0,0,<NA>,<NA>,0.9499999999999999555911,both,1
yf-routine-campaign-default,"YF:YF,routine,with:default",YF,total,routine,VEN,"Venezuela, Bolivarian Republic of",2073,0,0,<NA>,<NA>,0.9499999999999999555911,both,1
yf-routine-campaign-default,"YF:YF,routine,with:default",YF,total,routine,VEN,"Venezuela, Bolivarian Republic of",2074,0,0,<NA>,<NA>,0.9499999999999999555911,both,1
yf-routine-campaign-default,"YF:YF,routine,with:default",YF,total,routine,VEN,"Venezuela, Bolivarian Republic of",2075,0,0,<NA>,<NA>,0.9499999999999999555911,both,1
yf-routine-campaign-default,"YF:YF,routine,with:default",YF,total,routine,VEN,"Venezuela, Bolivarian Republic of",2076,0,0,<NA>,<NA>,0.9499999999999999555911,both,1
yf-routine-campaign-default,"YF:YF,routine,with:default",YF,total,routine,VEN,"Venezuela, Bolivarian Republic of",2077,0,0,<NA>,<NA>,0.9499999999999999555911,both,1
yf-routine-campaign-default,"YF:YF,routine,with:default",YF,total,routine,VEN,"Venezuela, Bolivarian Republic of",2078,0,0,<NA>,<NA>,0.9499999999999999555911,both,1
yf-routine-campaign-default,"YF:YF,routine,with:default",YF,total,routine,VEN,"Venezuela, Bolivarian Republic of",2079,0,0,<NA>,<NA>,0.9499999999999999555911,both,1
yf-routine-campaign-default,"YF:YF,routine,with:default",YF,total,routine,VEN,"Venezuela, Bolivarian Republic of",2080,0,0,<NA>,<NA>,0.9499999999999999555911,both,1
yf-routine-campaign-default,"YF:YF,routine,with:default",YF,total,routine,VEN,"Venezuela, Bolivarian Republic of",2081,0,0,<NA>,<NA>,0.9499999999999999555911,both,1
yf-routine-campaign-default,"YF:YF,routine,with:default",YF,total,routine,VEN,"Venezuela, Bolivarian Republic of",2082,0,0,<NA>,<NA>,0.9499999999999999555911,both,1
yf-routine-campaign-default,"YF:YF,routine,with:default",YF,total,routine,VEN,"Venezuela, Bolivarian Republic of",2083,0,0,<NA>,<NA>,0.9499999999999999555911,both,1
yf-routine-campaign-default,"YF:YF,routine,with:default",YF,total,routine,VEN,"Venezuela, Bolivarian Republic of",2084,0,0,<NA>,<NA>,0.9499999999999999555911,both,1
yf-routine-campaign-default,"YF:YF,routine,with:default",YF,total,routine,VEN,"Venezuela, Bolivarian Republic of",2085,0,0,<NA>,<NA>,0.9499999999999999555911,both,1
yf-routine-campaign-default,"YF:YF,routine,with:default",YF,total,routine,VEN,"Venezuela, Bolivarian Republic of",2086,0,0,<NA>,<NA>,0.9499999999999999555911,both,1
yf-routine-campaign-default,"YF:YF,routine,with:default",YF,total,routine,VEN,"Venezuela, Bolivarian Republic of",2087,0,0,<NA>,<NA>,0.9499999999999999555911,both,1
yf-routine-campaign-default,"YF:YF,routine,with:default",YF,total,routine,VEN,"Venezuela, Bolivarian Republic of",2088,0,0,<NA>,<NA>,0.9499999999999999555911,both,1
yf-routine-campaign-default,"YF:YF,routine,with:default",YF,total,routine,VEN,"Venezuela, Bolivarian Republic of",2089,0,0,<NA>,<NA>,0.9499999999999999555911,both,1
yf-routine-campaign-default,"YF:YF,routine,with:default",YF,total,routine,VEN,"Venezuela, Bolivarian Republic of",2090,0,0,<NA>,<NA>,0.9499999999999999555911,both,1
yf-routine-campaign-default,"YF:YF,routine,with:default",YF,total,routine,VEN,"Venezuela, Bolivarian Republic of",2091,0,0,<NA>,<NA>,0.9499999999999999555911,both,1
yf-routine-campaign-default,"YF:YF,routine,with:default",YF,total,routine,VEN,"Venezuela, Bolivarian Republic of",2092,0,0,<NA>,<NA>,0.9499999999999999555911,both,1
yf-routine-campaign-default,"YF:YF,routine,with:default",YF,total,routine,VEN,"Venezuela, Bolivarian Republic of",2093,0,0,<NA>,<NA>,0.9499999999999999555911,both,1
yf-routine-campaign-default,"YF:YF,routine,with:default",YF,total,routine,VEN,"Venezuela, Bolivarian Republic of",2094,0,0,<NA>,<NA>,0.9499999999999999555911,both,1
yf-routine-campaign-default,"YF:YF,routine,with:default",YF,total,routine,VEN,"Venezuela, Bolivarian Republic of",2095,0,0,<NA>,<NA>,0.9499999999999999555911,both,1
yf-routine-campaign-default,"YF:YF,routine,with:default",YF,total,routine,VEN,"Venezuela, Bolivarian Republic of",2096,0,0,<NA>,<NA>,0.9499999999999999555911,both,1
yf-routine-campaign-default,"YF:YF,routine,with:default",YF,total,routine,VEN,"Venezuela, Bolivarian Republic of",2097,0,0,<NA>,<NA>,0.9499999999999999555911,both,1
yf-routine-campaign-default,"YF:YF,routine,with:default",YF,total,routine,VEN,"Venezuela, Bolivarian Republic of",2098,0,0,<NA>,<NA>,0.9499999999999999555911,both,1
yf-routine-campaign-default,"YF:YF,routine,with:default",YF,total,routine,VEN,"Venezuela, Bolivarian Republic of",2099,0,0,<NA>,<NA>,0.9499999999999999555911,both,1
yf-routine-campaign-default,"YF:YF,routine,with:default",YF,total,routine,VEN,"Venezuela, Bolivarian Republic of",2100,0,0,<NA>,<NA>,0.9499999999999999555911,both,1
yf-routine-campaign-default,"YF:YF,routine,with:default",YF,total,routine,ZMB,Zambia,2025,0,0,<NA>,<NA>,0.2371499133699704331413,both,1
yf-routine-campaign-default,"YF:YF,routine,with:default",YF,total,routine,ZMB,Zambia,2026,0,0,<NA>,<NA>,0.5308298914527149747755,both,1
yf-routine-campaign-default,"YF:YF,routine,with:default",YF,total,routine,ZMB,Zambia,2027,0,0,<NA>,<NA>,0.7114497401099120210688,both,1
yf-routine-campaign-default,"YF:YF,routine,with:default",YF,total,routine,ZMB,Zambia,2028,0,0,<NA>,<NA>,0.7973184050487094332027,both,1
yf-routine-campaign-default,"YF:YF,routine,with:default",YF,total,routine,ZMB,Zambia,2029,0,0,<NA>,<NA>,0.8576337136287911500077,both,1
yf-routine-campaign-default,"YF:YF,routine,with:default",YF,total,routine,ZMB,Zambia,2030,0,0,<NA>,<NA>,0.9000000000000000222045,both,1
yf-routine-campaign-default,"YF:YF,routine,with:default",YF,total,routine,ZMB,Zambia,2031,0,0,<NA>,<NA>,0.9100000000000000310862,both,1
yf-routine-campaign-default,"YF:YF,routine,with:default",YF,total,routine,ZMB,Zambia,2032,0,0,<NA>,<NA>,0.920000000000000039968,both,1
yf-routine-campaign-default,"YF:YF,routine,with:default",YF,total,routine,ZMB,Zambia,2033,0,0,<NA>,<NA>,0.9300000000000000488498,both,1
yf-routine-campaign-default,"YF:YF,routine,with:default",YF,total,routine,ZMB,Zambia,2034,0,0,<NA>,<NA>,0.9400000000000000577316,both,1
yf-routine-campaign-default,"YF:YF,routine,with:default",YF,total,routine,ZMB,Zambia,2035,0,0,<NA>,<NA>,0.9499999999999999555911,both,1
yf-routine-campaign-default,"YF:YF,routine,with:default",YF,total,routine,ZMB,Zambia,2036,0,0,<NA>,<NA>,0.9499999999999999555911,both,1
yf-routine-campaign-default,"YF:YF,routine,with:default",YF,total,routine,ZMB,Zambia,2037,0,0,<NA>,<NA>,0.9499999999999999555911,both,1
yf-routine-campaign-default,"YF:YF,routine,with:default",YF,total,routine,ZMB,Zambia,2038,0,0,<NA>,<NA>,0.9499999999999999555911,both,1
yf-routine-campaign-default,"YF:YF,routine,with:default",YF,total,routine,ZMB,Zambia,2039,0,0,<NA>,<NA>,0.9499999999999999555911,both,1
yf-routine-campaign-default,"YF:YF,routine,with:default",YF,total,routine,ZMB,Zambia,2040,0,0,<NA>,<NA>,0.9499999999999999555911,both,1
yf-routine-campaign-default,"YF:YF,routine,with:default",YF,total,routine,ZMB,Zambia,2041,0,0,<NA>,<NA>,0.9499999999999999555911,both,1
yf-routine-campaign-default,"YF:YF,routine,with:default",YF,total,routine,ZMB,Zambia,2042,0,0,<NA>,<NA>,0.9499999999999999555911,both,1
yf-routine-campaign-default,"YF:YF,routine,with:default",YF,total,routine,ZMB,Zambia,2043,0,0,<NA>,<NA>,0.9499999999999999555911,both,1
yf-routine-campaign-default,"YF:YF,routine,with:default",YF,total,routine,ZMB,Zambia,2044,0,0,<NA>,<NA>,0.9499999999999999555911,both,1
yf-routine-campaign-default,"YF:YF,routine,with:default",YF,total,routine,ZMB,Zambia,2045,0,0,<NA>,<NA>,0.9499999999999999555911,both,1
yf-routine-campaign-default,"YF:YF,routine,with:default",YF,total,routine,ZMB,Zambia,2046,0,0,<NA>,<NA>,0.9499999999999999555911,both,1
yf-routine-campaign-default,"YF:YF,routine,with:default",YF,total,routine,ZMB,Zambia,2047,0,0,<NA>,<NA>,0.9499999999999999555911,both,1
yf-routine-campaign-default,"YF:YF,routine,with:default",YF,total,routine,ZMB,Zambia,2048,0,0,<NA>,<NA>,0.9499999999999999555911,both,1
yf-routine-campaign-default,"YF:YF,routine,with:default",YF,total,routine,ZMB,Zambia,2049,0,0,<NA>,<NA>,0.9499999999999999555911,both,1
yf-routine-campaign-default,"YF:YF,routine,with:default",YF,total,routine,ZMB,Zambia,2050,0,0,<NA>,<NA>,0.9499999999999999555911,both,1
yf-routine-campaign-default,"YF:YF,routine,with:default",YF,total,routine,ZMB,Zambia,2051,0,0,<NA>,<NA>,0.9499999999999999555911,both,1
yf-routine-campaign-default,"YF:YF,routine,with:default",YF,total,routine,ZMB,Zambia,2052,0,0,<NA>,<NA>,0.9499999999999999555911,both,1
yf-routine-campaign-default,"YF:YF,routine,with:default",YF,total,routine,ZMB,Zambia,2053,0,0,<NA>,<NA>,0.9499999999999999555911,both,1
yf-routine-campaign-default,"YF:YF,routine,with:default",YF,total,routine,ZMB,Zambia,2054,0,0,<NA>,<NA>,0.9499999999999999555911,both,1
yf-routine-campaign-default,"YF:YF,routine,with:default",YF,total,routine,ZMB,Zambia,2055,0,0,<NA>,<NA>,0.9499999999999999555911,both,1
yf-routine-campaign-default,"YF:YF,routine,with:default",YF,total,routine,ZMB,Zambia,2056,0,0,<NA>,<NA>,0.9499999999999999555911,both,1
yf-routine-campaign-default,"YF:YF,routine,with:default",YF,total,routine,ZMB,Zambia,2057,0,0,<NA>,<NA>,0.9499999999999999555911,both,1
yf-routine-campaign-default,"YF:YF,routine,with:default",YF,total,routine,ZMB,Zambia,2058,0,0,<NA>,<NA>,0.9499999999999999555911,both,1
yf-routine-campaign-default,"YF:YF,routine,with:default",YF,total,routine,ZMB,Zambia,2059,0,0,<NA>,<NA>,0.9499999999999999555911,both,1
yf-routine-campaign-default,"YF:YF,routine,with:default",YF,total,routine,ZMB,Zambia,2060,0,0,<NA>,<NA>,0.9499999999999999555911,both,1
yf-routine-campaign-default,"YF:YF,routine,with:default",YF,total,routine,ZMB,Zambia,2061,0,0,<NA>,<NA>,0.9499999999999999555911,both,1
yf-routine-campaign-default,"YF:YF,routine,with:default",YF,total,routine,ZMB,Zambia,2062,0,0,<NA>,<NA>,0.9499999999999999555911,both,1
yf-routine-campaign-default,"YF:YF,routine,with:default",YF,total,routine,ZMB,Zambia,2063,0,0,<NA>,<NA>,0.9499999999999999555911,both,1
yf-routine-campaign-default,"YF:YF,routine,with:default",YF,total,routine,ZMB,Zambia,2064,0,0,<NA>,<NA>,0.9499999999999999555911,both,1
yf-routine-campaign-default,"YF:YF,routine,with:default",YF,total,routine,ZMB,Zambia,2065,0,0,<NA>,<NA>,0.9499999999999999555911,both,1
yf-routine-campaign-default,"YF:YF,routine,with:default",YF,total,routine,ZMB,Zambia,2066,0,0,<NA>,<NA>,0.9499999999999999555911,both,1
yf-routine-campaign-default,"YF:YF,routine,with:default",YF,total,routine,ZMB,Zambia,2067,0,0,<NA>,<NA>,0.9499999999999999555911,both,1
yf-routine-campaign-default,"YF:YF,routine,with:default",YF,total,routine,ZMB,Zambia,2068,0,0,<NA>,<NA>,0.9499999999999999555911,both,1
yf-routine-campaign-default,"YF:YF,routine,with:default",YF,total,routine,ZMB,Zambia,2069,0,0,<NA>,<NA>,0.9499999999999999555911,both,1
yf-routine-campaign-default,"YF:YF,routine,with:default",YF,total,routine,ZMB,Zambia,2070,0,0,<NA>,<NA>,0.9499999999999999555911,both,1
yf-routine-campaign-default,"YF:YF,routine,with:default",YF,total,routine,ZMB,Zambia,2071,0,0,<NA>,<NA>,0.9499999999999999555911,both,1
yf-routine-campaign-default,"YF:YF,routine,with:default",YF,total,routine,ZMB,Zambia,2072,0,0,<NA>,<NA>,0.9499999999999999555911,both,1
yf-routine-campaign-default,"YF:YF,routine,with:default",YF,total,routine,ZMB,Zambia,2073,0,0,<NA>,<NA>,0.9499999999999999555911,both,1
yf-routine-campaign-default,"YF:YF,routine,with:default",YF,total,routine,ZMB,Zambia,2074,0,0,<NA>,<NA>,0.9499999999999999555911,both,1
yf-routine-campaign-default,"YF:YF,routine,with:default",YF,total,routine,ZMB,Zambia,2075,0,0,<NA>,<NA>,0.9499999999999999555911,both,1
yf-routine-campaign-default,"YF:YF,routine,with:default",YF,total,routine,ZMB,Zambia,2076,0,0,<NA>,<NA>,0.9499999999999999555911,both,1
yf-routine-campaign-default,"YF:YF,routine,with:default",YF,total,routine,ZMB,Zambia,2077,0,0,<NA>,<NA>,0.9499999999999999555911,both,1
yf-routine-campaign-default,"YF:YF,routine,with:default",YF,total,routine,ZMB,Zambia,2078,0,0,<NA>,<NA>,0.9499999999999999555911,both,1
yf-routine-campaign-default,"YF:YF,routine,with:default",YF,total,routine,ZMB,Zambia,2079,0,0,<NA>,<NA>,0.9499999999999999555911,both,1
yf-routine-campaign-default,"YF:YF,routine,with:default",YF,total,routine,ZMB,Zambia,2080,0,0,<NA>,<NA>,0.9499999999999999555911,both,1
yf-routine-campaign-default,"YF:YF,routine,with:default",YF,total,routine,ZMB,Zambia,2081,0,0,<NA>,<NA>,0.9499999999999999555911,both,1
yf-routine-campaign-default,"YF:YF,routine,with:default",YF,total,routine,ZMB,Zambia,2082,0,0,<NA>,<NA>,0.9499999999999999555911,both,1
yf-routine-campaign-default,"YF:YF,routine,with:default",YF,total,routine,ZMB,Zambia,2083,0,0,<NA>,<NA>,0.9499999999999999555911,both,1
yf-routine-campaign-default,"YF:YF,routine,with:default",YF,total,routine,ZMB,Zambia,2084,0,0,<NA>,<NA>,0.9499999999999999555911,both,1
yf-routine-campaign-default,"YF:YF,routine,with:default",YF,total,routine,ZMB,Zambia,2085,0,0,<NA>,<NA>,0.9499999999999999555911,both,1
yf-routine-campaign-default,"YF:YF,routine,with:default",YF,total,routine,ZMB,Zambia,2086,0,0,<NA>,<NA>,0.9499999999999999555911,both,1
yf-routine-campaign-default,"YF:YF,routine,with:default",YF,total,routine,ZMB,Zambia,2087,0,0,<NA>,<NA>,0.9499999999999999555911,both,1
yf-routine-campaign-default,"YF:YF,routine,with:default",YF,total,routine,ZMB,Zambia,2088,0,0,<NA>,<NA>,0.9499999999999999555911,both,1
yf-routine-campaign-default,"YF:YF,routine,with:default",YF,total,routine,ZMB,Zambia,2089,0,0,<NA>,<NA>,0.9499999999999999555911,both,1
yf-routine-campaign-default,"YF:YF,routine,with:default",YF,total,routine,ZMB,Zambia,2090,0,0,<NA>,<NA>,0.9499999999999999555911,both,1
yf-routine-campaign-default,"YF:YF,routine,with:default",YF,total,routine,ZMB,Zambia,2091,0,0,<NA>,<NA>,0.9499999999999999555911,both,1
yf-routine-campaign-default,"YF:YF,routine,with:default",YF,total,routine,ZMB,Zambia,2092,0,0,<NA>,<NA>,0.9499999999999999555911,both,1
yf-routine-campaign-default,"YF:YF,routine,with:default",YF,total,routine,ZMB,Zambia,2093,0,0,<NA>,<NA>,0.9499999999999999555911,both,1
yf-routine-campaign-default,"YF:YF,routine,with:default",YF,total,routine,ZMB,Zambia,2094,0,0,<NA>,<NA>,0.9499999999999999555911,both,1
yf-routine-campaign-default,"YF:YF,routine,with:default",YF,total,routine,ZMB,Zambia,2095,0,0,<NA>,<NA>,0.9499999999999999555911,both,1
yf-routine-campaign-default,"YF:YF,routine,with:default",YF,total,routine,ZMB,Zambia,2096,0,0,<NA>,<NA>,0.9499999999999999555911,both,1
yf-routine-campaign-default,"YF:YF,routine,with:default",YF,total,routine,ZMB,Zambia,2097,0,0,<NA>,<NA>,0.9499999999999999555911,both,1
yf-routine-campaign-default,"YF:YF,routine,with:default",YF,total,routine,ZMB,Zambia,2098,0,0,<NA>,<NA>,0.9499999999999999555911,both,1
yf-routine-campaign-default,"YF:YF,routine,with:default",YF,total,routine,ZMB,Zambia,2099,0,0,<NA>,<NA>,0.9499999999999999555911,both,1
yf-routine-campaign-default,"YF:YF,routine,with:default",YF,total,routine,ZMB,Zambia,2100,0,0,<NA>,<NA>,0.9499999999999999555911,both,1
