scenario,set_name,vaccine,gavi_support,activity_type,country_code,country,year,age_first,age_last,age_range_verbatim,target,coverage,gender,proportion_risk
cholera-ocv1-ocv2-default,"Cholera:OCV1,campaign,with:default",OCV1,total,campaign,AFG,Afghanistan,2025,1,100,default age groups,43090677.5,0.561536457085638929243,both,1
cholera-ocv1-ocv2-default,"Cholera:OCV1,campaign,with:default",OCV1,total,campaign,AFG,Afghanistan,2028,1,100,default age groups,46535039,0.5615364570856390402653,both,1
cholera-ocv1-ocv2-default,"Cholera:OCV1,campaign,with:default",OCV1,total,campaign,AFG,Afghanistan,2031,1,100,default age groups,50028077,0.561536457085638929243,both,1
cholera-ocv1-ocv2-default,"Cholera:OCV1,campaign,with:default",OCV1,total,campaign,AFG,Afghanistan,2034,1,100,default age groups,53550586,0.561536457085638929243,both,1
cholera-ocv1-ocv2-default,"Cholera:OCV1,campaign,with:default",OCV1,total,campaign,AFG,Afghanistan,2037,1,100,default age groups,57077641.5,0.561536457085638929243,both,1
cholera-ocv1-ocv2-default,"Cholera:OCV1,campaign,with:default",OCV1,total,campaign,AFG,Afghanistan,2040,1,100,default age groups,60633538.5,0.561536457085638929243,both,1
cholera-ocv1-ocv2-default,"Cholera:OCV1,campaign,with:default",OCV1,total,campaign,AGO,Angola,2025,1,100,default age groups,37579274.5,0.0250834782014924019544,both,1
cholera-ocv1-ocv2-default,"Cholera:OCV1,campaign,with:default",OCV1,total,campaign,AGO,Angola,2028,1,100,default age groups,41034171,0.0250834782014924054239,both,1
cholera-ocv1-ocv2-default,"Cholera:OCV1,campaign,with:default",OCV1,total,campaign,AGO,Angola,2031,1,100,default age groups,44654622.5,0.0250834782014924019544,both,1
cholera-ocv1-ocv2-default,"Cholera:OCV1,campaign,with:default",OCV1,total,campaign,AGO,Angola,2034,1,100,default age groups,48434834.5,0.0250834782014924019544,both,1
cholera-ocv1-ocv2-default,"Cholera:OCV1,campaign,with:default",OCV1,total,campaign,AGO,Angola,2037,1,100,default age groups,52357786.5,0.0250834782014924019544,both,1
cholera-ocv1-ocv2-default,"Cholera:OCV1,campaign,with:default",OCV1,total,campaign,AGO,Angola,2040,1,100,default age groups,56407158,0.0250834782014924019544,both,1
cholera-ocv1-ocv2-default,"Cholera:OCV1,campaign,with:default",OCV1,total,campaign,BDI,Burundi,2025,1,100,default age groups,13513143.5,0.0567599124006340077786,both,1
cholera-ocv1-ocv2-default,"Cholera:OCV1,campaign,with:default",OCV1,total,campaign,BDI,Burundi,2028,1,100,default age groups,14589098,0.0567599124006340008397,both,1
cholera-ocv1-ocv2-default,"Cholera:OCV1,campaign,with:default",OCV1,total,campaign,BDI,Burundi,2031,1,100,default age groups,15710549.5,0.0567599124006340077786,both,1
cholera-ocv1-ocv2-default,"Cholera:OCV1,campaign,with:default",OCV1,total,campaign,BDI,Burundi,2034,1,100,default age groups,16883203.5,0.0567599124006340077786,both,1
cholera-ocv1-ocv2-default,"Cholera:OCV1,campaign,with:default",OCV1,total,campaign,BDI,Burundi,2037,1,100,default age groups,18113671,0.0567599124006340077786,both,1
cholera-ocv1-ocv2-default,"Cholera:OCV1,campaign,with:default",OCV1,total,campaign,BDI,Burundi,2040,1,100,default age groups,19384761.5,0.0567599124006340077786,both,1
cholera-ocv1-ocv2-default,"Cholera:OCV1,campaign,with:default",OCV1,total,campaign,BEN,Benin,2025,1,100,default age groups,13978635,0.0269942286481188072067,both,1
cholera-ocv1-ocv2-default,"Cholera:OCV1,campaign,with:default",OCV1,total,campaign,BEN,Benin,2028,1,100,default age groups,15108644.5,0.0269942286481188037373,both,1
cholera-ocv1-ocv2-default,"Cholera:OCV1,campaign,with:default",OCV1,total,campaign,BEN,Benin,2031,1,100,default age groups,16280062,0.0269942286481188037373,both,1
cholera-ocv1-ocv2-default,"Cholera:OCV1,campaign,with:default",OCV1,total,campaign,BEN,Benin,2034,1,100,default age groups,17493021.5,0.0269942286481188037373,both,1
cholera-ocv1-ocv2-default,"Cholera:OCV1,campaign,with:default",OCV1,total,campaign,BEN,Benin,2037,1,100,default age groups,18745717.5,0.0269942286481188072067,both,1
cholera-ocv1-ocv2-default,"Cholera:OCV1,campaign,with:default",OCV1,total,campaign,BEN,Benin,2040,1,100,default age groups,20039122,0.0269942286481188072067,both,1
cholera-ocv1-ocv2-default,"Cholera:OCV1,campaign,with:default",OCV1,total,campaign,BFA,Burkina Faso,2025,1,100,default age groups,23653603.5,0.0240273421352545403507,both,1
cholera-ocv1-ocv2-default,"Cholera:OCV1,campaign,with:default",OCV1,total,campaign,BFA,Burkina Faso,2028,1,100,default age groups,25456210.5,0.0240273421352545334118,both,1
cholera-ocv1-ocv2-default,"Cholera:OCV1,campaign,with:default",OCV1,total,campaign,BFA,Burkina Faso,2031,1,100,default age groups,27319398,0.0240273421352545368812,both,1
cholera-ocv1-ocv2-default,"Cholera:OCV1,campaign,with:default",OCV1,total,campaign,BFA,Burkina Faso,2034,1,100,default age groups,29236659,0.0240273421352545368812,both,1
cholera-ocv1-ocv2-default,"Cholera:OCV1,campaign,with:default",OCV1,total,campaign,BFA,Burkina Faso,2037,1,100,default age groups,31190262,0.0240273421352545403507,both,1
cholera-ocv1-ocv2-default,"Cholera:OCV1,campaign,with:default",OCV1,total,campaign,BFA,Burkina Faso,2040,1,100,default age groups,33153969.5,0.0240273421352545403507,both,1
cholera-ocv1-ocv2-default,"Cholera:OCV1,campaign,with:default",OCV1,total,campaign,BGD,Bangladesh,2011,1,100,default age groups,147179293,0.0002386273183144044479,both,1
cholera-ocv1-ocv2-default,"Cholera:OCV1,campaign,with:default",OCV1,total,campaign,BGD,Bangladesh,2020,1,100,default age groups,164456840,0.0072237798075166712031,both,1
cholera-ocv1-ocv2-default,"Cholera:OCV1,campaign,with:default",OCV1,total,campaign,BGD,Bangladesh,2025,1,100,default age groups,173503172.5,0.3726075837704510562709,both,1
cholera-ocv1-ocv2-default,"Cholera:OCV1,campaign,with:default",OCV1,total,campaign,BGD,Bangladesh,2028,1,100,default age groups,178501298,0.3726075837704510562709,both,1
cholera-ocv1-ocv2-default,"Cholera:OCV1,campaign,with:default",OCV1,total,campaign,BGD,Bangladesh,2031,1,100,default age groups,183114410,0.3726075837704510562709,both,1
cholera-ocv1-ocv2-default,"Cholera:OCV1,campaign,with:default",OCV1,total,campaign,BGD,Bangladesh,2034,1,100,default age groups,187254005.5,0.3726075837704510007597,both,1
cholera-ocv1-ocv2-default,"Cholera:OCV1,campaign,with:default",OCV1,total,campaign,BGD,Bangladesh,2037,1,100,default age groups,190901043.5,0.3726075837704511117821,both,1
cholera-ocv1-ocv2-default,"Cholera:OCV1,campaign,with:default",OCV1,total,campaign,BGD,Bangladesh,2040,1,100,default age groups,194037128.5,0.3726075837704511117821,both,1
cholera-ocv1-ocv2-default,"Cholera:OCV1,campaign,with:default",OCV1,total,campaign,CAF,Central African Republic,2025,1,100,default age groups,5855408,0.0131597687827062666266,both,1
cholera-ocv1-ocv2-default,"Cholera:OCV1,campaign,with:default",OCV1,total,campaign,CAF,Central African Republic,2028,1,100,default age groups,6424109.5,0.0131597687827062666266,both,1
cholera-ocv1-ocv2-default,"Cholera:OCV1,campaign,with:default",OCV1,total,campaign,CAF,Central African Republic,2031,1,100,default age groups,7043251,0.0131597687827062648919,both,1
cholera-ocv1-ocv2-default,"Cholera:OCV1,campaign,with:default",OCV1,total,campaign,CAF,Central African Republic,2034,1,100,default age groups,7691558,0.0131597687827062666266,both,1
cholera-ocv1-ocv2-default,"Cholera:OCV1,campaign,with:default",OCV1,total,campaign,CAF,Central African Republic,2037,1,100,default age groups,8356456.5,0.0131597687827062666266,both,1
cholera-ocv1-ocv2-default,"Cholera:OCV1,campaign,with:default",OCV1,total,campaign,CAF,Central African Republic,2040,1,100,default age groups,9023125.5,0.0131597687827062666266,both,1
cholera-ocv1-ocv2-default,"Cholera:OCV1,campaign,with:default",OCV1,total,campaign,CIV,Cote d'Ivoire,2025,1,100,default age groups,29402681.5,0.0496529653028730047493,both,1
cholera-ocv1-ocv2-default,"Cholera:OCV1,campaign,with:default",OCV1,total,campaign,CIV,Cote d'Ivoire,2028,1,100,default age groups,31642916.5,0.0496529653028730047493,both,1
cholera-ocv1-ocv2-default,"Cholera:OCV1,campaign,with:default",OCV1,total,campaign,CIV,Cote d'Ivoire,2031,1,100,default age groups,33981922,0.0496529653028730047493,both,1
cholera-ocv1-ocv2-default,"Cholera:OCV1,campaign,with:default",OCV1,total,campaign,CIV,Cote d'Ivoire,2034,1,100,default age groups,36411442.5,0.0496529653028729978104,both,1
cholera-ocv1-ocv2-default,"Cholera:OCV1,campaign,with:default",OCV1,total,campaign,CIV,Cote d'Ivoire,2037,1,100,default age groups,38905670.5,0.0496529653028730047493,both,1
cholera-ocv1-ocv2-default,"Cholera:OCV1,campaign,with:default",OCV1,total,campaign,CIV,Cote d'Ivoire,2040,1,100,default age groups,41442825.5,0.0496529653028730047493,both,1
cholera-ocv1-ocv2-default,"Cholera:OCV1,campaign,with:default",OCV1,total,campaign,CMR,Cameroon,2025,1,100,default age groups,29202773,0.3329104065594854500176,both,1
cholera-ocv1-ocv2-default,"Cholera:OCV1,campaign,with:default",OCV1,total,campaign,CMR,Cameroon,2028,1,100,default age groups,31483750,0.3329104065594854500176,both,1
cholera-ocv1-ocv2-default,"Cholera:OCV1,campaign,with:default",OCV1,total,campaign,CMR,Cameroon,2031,1,100,default age groups,33835608.5,0.3329104065594855055288,both,1
cholera-ocv1-ocv2-default,"Cholera:OCV1,campaign,with:default",OCV1,total,campaign,CMR,Cameroon,2034,1,100,default age groups,36250613,0.3329104065594855055288,both,1
cholera-ocv1-ocv2-default,"Cholera:OCV1,campaign,with:default",OCV1,total,campaign,CMR,Cameroon,2037,1,100,default age groups,38738000,0.3329104065594855055288,both,1
cholera-ocv1-ocv2-default,"Cholera:OCV1,campaign,with:default",OCV1,total,campaign,CMR,Cameroon,2040,1,100,default age groups,41290607,0.3329104065594855055288,both,1
cholera-ocv1-ocv2-default,"Cholera:OCV1,campaign,with:default",OCV1,total,campaign,COD,"Congo, the Democratic Republic of the",2014,1,100,default age groups,72901346,0.0000184907422696969139,both,1
cholera-ocv1-ocv2-default,"Cholera:OCV1,campaign,with:default",OCV1,total,campaign,COD,"Congo, the Democratic Republic of the",2021,1,100,default age groups,92080802.5,0.0351142899737434399654,both,1
cholera-ocv1-ocv2-default,"Cholera:OCV1,campaign,with:default",OCV1,total,campaign,COD,"Congo, the Democratic Republic of the",2022,1,100,default age groups,95094161,0.0198243086660178854941,both,1
cholera-ocv1-ocv2-default,"Cholera:OCV1,campaign,with:default",OCV1,total,campaign,COD,"Congo, the Democratic Republic of the",2025,1,100,default age groups,104861468,0.29851713964600240514,both,1
cholera-ocv1-ocv2-default,"Cholera:OCV1,campaign,with:default",OCV1,total,campaign,COD,"Congo, the Democratic Republic of the",2028,1,100,default age groups,115411644,0.2985171396460025161623,both,1
cholera-ocv1-ocv2-default,"Cholera:OCV1,campaign,with:default",OCV1,total,campaign,COD,"Congo, the Democratic Republic of the",2031,1,100,default age groups,126714270,0.2985171396460024606512,both,1
cholera-ocv1-ocv2-default,"Cholera:OCV1,campaign,with:default",OCV1,total,campaign,COD,"Congo, the Democratic Republic of the",2034,1,100,default age groups,138703014.5,0.2985171396460025161623,both,1
cholera-ocv1-ocv2-default,"Cholera:OCV1,campaign,with:default",OCV1,total,campaign,COD,"Congo, the Democratic Republic of the",2037,1,100,default age groups,151339862.5,0.2985171396460024606512,both,1
cholera-ocv1-ocv2-default,"Cholera:OCV1,campaign,with:default",OCV1,total,campaign,COD,"Congo, the Democratic Republic of the",2040,1,100,default age groups,164457897.5,0.2985171396460024606512,both,1
cholera-ocv1-ocv2-default,"Cholera:OCV1,campaign,with:default",OCV1,total,campaign,COG,Congo,2025,1,100,default age groups,6203951.5,0.1835913315116632915647,both,1
cholera-ocv1-ocv2-default,"Cholera:OCV1,campaign,with:default",OCV1,total,campaign,COG,Congo,2028,1,100,default age groups,6625331,0.1835913315116632915647,both,1
cholera-ocv1-ocv2-default,"Cholera:OCV1,campaign,with:default",OCV1,total,campaign,COG,Congo,2031,1,100,default age groups,7068634,0.1835913315116632638091,both,1
cholera-ocv1-ocv2-default,"Cholera:OCV1,campaign,with:default",OCV1,total,campaign,COG,Congo,2034,1,100,default age groups,7531029.5,0.1835913315116632638091,both,1
cholera-ocv1-ocv2-default,"Cholera:OCV1,campaign,with:default",OCV1,total,campaign,COG,Congo,2037,1,100,default age groups,8008622,0.1835913315116632915647,both,1
cholera-ocv1-ocv2-default,"Cholera:OCV1,campaign,with:default",OCV1,total,campaign,COG,Congo,2040,1,100,default age groups,8495826,0.1835913315116632915647,both,1
cholera-ocv1-ocv2-default,"Cholera:OCV1,campaign,with:default",OCV1,total,campaign,DZA,Algeria,2025,1,100,default age groups,46076155.5,0.0849999999999999922284,both,1
cholera-ocv1-ocv2-default,"Cholera:OCV1,campaign,with:default",OCV1,total,campaign,DZA,Algeria,2028,1,100,default age groups,47911402,0.0849999999999999922284,both,1
cholera-ocv1-ocv2-default,"Cholera:OCV1,campaign,with:default",OCV1,total,campaign,DZA,Algeria,2031,1,100,default age groups,49550361,0.0849999999999999922284,both,1
cholera-ocv1-ocv2-default,"Cholera:OCV1,campaign,with:default",OCV1,total,campaign,DZA,Algeria,2034,1,100,default age groups,51079481.5,0.0849999999999999922284,both,1
cholera-ocv1-ocv2-default,"Cholera:OCV1,campaign,with:default",OCV1,total,campaign,DZA,Algeria,2037,1,100,default age groups,52580505,0.0849999999999999922284,both,1
cholera-ocv1-ocv2-default,"Cholera:OCV1,campaign,with:default",OCV1,total,campaign,DZA,Algeria,2040,1,100,default age groups,54093271.5,0.0849999999999999922284,both,1
cholera-ocv1-ocv2-default,"Cholera:OCV1,campaign,with:default",OCV1,total,campaign,ETH,Ethiopia,2021,1,100,default age groups,116529023.5,0.0084957375447327933282,both,1
cholera-ocv1-ocv2-default,"Cholera:OCV1,campaign,with:default",OCV1,total,campaign,ETH,Ethiopia,2025,1,100,default age groups,129041076.5,0.0829258595147116805979,both,1
cholera-ocv1-ocv2-default,"Cholera:OCV1,campaign,with:default",OCV1,total,campaign,ETH,Ethiopia,2028,1,100,default age groups,138725487.5,0.0829258595147116805979,both,1
cholera-ocv1-ocv2-default,"Cholera:OCV1,campaign,with:default",OCV1,total,campaign,ETH,Ethiopia,2031,1,100,default age groups,148540248.5,0.0829258595147116805979,both,1
cholera-ocv1-ocv2-default,"Cholera:OCV1,campaign,with:default",OCV1,total,campaign,ETH,Ethiopia,2034,1,100,default age groups,158358230.5,0.0829258595147116805979,both,1
cholera-ocv1-ocv2-default,"Cholera:OCV1,campaign,with:default",OCV1,total,campaign,ETH,Ethiopia,2037,1,100,default age groups,168132811,0.0829258595147116944757,both,1
cholera-ocv1-ocv2-default,"Cholera:OCV1,campaign,with:default",OCV1,total,campaign,ETH,Ethiopia,2040,1,100,default age groups,177868196,0.0829258595147116805979,both,1
cholera-ocv1-ocv2-default,"Cholera:OCV1,campaign,with:default",OCV1,total,campaign,GHA,Ghana,2025,1,100,default age groups,34550181,0.3430299282676884109478,both,1
cholera-ocv1-ocv2-default,"Cholera:OCV1,campaign,with:default",OCV1,total,campaign,GHA,Ghana,2028,1,100,default age groups,36526098,0.3430299282676884109478,both,1
cholera-ocv1-ocv2-default,"Cholera:OCV1,campaign,with:default",OCV1,total,campaign,GHA,Ghana,2031,1,100,default age groups,38518360.5,0.3430299282676884109478,both,1
cholera-ocv1-ocv2-default,"Cholera:OCV1,campaign,with:default",OCV1,total,campaign,GHA,Ghana,2034,1,100,default age groups,40522592.5,0.3430299282676884109478,both,1
cholera-ocv1-ocv2-default,"Cholera:OCV1,campaign,with:default",OCV1,total,campaign,GHA,Ghana,2037,1,100,default age groups,42549910,0.3430299282676884664589,both,1
cholera-ocv1-ocv2-default,"Cholera:OCV1,campaign,with:default",OCV1,total,campaign,GHA,Ghana,2040,1,100,default age groups,44595836,0.3430299282676883554366,both,1
cholera-ocv1-ocv2-default,"Cholera:OCV1,campaign,with:default",OCV1,total,campaign,GIN,Guinea,2012,1,100,default age groups,10399335.5,0.0008494773536251426895,both,1
cholera-ocv1-ocv2-default,"Cholera:OCV1,campaign,with:default",OCV1,total,campaign,GIN,Guinea,2025,1,100,default age groups,14416784,0.2245146703311592106811,both,1
cholera-ocv1-ocv2-default,"Cholera:OCV1,campaign,with:default",OCV1,total,campaign,GIN,Guinea,2028,1,100,default age groups,15451837,0.2245146703311592384367,both,1
cholera-ocv1-ocv2-default,"Cholera:OCV1,campaign,with:default",OCV1,total,campaign,GIN,Guinea,2031,1,100,default age groups,16500097.5,0.2245146703311591829255,both,1
cholera-ocv1-ocv2-default,"Cholera:OCV1,campaign,with:default",OCV1,total,campaign,GIN,Guinea,2034,1,100,default age groups,17559336,0.2245146703311592106811,both,1
cholera-ocv1-ocv2-default,"Cholera:OCV1,campaign,with:default",OCV1,total,campaign,GIN,Guinea,2037,1,100,default age groups,18625150.5,0.2245146703311592384367,both,1
cholera-ocv1-ocv2-default,"Cholera:OCV1,campaign,with:default",OCV1,total,campaign,GIN,Guinea,2040,1,100,default age groups,19686391.5,0.2245146703311592106811,both,1
cholera-ocv1-ocv2-default,"Cholera:OCV1,campaign,with:default",OCV1,total,campaign,GNB,Guinea-Bissau,2025,1,100,default age groups,2181296.5,0.3805308112868508452209,both,1
cholera-ocv1-ocv2-default,"Cholera:OCV1,campaign,with:default",OCV1,total,campaign,GNB,Guinea-Bissau,2028,1,100,default age groups,2322969,0.3805308112868508452209,both,1
cholera-ocv1-ocv2-default,"Cholera:OCV1,campaign,with:default",OCV1,total,campaign,GNB,Guinea-Bissau,2031,1,100,default age groups,2467201.5,0.3805308112868508452209,both,1
cholera-ocv1-ocv2-default,"Cholera:OCV1,campaign,with:default",OCV1,total,campaign,GNB,Guinea-Bissau,2034,1,100,default age groups,2613153.5,0.3805308112868508452209,both,1
cholera-ocv1-ocv2-default,"Cholera:OCV1,campaign,with:default",OCV1,total,campaign,GNB,Guinea-Bissau,2037,1,100,default age groups,2760125.5,0.3805308112868507897097,both,1
cholera-ocv1-ocv2-default,"Cholera:OCV1,campaign,with:default",OCV1,total,campaign,GNB,Guinea-Bissau,2040,1,100,default age groups,2906536.5,0.3805308112868508452209,both,1
cholera-ocv1-ocv2-default,"Cholera:OCV1,campaign,with:default",OCV1,total,campaign,HTI,Haiti,2013,1,100,default age groups,10004894.5,0.000013093591341717797,both,1
cholera-ocv1-ocv2-default,"Cholera:OCV1,campaign,with:default",OCV1,total,campaign,HTI,Haiti,2025,1,100,default age groups,11753010,0.5100000000000000088818,both,1
cholera-ocv1-ocv2-default,"Cholera:OCV1,campaign,with:default",OCV1,total,campaign,HTI,Haiti,2028,1,100,default age groups,12174444.5,0.5100000000000000088818,both,1
cholera-ocv1-ocv2-default,"Cholera:OCV1,campaign,with:default",OCV1,total,campaign,HTI,Haiti,2031,1,100,default age groups,12582019.5,0.5100000000000000088818,both,1
cholera-ocv1-ocv2-default,"Cholera:OCV1,campaign,with:default",OCV1,total,campaign,HTI,Haiti,2034,1,100,default age groups,12979250,0.5100000000000000088818,both,1
cholera-ocv1-ocv2-default,"Cholera:OCV1,campaign,with:default",OCV1,total,campaign,HTI,Haiti,2037,1,100,default age groups,13367605,0.5100000000000000088818,both,1
cholera-ocv1-ocv2-default,"Cholera:OCV1,campaign,with:default",OCV1,total,campaign,HTI,Haiti,2040,1,100,default age groups,13743463,0.5100000000000000088818,both,1
cholera-ocv1-ocv2-default,"Cholera:OCV1,campaign,with:default",OCV1,total,campaign,IND,India,2011,1,100,default age groups,1232087741.5,0.0000256085658003440186,both,1
cholera-ocv1-ocv2-default,"Cholera:OCV1,campaign,with:default",OCV1,total,campaign,IND,India,2025,1,100,default age groups,1432089617,0.2222343760148197677751,both,1
cholera-ocv1-ocv2-default,"Cholera:OCV1,campaign,with:default",OCV1,total,campaign,IND,India,2028,1,100,default age groups,1469367477,0.2222343760148197677751,both,1
cholera-ocv1-ocv2-default,"Cholera:OCV1,campaign,with:default",OCV1,total,campaign,IND,India,2031,1,100,default age groups,1504189534,0.2222343760148197677751,both,1
cholera-ocv1-ocv2-default,"Cholera:OCV1,campaign,with:default",OCV1,total,campaign,IND,India,2034,1,100,default age groups,1536254267,0.2222343760148197677751,both,1
cholera-ocv1-ocv2-default,"Cholera:OCV1,campaign,with:default",OCV1,total,campaign,IND,India,2037,1,100,default age groups,1565220827.5,0.2222343760148197400195,both,1
cholera-ocv1-ocv2-default,"Cholera:OCV1,campaign,with:default",OCV1,total,campaign,IND,India,2040,1,100,default age groups,1590929228.5,0.2222343760148197400195,both,1
cholera-ocv1-ocv2-default,"Cholera:OCV1,campaign,with:default",OCV1,total,campaign,IRN,"Iran, Islamic Republic of",2025,1,100,default age groups,89313488.5,0.001471818952857394721,both,1
cholera-ocv1-ocv2-default,"Cholera:OCV1,campaign,with:default",OCV1,total,campaign,IRN,"Iran, Islamic Republic of",2028,1,100,default age groups,90971578.5,0.0014718189528573949378,both,1
cholera-ocv1-ocv2-default,"Cholera:OCV1,campaign,with:default",OCV1,total,campaign,IRN,"Iran, Islamic Republic of",2031,1,100,default age groups,92343507.5,0.001471818952857394721,both,1
cholera-ocv1-ocv2-default,"Cholera:OCV1,campaign,with:default",OCV1,total,campaign,IRN,"Iran, Islamic Republic of",2034,1,100,default age groups,93507659.5,0.0014718189528573949378,both,1
cholera-ocv1-ocv2-default,"Cholera:OCV1,campaign,with:default",OCV1,total,campaign,IRN,"Iran, Islamic Republic of",2037,1,100,default age groups,94538686,0.001471818952857394721,both,1
cholera-ocv1-ocv2-default,"Cholera:OCV1,campaign,with:default",OCV1,total,campaign,IRN,"Iran, Islamic Republic of",2040,1,100,default age groups,95482710,0.0014718189528573949378,both,1
cholera-ocv1-ocv2-default,"Cholera:OCV1,campaign,with:default",OCV1,total,campaign,IRQ,Iraq,2015,1,100,default age groups,36580052.5,0.0000554133237541285065,both,1
cholera-ocv1-ocv2-default,"Cholera:OCV1,campaign,with:default",OCV1,total,campaign,IRQ,Iraq,2025,1,100,default age groups,46337796,0.0556384865344593249059,both,1
cholera-ocv1-ocv2-default,"Cholera:OCV1,campaign,with:default",OCV1,total,campaign,IRQ,Iraq,2028,1,100,default age groups,49419800.5,0.055638486534459317967,both,1
cholera-ocv1-ocv2-default,"Cholera:OCV1,campaign,with:default",OCV1,total,campaign,IRQ,Iraq,2031,1,100,default age groups,52577343,0.0556384865344593249059,both,1
cholera-ocv1-ocv2-default,"Cholera:OCV1,campaign,with:default",OCV1,total,campaign,IRQ,Iraq,2034,1,100,default age groups,55817145.5,0.055638486534459317967,both,1
cholera-ocv1-ocv2-default,"Cholera:OCV1,campaign,with:default",OCV1,total,campaign,IRQ,Iraq,2037,1,100,default age groups,59107344.5,0.0556384865344593249059,both,1
cholera-ocv1-ocv2-default,"Cholera:OCV1,campaign,with:default",OCV1,total,campaign,IRQ,Iraq,2040,1,100,default age groups,62401110,0.0556384865344593249059,both,1
cholera-ocv1-ocv2-default,"Cholera:OCV1,campaign,with:default",OCV1,total,campaign,KEN,Kenya,2023,1,100,default age groups,53640111,0.0000491352450780722734,both,1
cholera-ocv1-ocv2-default,"Cholera:OCV1,campaign,with:default",OCV1,total,campaign,KEN,Kenya,2025,1,100,default age groups,55829725,0.0770136648824114727896,both,1
cholera-ocv1-ocv2-default,"Cholera:OCV1,campaign,with:default",OCV1,total,campaign,KEN,Kenya,2028,1,100,default age groups,59210291.5,0.0770136648824114589118,both,1
cholera-ocv1-ocv2-default,"Cholera:OCV1,campaign,with:default",OCV1,total,campaign,KEN,Kenya,2031,1,100,default age groups,62685150,0.0770136648824114727896,both,1
cholera-ocv1-ocv2-default,"Cholera:OCV1,campaign,with:default",OCV1,total,campaign,KEN,Kenya,2034,1,100,default age groups,66210349.5,0.0770136648824114727896,both,1
cholera-ocv1-ocv2-default,"Cholera:OCV1,campaign,with:default",OCV1,total,campaign,KEN,Kenya,2037,1,100,default age groups,69712503,0.0770136648824114727896,both,1
cholera-ocv1-ocv2-default,"Cholera:OCV1,campaign,with:default",OCV1,total,campaign,KEN,Kenya,2040,1,100,default age groups,73129686.5,0.0770136648824114727896,both,1
cholera-ocv1-ocv2-default,"Cholera:OCV1,campaign,with:default",OCV1,total,campaign,LBR,Liberia,2025,1,100,default age groups,5494088.5,0.0361444133055280614197,both,1
cholera-ocv1-ocv2-default,"Cholera:OCV1,campaign,with:default",OCV1,total,campaign,LBR,Liberia,2028,1,100,default age groups,5858366.5,0.0361444133055280614197,both,1
cholera-ocv1-ocv2-default,"Cholera:OCV1,campaign,with:default",OCV1,total,campaign,LBR,Liberia,2031,1,100,default age groups,6235776,0.0361444133055280614197,both,1
cholera-ocv1-ocv2-default,"Cholera:OCV1,campaign,with:default",OCV1,total,campaign,LBR,Liberia,2034,1,100,default age groups,6621846,0.0361444133055280614197,both,1
cholera-ocv1-ocv2-default,"Cholera:OCV1,campaign,with:default",OCV1,total,campaign,LBR,Liberia,2037,1,100,default age groups,7013785,0.0361444133055280614197,both,1
cholera-ocv1-ocv2-default,"Cholera:OCV1,campaign,with:default",OCV1,total,campaign,LBR,Liberia,2040,1,100,default age groups,7409019,0.0361444133055280614197,both,1
cholera-ocv1-ocv2-default,"Cholera:OCV1,campaign,with:default",OCV1,total,campaign,MDG,Madagascar,2025,1,100,default age groups,30889599,0.8499999999999999777955,both,1
cholera-ocv1-ocv2-default,"Cholera:OCV1,campaign,with:default",OCV1,total,campaign,MDG,Madagascar,2028,1,100,default age groups,33122145.5,0.8499999999999999777955,both,1
cholera-ocv1-ocv2-default,"Cholera:OCV1,campaign,with:default",OCV1,total,campaign,MDG,Madagascar,2031,1,100,default age groups,35415209,0.8499999999999999777955,both,1
cholera-ocv1-ocv2-default,"Cholera:OCV1,campaign,with:default",OCV1,total,campaign,MDG,Madagascar,2034,1,100,default age groups,37749808,0.8499999999999999777955,both,1
cholera-ocv1-ocv2-default,"Cholera:OCV1,campaign,with:default",OCV1,total,campaign,MDG,Madagascar,2037,1,100,default age groups,40109870.5,0.8499999999999999777955,both,1
cholera-ocv1-ocv2-default,"Cholera:OCV1,campaign,with:default",OCV1,total,campaign,MDG,Madagascar,2040,1,100,default age groups,42488709.5,0.8499999999999998667732,both,1
cholera-ocv1-ocv2-default,"Cholera:OCV1,campaign,with:default",OCV1,total,campaign,MLI,Mali,2025,1,100,default age groups,23816378.5,0.0467185642295473921304,both,1
cholera-ocv1-ocv2-default,"Cholera:OCV1,campaign,with:default",OCV1,total,campaign,MLI,Mali,2028,1,100,default age groups,26085077.5,0.0467185642295473921304,both,1
cholera-ocv1-ocv2-default,"Cholera:OCV1,campaign,with:default",OCV1,total,campaign,MLI,Mali,2031,1,100,default age groups,28495502.5,0.0467185642295473921304,both,1
cholera-ocv1-ocv2-default,"Cholera:OCV1,campaign,with:default",OCV1,total,campaign,MLI,Mali,2034,1,100,default age groups,31045943,0.0467185642295473921304,both,1
cholera-ocv1-ocv2-default,"Cholera:OCV1,campaign,with:default",OCV1,total,campaign,MLI,Mali,2037,1,100,default age groups,33721669.5,0.0467185642295473921304,both,1
cholera-ocv1-ocv2-default,"Cholera:OCV1,campaign,with:default",OCV1,total,campaign,MLI,Mali,2040,1,100,default age groups,36495336,0.0467185642295473921304,both,1
cholera-ocv1-ocv2-default,"Cholera:OCV1,campaign,with:default",OCV1,total,campaign,MOZ,Mozambique,2003,1,100,default age groups,18430394.5,0.0029155100288276521343,both,1
cholera-ocv1-ocv2-default,"Cholera:OCV1,campaign,with:default",OCV1,total,campaign,MOZ,Mozambique,2016,1,100,default age groups,26691094,0.0000168970219055090036,both,1
cholera-ocv1-ocv2-default,"Cholera:OCV1,campaign,with:default",OCV1,total,campaign,MOZ,Mozambique,2025,1,100,default age groups,34645935.5,0.0571499064994130043238,both,1
cholera-ocv1-ocv2-default,"Cholera:OCV1,campaign,with:default",OCV1,total,campaign,MOZ,Mozambique,2028,1,100,default age groups,37608510,0.0571499064994130112627,both,1
cholera-ocv1-ocv2-default,"Cholera:OCV1,campaign,with:default",OCV1,total,campaign,MOZ,Mozambique,2031,1,100,default age groups,40686711.5,0.0571499064994130043238,both,1
cholera-ocv1-ocv2-default,"Cholera:OCV1,campaign,with:default",OCV1,total,campaign,MOZ,Mozambique,2034,1,100,default age groups,43859924.5,0.0571499064994130043238,both,1
cholera-ocv1-ocv2-default,"Cholera:OCV1,campaign,with:default",OCV1,total,campaign,MOZ,Mozambique,2037,1,100,default age groups,47105152,0.0571499064994129973849,both,1
cholera-ocv1-ocv2-default,"Cholera:OCV1,campaign,with:default",OCV1,total,campaign,MOZ,Mozambique,2040,1,100,default age groups,50408559,0.0571499064994129973849,both,1
cholera-ocv1-ocv2-default,"Cholera:OCV1,campaign,with:default",OCV1,total,campaign,MRT,Mauritania,2025,1,100,default age groups,4971255.5,0.0093709851794599972885,both,1
cholera-ocv1-ocv2-default,"Cholera:OCV1,campaign,with:default",OCV1,total,campaign,MRT,Mauritania,2028,1,100,default age groups,5379134.5,0.0093709851794599972885,both,1
cholera-ocv1-ocv2-default,"Cholera:OCV1,campaign,with:default",OCV1,total,campaign,MRT,Mauritania,2031,1,100,default age groups,5804832.5,0.0093709851794599955538,both,1
cholera-ocv1-ocv2-default,"Cholera:OCV1,campaign,with:default",OCV1,total,campaign,MRT,Mauritania,2034,1,100,default age groups,6245457,0.0093709851794599972885,both,1
cholera-ocv1-ocv2-default,"Cholera:OCV1,campaign,with:default",OCV1,total,campaign,MRT,Mauritania,2037,1,100,default age groups,6700213,0.0093709851794599955538,both,1
cholera-ocv1-ocv2-default,"Cholera:OCV1,campaign,with:default",OCV1,total,campaign,MRT,Mauritania,2040,1,100,default age groups,7161240,0.0093709851794599972885,both,1
cholera-ocv1-ocv2-default,"Cholera:OCV1,campaign,with:default",OCV1,total,campaign,MWI,Malawi,2020,1,100,default age groups,18754096,0.0159896270126803179135,both,1
cholera-ocv1-ocv2-default,"Cholera:OCV1,campaign,with:default",OCV1,total,campaign,MWI,Malawi,2021,1,100,default age groups,19256582,0.0144050486218166799018,both,1
cholera-ocv1-ocv2-default,"Cholera:OCV1,campaign,with:default",OCV1,total,campaign,MWI,Malawi,2025,1,100,default age groups,21356692,0.0504866499500062071437,both,1
cholera-ocv1-ocv2-default,"Cholera:OCV1,campaign,with:default",OCV1,total,campaign,MWI,Malawi,2028,1,100,default age groups,23051238,0.0504866499500062140826,both,1
cholera-ocv1-ocv2-default,"Cholera:OCV1,campaign,with:default",OCV1,total,campaign,MWI,Malawi,2031,1,100,default age groups,24812408.5,0.0504866499500062071437,both,1
cholera-ocv1-ocv2-default,"Cholera:OCV1,campaign,with:default",OCV1,total,campaign,MWI,Malawi,2034,1,100,default age groups,26615866,0.0504866499500062002048,both,1
cholera-ocv1-ocv2-default,"Cholera:OCV1,campaign,with:default",OCV1,total,campaign,MWI,Malawi,2037,1,100,default age groups,28440560,0.0504866499500062071437,both,1
cholera-ocv1-ocv2-default,"Cholera:OCV1,campaign,with:default",OCV1,total,campaign,MWI,Malawi,2040,1,100,default age groups,30284218.5,0.0504866499500062002048,both,1
cholera-ocv1-ocv2-default,"Cholera:OCV1,campaign,with:default",OCV1,total,campaign,NAM,Namibia,2025,1,100,default age groups,2622946.5,0.2072869847371612839204,both,1
cholera-ocv1-ocv2-default,"Cholera:OCV1,campaign,with:default",OCV1,total,campaign,NAM,Namibia,2028,1,100,default age groups,2755071.5,0.2072869847371612561648,both,1
cholera-ocv1-ocv2-default,"Cholera:OCV1,campaign,with:default",OCV1,total,campaign,NAM,Namibia,2031,1,100,default age groups,2885734.5,0.2072869847371612284093,both,1
cholera-ocv1-ocv2-default,"Cholera:OCV1,campaign,with:default",OCV1,total,campaign,NAM,Namibia,2034,1,100,default age groups,3015241.5,0.2072869847371612284093,both,1
cholera-ocv1-ocv2-default,"Cholera:OCV1,campaign,with:default",OCV1,total,campaign,NAM,Namibia,2037,1,100,default age groups,3145229.5,0.2072869847371612561648,both,1
cholera-ocv1-ocv2-default,"Cholera:OCV1,campaign,with:default",OCV1,total,campaign,NAM,Namibia,2040,1,100,default age groups,3276033.5,0.2072869847371612561648,both,1
cholera-ocv1-ocv2-default,"Cholera:OCV1,campaign,with:default",OCV1,total,campaign,NER,Niger,2025,1,100,default age groups,28081433.5,0.0810819635538339994474,both,1
cholera-ocv1-ocv2-default,"Cholera:OCV1,campaign,with:default",OCV1,total,campaign,NER,Niger,2028,1,100,default age groups,31404993,0.0810819635538340133252,both,1
cholera-ocv1-ocv2-default,"Cholera:OCV1,campaign,with:default",OCV1,total,campaign,NER,Niger,2031,1,100,default age groups,35039013.5,0.0810819635538339994474,both,1
cholera-ocv1-ocv2-default,"Cholera:OCV1,campaign,with:default",OCV1,total,campaign,NER,Niger,2034,1,100,default age groups,38976518.5,0.0810819635538340133252,both,1
cholera-ocv1-ocv2-default,"Cholera:OCV1,campaign,with:default",OCV1,total,campaign,NER,Niger,2037,1,100,default age groups,43220668.5,0.0810819635538340133252,both,1
cholera-ocv1-ocv2-default,"Cholera:OCV1,campaign,with:default",OCV1,total,campaign,NER,Niger,2040,1,100,default age groups,47768679,0.0810819635538339994474,both,1
cholera-ocv1-ocv2-default,"Cholera:OCV1,campaign,with:default",OCV1,total,campaign,NGA,Nigeria,2022,1,100,default age groups,211007071,0.0041319666960355086807,both,1
cholera-ocv1-ocv2-default,"Cholera:OCV1,campaign,with:default",OCV1,total,campaign,NGA,Nigeria,2025,1,100,default age groups,226724849,0.0626796501137686923322,both,1
cholera-ocv1-ocv2-default,"Cholera:OCV1,campaign,with:default",OCV1,total,campaign,NGA,Nigeria,2028,1,100,default age groups,243070465,0.0626796501137686923322,both,1
cholera-ocv1-ocv2-default,"Cholera:OCV1,campaign,with:default",OCV1,total,campaign,NGA,Nigeria,2031,1,100,default age groups,259948347.5,0.0626796501137686784544,both,1
cholera-ocv1-ocv2-default,"Cholera:OCV1,campaign,with:default",OCV1,total,campaign,NGA,Nigeria,2034,1,100,default age groups,277186503,0.0626796501137686923322,both,1
cholera-ocv1-ocv2-default,"Cholera:OCV1,campaign,with:default",OCV1,total,campaign,NGA,Nigeria,2037,1,100,default age groups,294569334.5,0.0626796501137686923322,both,1
cholera-ocv1-ocv2-default,"Cholera:OCV1,campaign,with:default",OCV1,total,campaign,NGA,Nigeria,2040,1,100,default age groups,311988385.5,0.0626796501137686923322,both,1
cholera-ocv1-ocv2-default,"Cholera:OCV1,campaign,with:default",OCV1,total,campaign,NPL,Nepal,2025,1,100,default age groups,30982151.5,0.085000000000000019984,both,1
cholera-ocv1-ocv2-default,"Cholera:OCV1,campaign,with:default",OCV1,total,campaign,NPL,Nepal,2028,1,100,default age groups,31964215.5,0.0850000000000000061062,both,1
cholera-ocv1-ocv2-default,"Cholera:OCV1,campaign,with:default",OCV1,total,campaign,NPL,Nepal,2031,1,100,default age groups,32863176.5,0.0850000000000000061062,both,1
cholera-ocv1-ocv2-default,"Cholera:OCV1,campaign,with:default",OCV1,total,campaign,NPL,Nepal,2034,1,100,default age groups,33672628,0.0850000000000000061062,both,1
cholera-ocv1-ocv2-default,"Cholera:OCV1,campaign,with:default",OCV1,total,campaign,NPL,Nepal,2037,1,100,default age groups,34404101.5,0.0850000000000000061062,both,1
cholera-ocv1-ocv2-default,"Cholera:OCV1,campaign,with:default",OCV1,total,campaign,NPL,Nepal,2040,1,100,default age groups,35066835,0.0850000000000000061062,both,1
cholera-ocv1-ocv2-default,"Cholera:OCV1,campaign,with:default",OCV1,total,campaign,PAK,Pakistan,2025,1,100,default age groups,243677365.5,0.1170812844747700642856,both,1
cholera-ocv1-ocv2-default,"Cholera:OCV1,campaign,with:default",OCV1,total,campaign,PAK,Pakistan,2028,1,100,default age groups,257887540.5,0.1170812844747700504078,both,1
cholera-ocv1-ocv2-default,"Cholera:OCV1,campaign,with:default",OCV1,total,campaign,PAK,Pakistan,2031,1,100,default age groups,272299210,0.1170812844747700504078,both,1
cholera-ocv1-ocv2-default,"Cholera:OCV1,campaign,with:default",OCV1,total,campaign,PAK,Pakistan,2034,1,100,default age groups,286822140,0.1170812844747700642856,both,1
cholera-ocv1-ocv2-default,"Cholera:OCV1,campaign,with:default",OCV1,total,campaign,PAK,Pakistan,2037,1,100,default age groups,301370544.5,0.1170812844747700781634,both,1
cholera-ocv1-ocv2-default,"Cholera:OCV1,campaign,with:default",OCV1,total,campaign,PAK,Pakistan,2040,1,100,default age groups,315760048,0.1170812844747700642856,both,1
cholera-ocv1-ocv2-default,"Cholera:OCV1,campaign,with:default",OCV1,total,campaign,PHL,Philippines,2025,1,100,default age groups,118399456.5,0.0850000000000000061062,both,1
cholera-ocv1-ocv2-default,"Cholera:OCV1,campaign,with:default",OCV1,total,campaign,PHL,Philippines,2028,1,100,default age groups,123580559,0.0850000000000000061062,both,1
cholera-ocv1-ocv2-default,"Cholera:OCV1,campaign,with:default",OCV1,total,campaign,PHL,Philippines,2031,1,100,default age groups,128630015.5,0.0850000000000000061062,both,1
cholera-ocv1-ocv2-default,"Cholera:OCV1,campaign,with:default",OCV1,total,campaign,PHL,Philippines,2034,1,100,default age groups,133505371,0.0850000000000000061062,both,1
cholera-ocv1-ocv2-default,"Cholera:OCV1,campaign,with:default",OCV1,total,campaign,PHL,Philippines,2037,1,100,default age groups,138149913,0.0850000000000000061062,both,1
cholera-ocv1-ocv2-default,"Cholera:OCV1,campaign,with:default",OCV1,total,campaign,PHL,Philippines,2040,1,100,default age groups,142562365,0.0850000000000000061062,both,1
cholera-ocv1-ocv2-default,"Cholera:OCV1,campaign,with:default",OCV1,total,campaign,RWA,Rwanda,2025,1,100,default age groups,14332257.5,0.8499999999999999777955,both,1
cholera-ocv1-ocv2-default,"Cholera:OCV1,campaign,with:default",OCV1,total,campaign,RWA,Rwanda,2028,1,100,default age groups,15300757,0.8499999999999999777955,both,1
cholera-ocv1-ocv2-default,"Cholera:OCV1,campaign,with:default",OCV1,total,campaign,RWA,Rwanda,2031,1,100,default age groups,16283398,0.8499999999999999777955,both,1
cholera-ocv1-ocv2-default,"Cholera:OCV1,campaign,with:default",OCV1,total,campaign,RWA,Rwanda,2034,1,100,default age groups,17273160.5,0.8499999999999999777955,both,1
cholera-ocv1-ocv2-default,"Cholera:OCV1,campaign,with:default",OCV1,total,campaign,RWA,Rwanda,2037,1,100,default age groups,18271722.5,0.8499999999999999777955,both,1
cholera-ocv1-ocv2-default,"Cholera:OCV1,campaign,with:default",OCV1,total,campaign,RWA,Rwanda,2040,1,100,default age groups,19276509.5,0.8499999999999999777955,both,1
cholera-ocv1-ocv2-default,"Cholera:OCV1,campaign,with:default",OCV1,total,campaign,SEN,Senegal,2025,1,100,default age groups,18125147,0.8499999999999999777955,both,1
cholera-ocv1-ocv2-default,"Cholera:OCV1,campaign,with:default",OCV1,total,campaign,SEN,Senegal,2028,1,100,default age groups,19541722.5,0.8499999999999999777955,both,1
cholera-ocv1-ocv2-default,"Cholera:OCV1,campaign,with:default",OCV1,total,campaign,SEN,Senegal,2031,1,100,default age groups,21022628,0.8500000000000000888178,both,1
cholera-ocv1-ocv2-default,"Cholera:OCV1,campaign,with:default",OCV1,total,campaign,SEN,Senegal,2034,1,100,default age groups,22571123.5,0.8499999999999998667732,both,1
cholera-ocv1-ocv2-default,"Cholera:OCV1,campaign,with:default",OCV1,total,campaign,SEN,Senegal,2037,1,100,default age groups,24189895.5,0.8499999999999999777955,both,1
cholera-ocv1-ocv2-default,"Cholera:OCV1,campaign,with:default",OCV1,total,campaign,SEN,Senegal,2040,1,100,default age groups,25874141,0.8499999999999998667732,both,1
cholera-ocv1-ocv2-default,"Cholera:OCV1,campaign,with:default",OCV1,total,campaign,SLE,Sierra Leone,2025,1,100,default age groups,8911022.5,0.5563991377089676504397,both,1
cholera-ocv1-ocv2-default,"Cholera:OCV1,campaign,with:default",OCV1,total,campaign,SLE,Sierra Leone,2028,1,100,default age groups,9471074.5,0.556399137708967761462,both,1
cholera-ocv1-ocv2-default,"Cholera:OCV1,campaign,with:default",OCV1,total,campaign,SLE,Sierra Leone,2031,1,100,default age groups,10031907.5,0.5563991377089676504397,both,1
cholera-ocv1-ocv2-default,"Cholera:OCV1,campaign,with:default",OCV1,total,campaign,SLE,Sierra Leone,2034,1,100,default age groups,10589306.5,0.5563991377089676504397,both,1
cholera-ocv1-ocv2-default,"Cholera:OCV1,campaign,with:default",OCV1,total,campaign,SLE,Sierra Leone,2037,1,100,default age groups,11139787.5,0.5563991377089676504397,both,1
cholera-ocv1-ocv2-default,"Cholera:OCV1,campaign,with:default",OCV1,total,campaign,SLE,Sierra Leone,2040,1,100,default age groups,11675957,0.5563991377089676504397,both,1
cholera-ocv1-ocv2-default,"Cholera:OCV1,campaign,with:default",OCV1,total,campaign,SOM,Somalia,2022,1,100,default age groups,16885790,0.1057207273097675592766,both,1
cholera-ocv1-ocv2-default,"Cholera:OCV1,campaign,with:default",OCV1,total,campaign,SOM,Somalia,2023,1,100,default age groups,17415892.5,0.0911058103970267402216,both,1
cholera-ocv1-ocv2-default,"Cholera:OCV1,campaign,with:default",OCV1,total,campaign,SOM,Somalia,2025,1,100,default age groups,18528007,0.3866596674151437929012,both,1
cholera-ocv1-ocv2-default,"Cholera:OCV1,campaign,with:default",OCV1,total,campaign,SOM,Somalia,2028,1,100,default age groups,20276274,0.3866596674151438484124,both,1
cholera-ocv1-ocv2-default,"Cholera:OCV1,campaign,with:default",OCV1,total,campaign,SOM,Somalia,2031,1,100,default age groups,22120164,0.3866596674151438484124,both,1
cholera-ocv1-ocv2-default,"Cholera:OCV1,campaign,with:default",OCV1,total,campaign,SOM,Somalia,2034,1,100,default age groups,24054776.5,0.3866596674151437929012,both,1
cholera-ocv1-ocv2-default,"Cholera:OCV1,campaign,with:default",OCV1,total,campaign,SOM,Somalia,2037,1,100,default age groups,26073571,0.3866596674151437929012,both,1
cholera-ocv1-ocv2-default,"Cholera:OCV1,campaign,with:default",OCV1,total,campaign,SOM,Somalia,2040,1,100,default age groups,28158391.5,0.3866596674151437929012,both,1
cholera-ocv1-ocv2-default,"Cholera:OCV1,campaign,with:default",OCV1,total,campaign,SSD,South Sudan,2014,1,100,default age groups,10800242,0.010496431468850420804,both,1
cholera-ocv1-ocv2-default,"Cholera:OCV1,campaign,with:default",OCV1,total,campaign,SSD,South Sudan,2021,1,100,default age groups,10452485.5,0.0811385005030621636601,both,1
cholera-ocv1-ocv2-default,"Cholera:OCV1,campaign,with:default",OCV1,total,campaign,SSD,South Sudan,2022,1,100,default age groups,10614405,0.0041263207876465982787,both,1
cholera-ocv1-ocv2-default,"Cholera:OCV1,campaign,with:default",OCV1,total,campaign,SSD,South Sudan,2025,1,100,default age groups,11158654.5,0.1182134879109737746194,both,1
cholera-ocv1-ocv2-default,"Cholera:OCV1,campaign,with:default",OCV1,total,campaign,SSD,South Sudan,2028,1,100,default age groups,11769327,0.1182134879109737746194,both,1
cholera-ocv1-ocv2-default,"Cholera:OCV1,campaign,with:default",OCV1,total,campaign,SSD,South Sudan,2031,1,100,default age groups,12454072,0.1182134879109737746194,both,1
cholera-ocv1-ocv2-default,"Cholera:OCV1,campaign,with:default",OCV1,total,campaign,SSD,South Sudan,2034,1,100,default age groups,13207732,0.1182134879109737884972,both,1
cholera-ocv1-ocv2-default,"Cholera:OCV1,campaign,with:default",OCV1,total,campaign,SSD,South Sudan,2037,1,100,default age groups,13986948.5,0.1182134879109737746194,both,1
cholera-ocv1-ocv2-default,"Cholera:OCV1,campaign,with:default",OCV1,total,campaign,SSD,South Sudan,2040,1,100,default age groups,14752605.5,0.1182134879109737884972,both,1
cholera-ocv1-ocv2-default,"Cholera:OCV1,campaign,with:default",OCV1,total,campaign,TCD,Chad,2025,1,100,default age groups,18664796.5,0.3023980916513709926718,both,1
cholera-ocv1-ocv2-default,"Cholera:OCV1,campaign,with:default",OCV1,total,campaign,TCD,Chad,2028,1,100,default age groups,20415574,0.302398091651371048183,both,1
cholera-ocv1-ocv2-default,"Cholera:OCV1,campaign,with:default",OCV1,total,campaign,TCD,Chad,2031,1,100,default age groups,22252259,0.3023980916513709926718,both,1
cholera-ocv1-ocv2-default,"Cholera:OCV1,campaign,with:default",OCV1,total,campaign,TCD,Chad,2034,1,100,default age groups,24173505.5,0.3023980916513709926718,both,1
cholera-ocv1-ocv2-default,"Cholera:OCV1,campaign,with:default",OCV1,total,campaign,TCD,Chad,2037,1,100,default age groups,26172439.5,0.302398091651371048183,both,1
cholera-ocv1-ocv2-default,"Cholera:OCV1,campaign,with:default",OCV1,total,campaign,TCD,Chad,2040,1,100,default age groups,28242308,0.3023980916513709926718,both,1
cholera-ocv1-ocv2-default,"Cholera:OCV1,campaign,with:default",OCV1,total,campaign,TGO,Togo,2025,1,100,default age groups,9193556,0.0686194173027017961797,both,1
cholera-ocv1-ocv2-default,"Cholera:OCV1,campaign,with:default",OCV1,total,campaign,TGO,Togo,2028,1,100,default age groups,9825617.5,0.0686194173027018100575,both,1
cholera-ocv1-ocv2-default,"Cholera:OCV1,campaign,with:default",OCV1,total,campaign,TGO,Togo,2031,1,100,default age groups,10483477,0.0686194173027017961797,both,1
cholera-ocv1-ocv2-default,"Cholera:OCV1,campaign,with:default",OCV1,total,campaign,TGO,Togo,2034,1,100,default age groups,11167874.5,0.0686194173027018100575,both,1
cholera-ocv1-ocv2-default,"Cholera:OCV1,campaign,with:default",OCV1,total,campaign,TGO,Togo,2037,1,100,default age groups,11876623.5,0.0686194173027018100575,both,1
cholera-ocv1-ocv2-default,"Cholera:OCV1,campaign,with:default",OCV1,total,campaign,TGO,Togo,2040,1,100,default age groups,12604846.5,0.0686194173027018100575,both,1
cholera-ocv1-ocv2-default,"Cholera:OCV1,campaign,with:default",OCV1,total,campaign,THA,Thailand,2025,1,100,default age groups,71342648.5,0.0850000000000000061062,both,1
cholera-ocv1-ocv2-default,"Cholera:OCV1,campaign,with:default",OCV1,total,campaign,THA,Thailand,2028,1,100,default age groups,71464601,0.0850000000000000061062,both,1
cholera-ocv1-ocv2-default,"Cholera:OCV1,campaign,with:default",OCV1,total,campaign,THA,Thailand,2031,1,100,default age groups,71444461,0.0850000000000000061062,both,1
cholera-ocv1-ocv2-default,"Cholera:OCV1,campaign,with:default",OCV1,total,campaign,THA,Thailand,2034,1,100,default age groups,71270067.5,0.0849999999999999922284,both,1
cholera-ocv1-ocv2-default,"Cholera:OCV1,campaign,with:default",OCV1,total,campaign,THA,Thailand,2037,1,100,default age groups,70917221.5,0.0850000000000000061062,both,1
cholera-ocv1-ocv2-default,"Cholera:OCV1,campaign,with:default",OCV1,total,campaign,THA,Thailand,2040,1,100,default age groups,70382698.5,0.0850000000000000061062,both,1
cholera-ocv1-ocv2-default,"Cholera:OCV1,campaign,with:default",OCV1,total,campaign,TZA,"Tanzania, United Republic of",2021,1,100,default age groups,61372207,0.0048205696757817441747,both,1
cholera-ocv1-ocv2-default,"Cholera:OCV1,campaign,with:default",OCV1,total,campaign,TZA,"Tanzania, United Republic of",2025,1,100,default age groups,69057561,0.1888786099551998665103,both,1
cholera-ocv1-ocv2-default,"Cholera:OCV1,campaign,with:default",OCV1,total,campaign,TZA,"Tanzania, United Republic of",2028,1,100,default age groups,75144277,0.1888786099551998665103,both,1
cholera-ocv1-ocv2-default,"Cholera:OCV1,campaign,with:default",OCV1,total,campaign,TZA,"Tanzania, United Republic of",2031,1,100,default age groups,81480479.5,0.1888786099551998665103,both,1
cholera-ocv1-ocv2-default,"Cholera:OCV1,campaign,with:default",OCV1,total,campaign,TZA,"Tanzania, United Republic of",2034,1,100,default age groups,88080074.5,0.1888786099551998665103,both,1
cholera-ocv1-ocv2-default,"Cholera:OCV1,campaign,with:default",OCV1,total,campaign,TZA,"Tanzania, United Republic of",2037,1,100,default age groups,94957099.5,0.1888786099551998665103,both,1
cholera-ocv1-ocv2-default,"Cholera:OCV1,campaign,with:default",OCV1,total,campaign,TZA,"Tanzania, United Republic of",2040,1,100,default age groups,102052636,0.1888786099551998942658,both,1
cholera-ocv1-ocv2-default,"Cholera:OCV1,campaign,with:default",OCV1,total,campaign,UGA,Uganda,1997,1,100,default age groups,20869908.5,0.0017064281810339513527,both,1
cholera-ocv1-ocv2-default,"Cholera:OCV1,campaign,with:default",OCV1,total,campaign,UGA,Uganda,2020,1,100,default age groups,42813034,0.0219370577660999328817,both,1
cholera-ocv1-ocv2-default,"Cholera:OCV1,campaign,with:default",OCV1,total,campaign,UGA,Uganda,2025,1,100,default age groups,49586031.5,0.0472610469927699644588,both,1
cholera-ocv1-ocv2-default,"Cholera:OCV1,campaign,with:default",OCV1,total,campaign,UGA,Uganda,2028,1,100,default age groups,53766714,0.0472610469927699575199,both,1
cholera-ocv1-ocv2-default,"Cholera:OCV1,campaign,with:default",OCV1,total,campaign,UGA,Uganda,2031,1,100,default age groups,58067221,0.0472610469927699644588,both,1
cholera-ocv1-ocv2-default,"Cholera:OCV1,campaign,with:default",OCV1,total,campaign,UGA,Uganda,2034,1,100,default age groups,62402928,0.0472610469927699644588,both,1
cholera-ocv1-ocv2-default,"Cholera:OCV1,campaign,with:default",OCV1,total,campaign,UGA,Uganda,2037,1,100,default age groups,66772847.5,0.0472610469927699575199,both,1
cholera-ocv1-ocv2-default,"Cholera:OCV1,campaign,with:default",OCV1,total,campaign,UGA,Uganda,2040,1,100,default age groups,71171731.5,0.0472610469927699575199,both,1
cholera-ocv1-ocv2-default,"Cholera:OCV1,campaign,with:default",OCV1,total,campaign,YEM,Yemen,2021,1,100,default age groups,32011762.5,0.0216164917504932697911,both,1
cholera-ocv1-ocv2-default,"Cholera:OCV1,campaign,with:default",OCV1,total,campaign,YEM,Yemen,2025,1,100,default age groups,35019379.5,0.163342051909875884963,both,1
cholera-ocv1-ocv2-default,"Cholera:OCV1,campaign,with:default",OCV1,total,campaign,YEM,Yemen,2028,1,100,default age groups,37357503.5,0.1633420519098759127186,both,1
cholera-ocv1-ocv2-default,"Cholera:OCV1,campaign,with:default",OCV1,total,campaign,YEM,Yemen,2031,1,100,default age groups,39705113,0.163342051909875884963,both,1
cholera-ocv1-ocv2-default,"Cholera:OCV1,campaign,with:default",OCV1,total,campaign,YEM,Yemen,2034,1,100,default age groups,42058696.5,0.163342051909875884963,both,1
cholera-ocv1-ocv2-default,"Cholera:OCV1,campaign,with:default",OCV1,total,campaign,YEM,Yemen,2037,1,100,default age groups,44409815.5,0.1633420519098759127186,both,1
cholera-ocv1-ocv2-default,"Cholera:OCV1,campaign,with:default",OCV1,total,campaign,YEM,Yemen,2040,1,100,default age groups,46749998.5,0.163342051909875884963,both,1
cholera-ocv1-ocv2-default,"Cholera:OCV1,campaign,with:default",OCV1,total,campaign,ZAF,South Africa,2025,1,100,default age groups,60571901.5,0.8499999999999999777955,both,1
cholera-ocv1-ocv2-default,"Cholera:OCV1,campaign,with:default",OCV1,total,campaign,ZAF,South Africa,2028,1,100,default age groups,62439559.5,0.8499999999999999777955,both,1
cholera-ocv1-ocv2-default,"Cholera:OCV1,campaign,with:default",OCV1,total,campaign,ZAF,South Africa,2031,1,100,default age groups,64147621,0.8499999999999999777955,both,1
cholera-ocv1-ocv2-default,"Cholera:OCV1,campaign,with:default",OCV1,total,campaign,ZAF,South Africa,2034,1,100,default age groups,65738925,0.8499999999999999777955,both,1
cholera-ocv1-ocv2-default,"Cholera:OCV1,campaign,with:default",OCV1,total,campaign,ZAF,South Africa,2037,1,100,default age groups,67236749.5,0.8499999999999999777955,both,1
cholera-ocv1-ocv2-default,"Cholera:OCV1,campaign,with:default",OCV1,total,campaign,ZAF,South Africa,2040,1,100,default age groups,68642978,0.8499999999999999777955,both,1
cholera-ocv1-ocv2-default,"Cholera:OCV1,campaign,with:default",OCV1,total,campaign,ZMB,Zambia,2021,1,100,default age groups,18828729,0.027786368373563626738,both,1
cholera-ocv1-ocv2-default,"Cholera:OCV1,campaign,with:default",OCV1,total,campaign,ZMB,Zambia,2022,1,100,default age groups,19361809,0.074420370534592092393,both,1
cholera-ocv1-ocv2-default,"Cholera:OCV1,campaign,with:default",OCV1,total,campaign,ZMB,Zambia,2025,1,100,default age groups,21020328.5,0.1627892624002742483214,both,1
cholera-ocv1-ocv2-default,"Cholera:OCV1,campaign,with:default",OCV1,total,campaign,ZMB,Zambia,2028,1,100,default age groups,22750449.5,0.1627892624002742483214,both,1
cholera-ocv1-ocv2-default,"Cholera:OCV1,campaign,with:default",OCV1,total,campaign,ZMB,Zambia,2031,1,100,default age groups,24542354.5,0.1627892624002742483214,both,1
cholera-ocv1-ocv2-default,"Cholera:OCV1,campaign,with:default",OCV1,total,campaign,ZMB,Zambia,2034,1,100,default age groups,26382604,0.1627892624002742483214,both,1
cholera-ocv1-ocv2-default,"Cholera:OCV1,campaign,with:default",OCV1,total,campaign,ZMB,Zambia,2037,1,100,default age groups,28254739.5,0.1627892624002742483214,both,1
cholera-ocv1-ocv2-default,"Cholera:OCV1,campaign,with:default",OCV1,total,campaign,ZMB,Zambia,2040,1,100,default age groups,30158246.5,0.1627892624002742483214,both,1
cholera-ocv1-ocv2-default,"Cholera:OCV1,campaign,with:default",OCV1,total,campaign,ZWE,Zimbabwe,2025,1,100,default age groups,16892512.5,0.0264614432032378547877,both,1
cholera-ocv1-ocv2-default,"Cholera:OCV1,campaign,with:default",OCV1,total,campaign,ZWE,Zimbabwe,2028,1,100,default age groups,17955689,0.0264614432032378513182,both,1
cholera-ocv1-ocv2-default,"Cholera:OCV1,campaign,with:default",OCV1,total,campaign,ZWE,Zimbabwe,2031,1,100,default age groups,19036977.5,0.0264614432032378513182,both,1
cholera-ocv1-ocv2-default,"Cholera:OCV1,campaign,with:default",OCV1,total,campaign,ZWE,Zimbabwe,2034,1,100,default age groups,20142614,0.0264614432032378547877,both,1
cholera-ocv1-ocv2-default,"Cholera:OCV1,campaign,with:default",OCV1,total,campaign,ZWE,Zimbabwe,2037,1,100,default age groups,21261055.5,0.0264614432032378547877,both,1
cholera-ocv1-ocv2-default,"Cholera:OCV1,campaign,with:default",OCV1,total,campaign,ZWE,Zimbabwe,2040,1,100,default age groups,22373253.5,0.0264614432032378478488,both,1
cholera-ocv1-ocv2-default,"Cholera:OCV2,campaign,with:default",OCV2,total,campaign,AFG,Afghanistan,2025,1,100,default age groups,43090677.5,0.4624417881881732750315,both,1
cholera-ocv1-ocv2-default,"Cholera:OCV2,campaign,with:default",OCV2,total,campaign,AFG,Afghanistan,2028,1,100,default age groups,46535039,0.4624417881881732195204,both,1
cholera-ocv1-ocv2-default,"Cholera:OCV2,campaign,with:default",OCV2,total,campaign,AFG,Afghanistan,2031,1,100,default age groups,50028077,0.4624417881881732750315,both,1
cholera-ocv1-ocv2-default,"Cholera:OCV2,campaign,with:default",OCV2,total,campaign,AFG,Afghanistan,2034,1,100,default age groups,53550586,0.4624417881881732195204,both,1
cholera-ocv1-ocv2-default,"Cholera:OCV2,campaign,with:default",OCV2,total,campaign,AFG,Afghanistan,2037,1,100,default age groups,57077641.5,0.4624417881881732750315,both,1
cholera-ocv1-ocv2-default,"Cholera:OCV2,campaign,with:default",OCV2,total,campaign,AFG,Afghanistan,2040,1,100,default age groups,60633538.5,0.4624417881881732195204,both,1
cholera-ocv1-ocv2-default,"Cholera:OCV2,campaign,with:default",OCV2,total,campaign,AGO,Angola,2025,1,100,default age groups,37579274.5,0.0206569820482878606371,both,1
cholera-ocv1-ocv2-default,"Cholera:OCV2,campaign,with:default",OCV2,total,campaign,AGO,Angola,2028,1,100,default age groups,41034171,0.0206569820482878606371,both,1
cholera-ocv1-ocv2-default,"Cholera:OCV2,campaign,with:default",OCV2,total,campaign,AGO,Angola,2031,1,100,default age groups,44654622.5,0.0206569820482878606371,both,1
cholera-ocv1-ocv2-default,"Cholera:OCV2,campaign,with:default",OCV2,total,campaign,AGO,Angola,2034,1,100,default age groups,48434834.5,0.0206569820482878606371,both,1
cholera-ocv1-ocv2-default,"Cholera:OCV2,campaign,with:default",OCV2,total,campaign,AGO,Angola,2037,1,100,default age groups,52357786.5,0.0206569820482878606371,both,1
cholera-ocv1-ocv2-default,"Cholera:OCV2,campaign,with:default",OCV2,total,campaign,AGO,Angola,2040,1,100,default age groups,56407158,0.0206569820482878606371,both,1
cholera-ocv1-ocv2-default,"Cholera:OCV2,campaign,with:default",OCV2,total,campaign,BDI,Burundi,2025,1,100,default age groups,13513143.5,0.0467434572711103515918,both,1
cholera-ocv1-ocv2-default,"Cholera:OCV2,campaign,with:default",OCV2,total,campaign,BDI,Burundi,2028,1,100,default age groups,14589098,0.0467434572711103515918,both,1
cholera-ocv1-ocv2-default,"Cholera:OCV2,campaign,with:default",OCV2,total,campaign,BDI,Burundi,2031,1,100,default age groups,15710549.5,0.0467434572711103585307,both,1
cholera-ocv1-ocv2-default,"Cholera:OCV2,campaign,with:default",OCV2,total,campaign,BDI,Burundi,2034,1,100,default age groups,16883203.5,0.0467434572711103585307,both,1
cholera-ocv1-ocv2-default,"Cholera:OCV2,campaign,with:default",OCV2,total,campaign,BDI,Burundi,2037,1,100,default age groups,18113671,0.0467434572711103585307,both,1
cholera-ocv1-ocv2-default,"Cholera:OCV2,campaign,with:default",OCV2,total,campaign,BDI,Burundi,2040,1,100,default age groups,19384761.5,0.0467434572711103585307,both,1
cholera-ocv1-ocv2-default,"Cholera:OCV2,campaign,with:default",OCV2,total,campaign,BEN,Benin,2025,1,100,default age groups,13978635,0.0222305412396272480957,both,1
cholera-ocv1-ocv2-default,"Cholera:OCV2,campaign,with:default",OCV2,total,campaign,BEN,Benin,2028,1,100,default age groups,15108644.5,0.0222305412396272480957,both,1
cholera-ocv1-ocv2-default,"Cholera:OCV2,campaign,with:default",OCV2,total,campaign,BEN,Benin,2031,1,100,default age groups,16280062,0.0222305412396272515652,both,1
cholera-ocv1-ocv2-default,"Cholera:OCV2,campaign,with:default",OCV2,total,campaign,BEN,Benin,2034,1,100,default age groups,17493021.5,0.0222305412396272480957,both,1
cholera-ocv1-ocv2-default,"Cholera:OCV2,campaign,with:default",OCV2,total,campaign,BEN,Benin,2037,1,100,default age groups,18745717.5,0.0222305412396272515652,both,1
cholera-ocv1-ocv2-default,"Cholera:OCV2,campaign,with:default",OCV2,total,campaign,BEN,Benin,2040,1,100,default age groups,20039122,0.0222305412396272515652,both,1
cholera-ocv1-ocv2-default,"Cholera:OCV2,campaign,with:default",OCV2,total,campaign,BFA,Burkina Faso,2025,1,100,default age groups,23653603.5,0.0197872229349155027978,both,1
cholera-ocv1-ocv2-default,"Cholera:OCV2,campaign,with:default",OCV2,total,campaign,BFA,Burkina Faso,2028,1,100,default age groups,25456210.5,0.0197872229349154993283,both,1
cholera-ocv1-ocv2-default,"Cholera:OCV2,campaign,with:default",OCV2,total,campaign,BFA,Burkina Faso,2031,1,100,default age groups,27319398,0.0197872229349155027978,both,1
cholera-ocv1-ocv2-default,"Cholera:OCV2,campaign,with:default",OCV2,total,campaign,BFA,Burkina Faso,2034,1,100,default age groups,29236659,0.0197872229349155027978,both,1
cholera-ocv1-ocv2-default,"Cholera:OCV2,campaign,with:default",OCV2,total,campaign,BFA,Burkina Faso,2037,1,100,default age groups,31190262,0.0197872229349154993283,both,1
cholera-ocv1-ocv2-default,"Cholera:OCV2,campaign,with:default",OCV2,total,campaign,BFA,Burkina Faso,2040,1,100,default age groups,33153969.5,0.0197872229349155027978,both,1
cholera-ocv1-ocv2-default,"Cholera:OCV2,campaign,with:default",OCV2,total,campaign,BGD,Bangladesh,2011,1,100,default age groups,147179293,0.0010544282204154901625,both,1
cholera-ocv1-ocv2-default,"Cholera:OCV2,campaign,with:default",OCV2,total,campaign,BGD,Bangladesh,2021,1,100,default age groups,166398607,0.006490438949407791383,both,1
cholera-ocv1-ocv2-default,"Cholera:OCV2,campaign,with:default",OCV2,total,campaign,BGD,Bangladesh,2025,1,100,default age groups,173503172.5,0.3068533042815478895093,both,1
cholera-ocv1-ocv2-default,"Cholera:OCV2,campaign,with:default",OCV2,total,campaign,BGD,Bangladesh,2028,1,100,default age groups,178501298,0.3068533042815479450205,both,1
cholera-ocv1-ocv2-default,"Cholera:OCV2,campaign,with:default",OCV2,total,campaign,BGD,Bangladesh,2031,1,100,default age groups,183114410,0.3068533042815478895093,both,1
cholera-ocv1-ocv2-default,"Cholera:OCV2,campaign,with:default",OCV2,total,campaign,BGD,Bangladesh,2034,1,100,default age groups,187254005.5,0.3068533042815479450205,both,1
cholera-ocv1-ocv2-default,"Cholera:OCV2,campaign,with:default",OCV2,total,campaign,BGD,Bangladesh,2037,1,100,default age groups,190901043.5,0.3068533042815479450205,both,1
cholera-ocv1-ocv2-default,"Cholera:OCV2,campaign,with:default",OCV2,total,campaign,BGD,Bangladesh,2040,1,100,default age groups,194037128.5,0.3068533042815478895093,both,1
cholera-ocv1-ocv2-default,"Cholera:OCV2,campaign,with:default",OCV2,total,campaign,CAF,Central African Republic,2025,1,100,default age groups,5855408,0.0108374566445816316457,both,1
cholera-ocv1-ocv2-default,"Cholera:OCV2,campaign,with:default",OCV2,total,campaign,CAF,Central African Republic,2028,1,100,default age groups,6424109.5,0.010837456644581629911,both,1
cholera-ocv1-ocv2-default,"Cholera:OCV2,campaign,with:default",OCV2,total,campaign,CAF,Central African Republic,2031,1,100,default age groups,7043251,0.010837456644581629911,both,1
cholera-ocv1-ocv2-default,"Cholera:OCV2,campaign,with:default",OCV2,total,campaign,CAF,Central African Republic,2034,1,100,default age groups,7691558,0.010837456644581629911,both,1
cholera-ocv1-ocv2-default,"Cholera:OCV2,campaign,with:default",OCV2,total,campaign,CAF,Central African Republic,2037,1,100,default age groups,8356456.5,0.0108374566445816316457,both,1
cholera-ocv1-ocv2-default,"Cholera:OCV2,campaign,with:default",OCV2,total,campaign,CAF,Central African Republic,2040,1,100,default age groups,9023125.5,0.0108374566445816316457,both,1
cholera-ocv1-ocv2-default,"Cholera:OCV2,campaign,with:default",OCV2,total,campaign,CIV,Cote d'Ivoire,2025,1,100,default age groups,29402681.5,0.0408906773082483576687,both,1
cholera-ocv1-ocv2-default,"Cholera:OCV2,campaign,with:default",OCV2,total,campaign,CIV,Cote d'Ivoire,2028,1,100,default age groups,31642916.5,0.0408906773082483507298,both,1
cholera-ocv1-ocv2-default,"Cholera:OCV2,campaign,with:default",OCV2,total,campaign,CIV,Cote d'Ivoire,2031,1,100,default age groups,33981922,0.0408906773082483507298,both,1
cholera-ocv1-ocv2-default,"Cholera:OCV2,campaign,with:default",OCV2,total,campaign,CIV,Cote d'Ivoire,2034,1,100,default age groups,36411442.5,0.0408906773082483576687,both,1
cholera-ocv1-ocv2-default,"Cholera:OCV2,campaign,with:default",OCV2,total,campaign,CIV,Cote d'Ivoire,2037,1,100,default age groups,38905670.5,0.0408906773082483576687,both,1
cholera-ocv1-ocv2-default,"Cholera:OCV2,campaign,with:default",OCV2,total,campaign,CIV,Cote d'Ivoire,2040,1,100,default age groups,41442825.5,0.0408906773082483576687,both,1
cholera-ocv1-ocv2-default,"Cholera:OCV2,campaign,with:default",OCV2,total,campaign,CMR,Cameroon,2025,1,100,default age groups,29202773,0.2741615112842821777583,both,1
cholera-ocv1-ocv2-default,"Cholera:OCV2,campaign,with:default",OCV2,total,campaign,CMR,Cameroon,2028,1,100,default age groups,31483750,0.2741615112842821222472,both,1
cholera-ocv1-ocv2-default,"Cholera:OCV2,campaign,with:default",OCV2,total,campaign,CMR,Cameroon,2031,1,100,default age groups,33835608.5,0.2741615112842821222472,both,1
cholera-ocv1-ocv2-default,"Cholera:OCV2,campaign,with:default",OCV2,total,campaign,CMR,Cameroon,2034,1,100,default age groups,36250613,0.2741615112842821222472,both,1
cholera-ocv1-ocv2-default,"Cholera:OCV2,campaign,with:default",OCV2,total,campaign,CMR,Cameroon,2037,1,100,default age groups,38738000,0.2741615112842821777583,both,1
cholera-ocv1-ocv2-default,"Cholera:OCV2,campaign,with:default",OCV2,total,campaign,CMR,Cameroon,2040,1,100,default age groups,41290607,0.2741615112842821777583,both,1
cholera-ocv1-ocv2-default,"Cholera:OCV2,campaign,with:default",OCV2,total,campaign,COD,"Congo, the Democratic Republic of the",2014,1,100,default age groups,72901346,0.0000112480776418037627,both,1
cholera-ocv1-ocv2-default,"Cholera:OCV2,campaign,with:default",OCV2,total,campaign,COD,"Congo, the Democratic Republic of the",2021,1,100,default age groups,92080802.5,0.0101841532060930935882,both,1
cholera-ocv1-ocv2-default,"Cholera:OCV2,campaign,with:default",OCV2,total,campaign,COD,"Congo, the Democratic Republic of the",2022,1,100,default age groups,95094161,0.0198243086660178854941,both,1
cholera-ocv1-ocv2-default,"Cholera:OCV2,campaign,with:default",OCV2,total,campaign,COD,"Congo, the Democratic Republic of the",2025,1,100,default age groups,104861468,0.2458376444143549333088,both,1
cholera-ocv1-ocv2-default,"Cholera:OCV2,campaign,with:default",OCV2,total,campaign,COD,"Congo, the Democratic Republic of the",2028,1,100,default age groups,115411644,0.2458376444143549610644,both,1
cholera-ocv1-ocv2-default,"Cholera:OCV2,campaign,with:default",OCV2,total,campaign,COD,"Congo, the Democratic Republic of the",2031,1,100,default age groups,126714270,0.2458376444143549888199,both,1
cholera-ocv1-ocv2-default,"Cholera:OCV2,campaign,with:default",OCV2,total,campaign,COD,"Congo, the Democratic Republic of the",2034,1,100,default age groups,138703014.5,0.2458376444143549610644,both,1
cholera-ocv1-ocv2-default,"Cholera:OCV2,campaign,with:default",OCV2,total,campaign,COD,"Congo, the Democratic Republic of the",2037,1,100,default age groups,151339862.5,0.2458376444143549610644,both,1
cholera-ocv1-ocv2-default,"Cholera:OCV2,campaign,with:default",OCV2,total,campaign,COD,"Congo, the Democratic Republic of the",2040,1,100,default age groups,164457897.5,0.2458376444143549888199,both,1
cholera-ocv1-ocv2-default,"Cholera:OCV2,campaign,with:default",OCV2,total,campaign,COG,Congo,2025,1,100,default age groups,6203951.5,0.1511928612448991682271,both,1
cholera-ocv1-ocv2-default,"Cholera:OCV2,campaign,with:default",OCV2,total,campaign,COG,Congo,2028,1,100,default age groups,6625331,0.1511928612448991682271,both,1
cholera-ocv1-ocv2-default,"Cholera:OCV2,campaign,with:default",OCV2,total,campaign,COG,Congo,2031,1,100,default age groups,7068634,0.1511928612448991682271,both,1
cholera-ocv1-ocv2-default,"Cholera:OCV2,campaign,with:default",OCV2,total,campaign,COG,Congo,2034,1,100,default age groups,7531029.5,0.1511928612448991682271,both,1
cholera-ocv1-ocv2-default,"Cholera:OCV2,campaign,with:default",OCV2,total,campaign,COG,Congo,2037,1,100,default age groups,8008622,0.1511928612448991682271,both,1
cholera-ocv1-ocv2-default,"Cholera:OCV2,campaign,with:default",OCV2,total,campaign,COG,Congo,2040,1,100,default age groups,8495826,0.1511928612448991682271,both,1
cholera-ocv1-ocv2-default,"Cholera:OCV2,campaign,with:default",OCV2,total,campaign,DZA,Algeria,2025,1,100,default age groups,46076155.5,0.0699999999999999927836,both,1
cholera-ocv1-ocv2-default,"Cholera:OCV2,campaign,with:default",OCV2,total,campaign,DZA,Algeria,2028,1,100,default age groups,47911402,0.0699999999999999789058,both,1
cholera-ocv1-ocv2-default,"Cholera:OCV2,campaign,with:default",OCV2,total,campaign,DZA,Algeria,2031,1,100,default age groups,49550361,0.0699999999999999927836,both,1
cholera-ocv1-ocv2-default,"Cholera:OCV2,campaign,with:default",OCV2,total,campaign,DZA,Algeria,2034,1,100,default age groups,51079481.5,0.0699999999999999927836,both,1
cholera-ocv1-ocv2-default,"Cholera:OCV2,campaign,with:default",OCV2,total,campaign,DZA,Algeria,2037,1,100,default age groups,52580505,0.0699999999999999927836,both,1
cholera-ocv1-ocv2-default,"Cholera:OCV2,campaign,with:default",OCV2,total,campaign,DZA,Algeria,2040,1,100,default age groups,54093271.5,0.0699999999999999927836,both,1
cholera-ocv1-ocv2-default,"Cholera:OCV2,campaign,with:default",OCV2,total,campaign,ETH,Ethiopia,2021,1,100,default age groups,116529023.5,0.0084957375447327933282,both,1
cholera-ocv1-ocv2-default,"Cholera:OCV2,campaign,with:default",OCV2,total,campaign,ETH,Ethiopia,2025,1,100,default age groups,129041076.5,0.068291884306233147095,both,1
cholera-ocv1-ocv2-default,"Cholera:OCV2,campaign,with:default",OCV2,total,campaign,ETH,Ethiopia,2028,1,100,default age groups,138725487.5,0.068291884306233147095,both,1
cholera-ocv1-ocv2-default,"Cholera:OCV2,campaign,with:default",OCV2,total,campaign,ETH,Ethiopia,2031,1,100,default age groups,148540248.5,0.068291884306233147095,both,1
cholera-ocv1-ocv2-default,"Cholera:OCV2,campaign,with:default",OCV2,total,campaign,ETH,Ethiopia,2034,1,100,default age groups,158358230.5,0.068291884306233147095,both,1
cholera-ocv1-ocv2-default,"Cholera:OCV2,campaign,with:default",OCV2,total,campaign,ETH,Ethiopia,2037,1,100,default age groups,168132811,0.068291884306233147095,both,1
cholera-ocv1-ocv2-default,"Cholera:OCV2,campaign,with:default",OCV2,total,campaign,ETH,Ethiopia,2040,1,100,default age groups,177868196,0.068291884306233147095,both,1
cholera-ocv1-ocv2-default,"Cholera:OCV2,campaign,with:default",OCV2,total,campaign,GHA,Ghana,2025,1,100,default age groups,34550181,0.282495235043978720757,both,1
cholera-ocv1-ocv2-default,"Cholera:OCV2,campaign,with:default",OCV2,total,campaign,GHA,Ghana,2028,1,100,default age groups,36526098,0.282495235043978720757,both,1
cholera-ocv1-ocv2-default,"Cholera:OCV2,campaign,with:default",OCV2,total,campaign,GHA,Ghana,2031,1,100,default age groups,38518360.5,0.282495235043978720757,both,1
cholera-ocv1-ocv2-default,"Cholera:OCV2,campaign,with:default",OCV2,total,campaign,GHA,Ghana,2034,1,100,default age groups,40522592.5,0.2824952350439786652458,both,1
cholera-ocv1-ocv2-default,"Cholera:OCV2,campaign,with:default",OCV2,total,campaign,GHA,Ghana,2037,1,100,default age groups,42549910,0.282495235043978720757,both,1
cholera-ocv1-ocv2-default,"Cholera:OCV2,campaign,with:default",OCV2,total,campaign,GHA,Ghana,2040,1,100,default age groups,44595836,0.2824952350439786652458,both,1
cholera-ocv1-ocv2-default,"Cholera:OCV2,campaign,with:default",OCV2,total,campaign,GIN,Guinea,2012,1,100,default age groups,10399335.5,0.0003504070043706158022,both,1
cholera-ocv1-ocv2-default,"Cholera:OCV2,campaign,with:default",OCV2,total,campaign,GIN,Guinea,2025,1,100,default age groups,14416784,0.1848944343903663745099,both,1
cholera-ocv1-ocv2-default,"Cholera:OCV2,campaign,with:default",OCV2,total,campaign,GIN,Guinea,2028,1,100,default age groups,15451837,0.1848944343903664022655,both,1
cholera-ocv1-ocv2-default,"Cholera:OCV2,campaign,with:default",OCV2,total,campaign,GIN,Guinea,2031,1,100,default age groups,16500097.5,0.1848944343903664022655,both,1
cholera-ocv1-ocv2-default,"Cholera:OCV2,campaign,with:default",OCV2,total,campaign,GIN,Guinea,2034,1,100,default age groups,17559336,0.184894434390366430021,both,1
cholera-ocv1-ocv2-default,"Cholera:OCV2,campaign,with:default",OCV2,total,campaign,GIN,Guinea,2037,1,100,default age groups,18625150.5,0.184894434390366430021,both,1
cholera-ocv1-ocv2-default,"Cholera:OCV2,campaign,with:default",OCV2,total,campaign,GIN,Guinea,2040,1,100,default age groups,19686391.5,0.1848944343903664022655,both,1
cholera-ocv1-ocv2-default,"Cholera:OCV2,campaign,with:default",OCV2,total,campaign,GNB,Guinea-Bissau,2025,1,100,default age groups,2181296.5,0.3133783151774066078055,both,1
cholera-ocv1-ocv2-default,"Cholera:OCV2,campaign,with:default",OCV2,total,campaign,GNB,Guinea-Bissau,2028,1,100,default age groups,2322969,0.3133783151774065522943,both,1
cholera-ocv1-ocv2-default,"Cholera:OCV2,campaign,with:default",OCV2,total,campaign,GNB,Guinea-Bissau,2031,1,100,default age groups,2467201.5,0.3133783151774065522943,both,1
cholera-ocv1-ocv2-default,"Cholera:OCV2,campaign,with:default",OCV2,total,campaign,GNB,Guinea-Bissau,2034,1,100,default age groups,2613153.5,0.3133783151774066078055,both,1
cholera-ocv1-ocv2-default,"Cholera:OCV2,campaign,with:default",OCV2,total,campaign,GNB,Guinea-Bissau,2037,1,100,default age groups,2760125.5,0.3133783151774066078055,both,1
cholera-ocv1-ocv2-default,"Cholera:OCV2,campaign,with:default",OCV2,total,campaign,GNB,Guinea-Bissau,2040,1,100,default age groups,2906536.5,0.3133783151774065522943,both,1
cholera-ocv1-ocv2-default,"Cholera:OCV2,campaign,with:default",OCV2,total,campaign,HTI,Haiti,2013,1,100,default age groups,10004894.5,0.0001319354242066220759,both,1
cholera-ocv1-ocv2-default,"Cholera:OCV2,campaign,with:default",OCV2,total,campaign,HTI,Haiti,2025,1,100,default age groups,11753010,0.4199999999999999289457,both,1
cholera-ocv1-ocv2-default,"Cholera:OCV2,campaign,with:default",OCV2,total,campaign,HTI,Haiti,2028,1,100,default age groups,12174444.5,0.4199999999999999844569,both,1
cholera-ocv1-ocv2-default,"Cholera:OCV2,campaign,with:default",OCV2,total,campaign,HTI,Haiti,2031,1,100,default age groups,12582019.5,0.4199999999999999844569,both,1
cholera-ocv1-ocv2-default,"Cholera:OCV2,campaign,with:default",OCV2,total,campaign,HTI,Haiti,2034,1,100,default age groups,12979250,0.4199999999999999844569,both,1
cholera-ocv1-ocv2-default,"Cholera:OCV2,campaign,with:default",OCV2,total,campaign,HTI,Haiti,2037,1,100,default age groups,13367605,0.4199999999999999844569,both,1
cholera-ocv1-ocv2-default,"Cholera:OCV2,campaign,with:default",OCV2,total,campaign,HTI,Haiti,2040,1,100,default age groups,13743463,0.4199999999999999844569,both,1
cholera-ocv1-ocv2-default,"Cholera:OCV2,campaign,with:default",OCV2,total,campaign,IND,India,2011,1,100,default age groups,1232087741.5,0.0000192770362044869066,both,1
cholera-ocv1-ocv2-default,"Cholera:OCV2,campaign,with:default",OCV2,total,campaign,IND,India,2025,1,100,default age groups,1432089617,0.1830165449533809884919,both,1
cholera-ocv1-ocv2-default,"Cholera:OCV2,campaign,with:default",OCV2,total,campaign,IND,India,2028,1,100,default age groups,1469367477,0.1830165449533809884919,both,1
cholera-ocv1-ocv2-default,"Cholera:OCV2,campaign,with:default",OCV2,total,campaign,IND,India,2031,1,100,default age groups,1504189534,0.1830165449533809607363,both,1
cholera-ocv1-ocv2-default,"Cholera:OCV2,campaign,with:default",OCV2,total,campaign,IND,India,2034,1,100,default age groups,1536254267,0.1830165449533809607363,both,1
cholera-ocv1-ocv2-default,"Cholera:OCV2,campaign,with:default",OCV2,total,campaign,IND,India,2037,1,100,default age groups,1565220827.5,0.1830165449533809607363,both,1
cholera-ocv1-ocv2-default,"Cholera:OCV2,campaign,with:default",OCV2,total,campaign,IND,India,2040,1,100,default age groups,1590929228.5,0.1830165449533809884919,both,1
cholera-ocv1-ocv2-default,"Cholera:OCV2,campaign,with:default",OCV2,total,campaign,IRN,"Iran, Islamic Republic of",2025,1,100,default age groups,89313488.5,0.0012120861964707956016,both,1
cholera-ocv1-ocv2-default,"Cholera:OCV2,campaign,with:default",OCV2,total,campaign,IRN,"Iran, Islamic Republic of",2028,1,100,default age groups,90971578.5,0.0012120861964707958184,both,1
cholera-ocv1-ocv2-default,"Cholera:OCV2,campaign,with:default",OCV2,total,campaign,IRN,"Iran, Islamic Republic of",2031,1,100,default age groups,92343507.5,0.0012120861964707958184,both,1
cholera-ocv1-ocv2-default,"Cholera:OCV2,campaign,with:default",OCV2,total,campaign,IRN,"Iran, Islamic Republic of",2034,1,100,default age groups,93507659.5,0.0012120861964707956016,both,1
cholera-ocv1-ocv2-default,"Cholera:OCV2,campaign,with:default",OCV2,total,campaign,IRN,"Iran, Islamic Republic of",2037,1,100,default age groups,94538686,0.0012120861964707958184,both,1
cholera-ocv1-ocv2-default,"Cholera:OCV2,campaign,with:default",OCV2,total,campaign,IRN,"Iran, Islamic Republic of",2040,1,100,default age groups,95482710,0.0012120861964707958184,both,1
cholera-ocv1-ocv2-default,"Cholera:OCV2,campaign,with:default",OCV2,total,campaign,IRQ,Iraq,2015,1,100,default age groups,36580052.5,0.0001368778790024973194,both,1
cholera-ocv1-ocv2-default,"Cholera:OCV2,campaign,with:default",OCV2,total,campaign,IRQ,Iraq,2025,1,100,default age groups,46337796,0.045819930087201796165,both,1
cholera-ocv1-ocv2-default,"Cholera:OCV2,campaign,with:default",OCV2,total,campaign,IRQ,Iraq,2028,1,100,default age groups,49419800.5,0.0458199300872017892261,both,1
cholera-ocv1-ocv2-default,"Cholera:OCV2,campaign,with:default",OCV2,total,campaign,IRQ,Iraq,2031,1,100,default age groups,52577343,0.045819930087201796165,both,1
cholera-ocv1-ocv2-default,"Cholera:OCV2,campaign,with:default",OCV2,total,campaign,IRQ,Iraq,2034,1,100,default age groups,55817145.5,0.0458199300872017892261,both,1
cholera-ocv1-ocv2-default,"Cholera:OCV2,campaign,with:default",OCV2,total,campaign,IRQ,Iraq,2037,1,100,default age groups,59107344.5,0.045819930087201796165,both,1
cholera-ocv1-ocv2-default,"Cholera:OCV2,campaign,with:default",OCV2,total,campaign,IRQ,Iraq,2040,1,100,default age groups,62401110,0.045819930087201796165,both,1
cholera-ocv1-ocv2-default,"Cholera:OCV2,campaign,with:default",OCV2,total,campaign,KEN,Kenya,2023,1,100,default age groups,53640111,0.0000491352450780722734,both,1
cholera-ocv1-ocv2-default,"Cholera:OCV2,campaign,with:default",OCV2,total,campaign,KEN,Kenya,2025,1,100,default age groups,55829725,0.0634230181384564939417,both,1
cholera-ocv1-ocv2-default,"Cholera:OCV2,campaign,with:default",OCV2,total,campaign,KEN,Kenya,2028,1,100,default age groups,59210291.5,0.0634230181384564939417,both,1
cholera-ocv1-ocv2-default,"Cholera:OCV2,campaign,with:default",OCV2,total,campaign,KEN,Kenya,2031,1,100,default age groups,62685150,0.0634230181384565078195,both,1
cholera-ocv1-ocv2-default,"Cholera:OCV2,campaign,with:default",OCV2,total,campaign,KEN,Kenya,2034,1,100,default age groups,66210349.5,0.0634230181384565078195,both,1
cholera-ocv1-ocv2-default,"Cholera:OCV2,campaign,with:default",OCV2,total,campaign,KEN,Kenya,2037,1,100,default age groups,69712503,0.0634230181384565078195,both,1
cholera-ocv1-ocv2-default,"Cholera:OCV2,campaign,with:default",OCV2,total,campaign,KEN,Kenya,2040,1,100,default age groups,73129686.5,0.0634230181384565078195,both,1
cholera-ocv1-ocv2-default,"Cholera:OCV2,campaign,with:default",OCV2,total,campaign,LBR,Liberia,2025,1,100,default age groups,5494088.5,0.0297659874280819317094,both,1
cholera-ocv1-ocv2-default,"Cholera:OCV2,campaign,with:default",OCV2,total,campaign,LBR,Liberia,2028,1,100,default age groups,5858366.5,0.0297659874280819317094,both,1
cholera-ocv1-ocv2-default,"Cholera:OCV2,campaign,with:default",OCV2,total,campaign,LBR,Liberia,2031,1,100,default age groups,6235776,0.0297659874280819351788,both,1
cholera-ocv1-ocv2-default,"Cholera:OCV2,campaign,with:default",OCV2,total,campaign,LBR,Liberia,2034,1,100,default age groups,6621846,0.0297659874280819317094,both,1
cholera-ocv1-ocv2-default,"Cholera:OCV2,campaign,with:default",OCV2,total,campaign,LBR,Liberia,2037,1,100,default age groups,7013785,0.0297659874280819282399,both,1
cholera-ocv1-ocv2-default,"Cholera:OCV2,campaign,with:default",OCV2,total,campaign,LBR,Liberia,2040,1,100,default age groups,7409019,0.0297659874280819317094,both,1
cholera-ocv1-ocv2-default,"Cholera:OCV2,campaign,with:default",OCV2,total,campaign,MDG,Madagascar,2025,1,100,default age groups,30889599,0.6999999999999999555911,both,1
cholera-ocv1-ocv2-default,"Cholera:OCV2,campaign,with:default",OCV2,total,campaign,MDG,Madagascar,2028,1,100,default age groups,33122145.5,0.6999999999999999555911,both,1
cholera-ocv1-ocv2-default,"Cholera:OCV2,campaign,with:default",OCV2,total,campaign,MDG,Madagascar,2031,1,100,default age groups,35415209,0.6999999999999999555911,both,1
cholera-ocv1-ocv2-default,"Cholera:OCV2,campaign,with:default",OCV2,total,campaign,MDG,Madagascar,2034,1,100,default age groups,37749808,0.6999999999999999555911,both,1
cholera-ocv1-ocv2-default,"Cholera:OCV2,campaign,with:default",OCV2,total,campaign,MDG,Madagascar,2037,1,100,default age groups,40109870.5,0.6999999999999999555911,both,1
cholera-ocv1-ocv2-default,"Cholera:OCV2,campaign,with:default",OCV2,total,campaign,MDG,Madagascar,2040,1,100,default age groups,42488709.5,0.6999999999999999555911,both,1
cholera-ocv1-ocv2-default,"Cholera:OCV2,campaign,with:default",OCV2,total,campaign,MLI,Mali,2025,1,100,default age groups,23816378.5,0.0384741117184507902538,both,1
cholera-ocv1-ocv2-default,"Cholera:OCV2,campaign,with:default",OCV2,total,campaign,MLI,Mali,2028,1,100,default age groups,26085077.5,0.0384741117184507902538,both,1
cholera-ocv1-ocv2-default,"Cholera:OCV2,campaign,with:default",OCV2,total,campaign,MLI,Mali,2031,1,100,default age groups,28495502.5,0.0384741117184507902538,both,1
cholera-ocv1-ocv2-default,"Cholera:OCV2,campaign,with:default",OCV2,total,campaign,MLI,Mali,2034,1,100,default age groups,31045943,0.0384741117184507902538,both,1
cholera-ocv1-ocv2-default,"Cholera:OCV2,campaign,with:default",OCV2,total,campaign,MLI,Mali,2037,1,100,default age groups,33721669.5,0.0384741117184507902538,both,1
cholera-ocv1-ocv2-default,"Cholera:OCV2,campaign,with:default",OCV2,total,campaign,MLI,Mali,2040,1,100,default age groups,36495336,0.0384741117184507902538,both,1
cholera-ocv1-ocv2-default,"Cholera:OCV2,campaign,with:default",OCV2,total,campaign,MOZ,Mozambique,2003,1,100,default age groups,18430394.5,0.0023958250052650799031,both,1
cholera-ocv1-ocv2-default,"Cholera:OCV2,campaign,with:default",OCV2,total,campaign,MOZ,Mozambique,2016,1,100,default age groups,26691094,0.0000124386059260066301,both,1
cholera-ocv1-ocv2-default,"Cholera:OCV2,campaign,with:default",OCV2,total,campaign,MOZ,Mozambique,2025,1,100,default age groups,34645935.5,0.0470646288818695260336,both,1
cholera-ocv1-ocv2-default,"Cholera:OCV2,campaign,with:default",OCV2,total,campaign,MOZ,Mozambique,2028,1,100,default age groups,37608510,0.0470646288818695329725,both,1
cholera-ocv1-ocv2-default,"Cholera:OCV2,campaign,with:default",OCV2,total,campaign,MOZ,Mozambique,2031,1,100,default age groups,40686711.5,0.0470646288818695329725,both,1
cholera-ocv1-ocv2-default,"Cholera:OCV2,campaign,with:default",OCV2,total,campaign,MOZ,Mozambique,2034,1,100,default age groups,43859924.5,0.0470646288818695329725,both,1
cholera-ocv1-ocv2-default,"Cholera:OCV2,campaign,with:default",OCV2,total,campaign,MOZ,Mozambique,2037,1,100,default age groups,47105152,0.0470646288818695260336,both,1
cholera-ocv1-ocv2-default,"Cholera:OCV2,campaign,with:default",OCV2,total,campaign,MOZ,Mozambique,2040,1,100,default age groups,50408559,0.0470646288818695260336,both,1
cholera-ocv1-ocv2-default,"Cholera:OCV2,campaign,with:default",OCV2,total,campaign,MRT,Mauritania,2025,1,100,default age groups,4971255.5,0.0077172819124964667226,both,1
cholera-ocv1-ocv2-default,"Cholera:OCV2,campaign,with:default",OCV2,total,campaign,MRT,Mauritania,2028,1,100,default age groups,5379134.5,0.0077172819124964667226,both,1
cholera-ocv1-ocv2-default,"Cholera:OCV2,campaign,with:default",OCV2,total,campaign,MRT,Mauritania,2031,1,100,default age groups,5804832.5,0.0077172819124964675899,both,1
cholera-ocv1-ocv2-default,"Cholera:OCV2,campaign,with:default",OCV2,total,campaign,MRT,Mauritania,2034,1,100,default age groups,6245457,0.0077172819124964675899,both,1
cholera-ocv1-ocv2-default,"Cholera:OCV2,campaign,with:default",OCV2,total,campaign,MRT,Mauritania,2037,1,100,default age groups,6700213,0.0077172819124964675899,both,1
cholera-ocv1-ocv2-default,"Cholera:OCV2,campaign,with:default",OCV2,total,campaign,MRT,Mauritania,2040,1,100,default age groups,7161240,0.0077172819124964684573,both,1
cholera-ocv1-ocv2-default,"Cholera:OCV2,campaign,with:default",OCV2,total,campaign,MWI,Malawi,2020,1,100,default age groups,18754096,0.0113449349944673427704,both,1
cholera-ocv1-ocv2-default,"Cholera:OCV2,campaign,with:default",OCV2,total,campaign,MWI,Malawi,2022,1,100,default age groups,19761375.5,0.0085349321963949318498,both,1
cholera-ocv1-ocv2-default,"Cholera:OCV2,campaign,with:default",OCV2,total,campaign,MWI,Malawi,2025,1,100,default age groups,21356692,0.0415772411352992241063,both,1
cholera-ocv1-ocv2-default,"Cholera:OCV2,campaign,with:default",OCV2,total,campaign,MWI,Malawi,2028,1,100,default age groups,23051238,0.0415772411352992310452,both,1
cholera-ocv1-ocv2-default,"Cholera:OCV2,campaign,with:default",OCV2,total,campaign,MWI,Malawi,2031,1,100,default age groups,24812408.5,0.0415772411352992241063,both,1
cholera-ocv1-ocv2-default,"Cholera:OCV2,campaign,with:default",OCV2,total,campaign,MWI,Malawi,2034,1,100,default age groups,26615866,0.0415772411352992241063,both,1
cholera-ocv1-ocv2-default,"Cholera:OCV2,campaign,with:default",OCV2,total,campaign,MWI,Malawi,2037,1,100,default age groups,28440560,0.0415772411352992241063,both,1
cholera-ocv1-ocv2-default,"Cholera:OCV2,campaign,with:default",OCV2,total,campaign,MWI,Malawi,2040,1,100,default age groups,30284218.5,0.0415772411352992241063,both,1
cholera-ocv1-ocv2-default,"Cholera:OCV2,campaign,with:default",OCV2,total,campaign,NAM,Namibia,2025,1,100,default age groups,2622946.5,0.1707069286070739821959,both,1
cholera-ocv1-ocv2-default,"Cholera:OCV2,campaign,with:default",OCV2,total,campaign,NAM,Namibia,2028,1,100,default age groups,2755071.5,0.1707069286070739544403,both,1
cholera-ocv1-ocv2-default,"Cholera:OCV2,campaign,with:default",OCV2,total,campaign,NAM,Namibia,2031,1,100,default age groups,2885734.5,0.1707069286070739821959,both,1
cholera-ocv1-ocv2-default,"Cholera:OCV2,campaign,with:default",OCV2,total,campaign,NAM,Namibia,2034,1,100,default age groups,3015241.5,0.1707069286070739544403,both,1
cholera-ocv1-ocv2-default,"Cholera:OCV2,campaign,with:default",OCV2,total,campaign,NAM,Namibia,2037,1,100,default age groups,3145229.5,0.1707069286070739821959,both,1
cholera-ocv1-ocv2-default,"Cholera:OCV2,campaign,with:default",OCV2,total,campaign,NAM,Namibia,2040,1,100,default age groups,3276033.5,0.1707069286070739544403,both,1
cholera-ocv1-ocv2-default,"Cholera:OCV2,campaign,with:default",OCV2,total,campaign,NER,Niger,2025,1,100,default age groups,28081433.5,0.0667733817502162430024,both,1
cholera-ocv1-ocv2-default,"Cholera:OCV2,campaign,with:default",OCV2,total,campaign,NER,Niger,2028,1,100,default age groups,31404993,0.0667733817502162430024,both,1
cholera-ocv1-ocv2-default,"Cholera:OCV2,campaign,with:default",OCV2,total,campaign,NER,Niger,2031,1,100,default age groups,35039013.5,0.0667733817502162430024,both,1
cholera-ocv1-ocv2-default,"Cholera:OCV2,campaign,with:default",OCV2,total,campaign,NER,Niger,2034,1,100,default age groups,38976518.5,0.0667733817502162430024,both,1
cholera-ocv1-ocv2-default,"Cholera:OCV2,campaign,with:default",OCV2,total,campaign,NER,Niger,2037,1,100,default age groups,43220668.5,0.0667733817502162430024,both,1
cholera-ocv1-ocv2-default,"Cholera:OCV2,campaign,with:default",OCV2,total,campaign,NER,Niger,2040,1,100,default age groups,47768679,0.0667733817502162430024,both,1
cholera-ocv1-ocv2-default,"Cholera:OCV2,campaign,with:default",OCV2,total,campaign,NGA,Nigeria,2022,1,100,default age groups,211007071,0.0041319666960355086807,both,1
cholera-ocv1-ocv2-default,"Cholera:OCV2,campaign,with:default",OCV2,total,campaign,NGA,Nigeria,2025,1,100,default age groups,226724849,0.0516185353878095068425,both,1
cholera-ocv1-ocv2-default,"Cholera:OCV2,campaign,with:default",OCV2,total,campaign,NGA,Nigeria,2028,1,100,default age groups,243070465,0.0516185353878095068425,both,1
cholera-ocv1-ocv2-default,"Cholera:OCV2,campaign,with:default",OCV2,total,campaign,NGA,Nigeria,2031,1,100,default age groups,259948347.5,0.0516185353878095068425,both,1
cholera-ocv1-ocv2-default,"Cholera:OCV2,campaign,with:default",OCV2,total,campaign,NGA,Nigeria,2034,1,100,default age groups,277186503,0.0516185353878095137814,both,1
cholera-ocv1-ocv2-default,"Cholera:OCV2,campaign,with:default",OCV2,total,campaign,NGA,Nigeria,2037,1,100,default age groups,294569334.5,0.0516185353878095068425,both,1
cholera-ocv1-ocv2-default,"Cholera:OCV2,campaign,with:default",OCV2,total,campaign,NGA,Nigeria,2040,1,100,default age groups,311988385.5,0.0516185353878095068425,both,1
cholera-ocv1-ocv2-default,"Cholera:OCV2,campaign,with:default",OCV2,total,campaign,NPL,Nepal,2025,1,100,default age groups,30982151.5,0.0699999999999999927836,both,1
cholera-ocv1-ocv2-default,"Cholera:OCV2,campaign,with:default",OCV2,total,campaign,NPL,Nepal,2028,1,100,default age groups,31964215.5,0.0699999999999999927836,both,1
cholera-ocv1-ocv2-default,"Cholera:OCV2,campaign,with:default",OCV2,total,campaign,NPL,Nepal,2031,1,100,default age groups,32863176.5,0.0699999999999999927836,both,1
cholera-ocv1-ocv2-default,"Cholera:OCV2,campaign,with:default",OCV2,total,campaign,NPL,Nepal,2034,1,100,default age groups,33672628,0.0699999999999999927836,both,1
cholera-ocv1-ocv2-default,"Cholera:OCV2,campaign,with:default",OCV2,total,campaign,NPL,Nepal,2037,1,100,default age groups,34404101.5,0.0699999999999999927836,both,1
cholera-ocv1-ocv2-default,"Cholera:OCV2,campaign,with:default",OCV2,total,campaign,NPL,Nepal,2040,1,100,default age groups,35066835,0.0699999999999999927836,both,1
cholera-ocv1-ocv2-default,"Cholera:OCV2,campaign,with:default",OCV2,total,campaign,PAK,Pakistan,2025,1,100,default age groups,243677365.5,0.0964198813321635872509,both,1
cholera-ocv1-ocv2-default,"Cholera:OCV2,campaign,with:default",OCV2,total,campaign,PAK,Pakistan,2028,1,100,default age groups,257887540.5,0.0964198813321635733731,both,1
cholera-ocv1-ocv2-default,"Cholera:OCV2,campaign,with:default",OCV2,total,campaign,PAK,Pakistan,2031,1,100,default age groups,272299210,0.0964198813321635733731,both,1
cholera-ocv1-ocv2-default,"Cholera:OCV2,campaign,with:default",OCV2,total,campaign,PAK,Pakistan,2034,1,100,default age groups,286822140,0.0964198813321635733731,both,1
cholera-ocv1-ocv2-default,"Cholera:OCV2,campaign,with:default",OCV2,total,campaign,PAK,Pakistan,2037,1,100,default age groups,301370544.5,0.0964198813321635733731,both,1
cholera-ocv1-ocv2-default,"Cholera:OCV2,campaign,with:default",OCV2,total,campaign,PAK,Pakistan,2040,1,100,default age groups,315760048,0.0964198813321635733731,both,1
cholera-ocv1-ocv2-default,"Cholera:OCV2,campaign,with:default",OCV2,total,campaign,PHL,Philippines,2025,1,100,default age groups,118399456.5,0.0700000000000000066613,both,1
cholera-ocv1-ocv2-default,"Cholera:OCV2,campaign,with:default",OCV2,total,campaign,PHL,Philippines,2028,1,100,default age groups,123580559,0.0699999999999999927836,both,1
cholera-ocv1-ocv2-default,"Cholera:OCV2,campaign,with:default",OCV2,total,campaign,PHL,Philippines,2031,1,100,default age groups,128630015.5,0.0699999999999999927836,both,1
cholera-ocv1-ocv2-default,"Cholera:OCV2,campaign,with:default",OCV2,total,campaign,PHL,Philippines,2034,1,100,default age groups,133505371,0.0700000000000000066613,both,1
cholera-ocv1-ocv2-default,"Cholera:OCV2,campaign,with:default",OCV2,total,campaign,PHL,Philippines,2037,1,100,default age groups,138149913,0.0700000000000000066613,both,1
cholera-ocv1-ocv2-default,"Cholera:OCV2,campaign,with:default",OCV2,total,campaign,PHL,Philippines,2040,1,100,default age groups,142562365,0.0699999999999999927836,both,1
cholera-ocv1-ocv2-default,"Cholera:OCV2,campaign,with:default",OCV2,total,campaign,RWA,Rwanda,2025,1,100,default age groups,14332257.5,0.6999999999999999555911,both,1
cholera-ocv1-ocv2-default,"Cholera:OCV2,campaign,with:default",OCV2,total,campaign,RWA,Rwanda,2028,1,100,default age groups,15300757,0.6999999999999999555911,both,1
cholera-ocv1-ocv2-default,"Cholera:OCV2,campaign,with:default",OCV2,total,campaign,RWA,Rwanda,2031,1,100,default age groups,16283398,0.6999999999999999555911,both,1
cholera-ocv1-ocv2-default,"Cholera:OCV2,campaign,with:default",OCV2,total,campaign,RWA,Rwanda,2034,1,100,default age groups,17273160.5,0.6999999999999999555911,both,1
cholera-ocv1-ocv2-default,"Cholera:OCV2,campaign,with:default",OCV2,total,campaign,RWA,Rwanda,2037,1,100,default age groups,18271722.5,0.6999999999999999555911,both,1
cholera-ocv1-ocv2-default,"Cholera:OCV2,campaign,with:default",OCV2,total,campaign,RWA,Rwanda,2040,1,100,default age groups,19276509.5,0.6999999999999999555911,both,1
cholera-ocv1-ocv2-default,"Cholera:OCV2,campaign,with:default",OCV2,total,campaign,SEN,Senegal,2025,1,100,default age groups,18125147,0.6999999999999999555911,both,1
cholera-ocv1-ocv2-default,"Cholera:OCV2,campaign,with:default",OCV2,total,campaign,SEN,Senegal,2028,1,100,default age groups,19541722.5,0.6999999999999999555911,both,1
cholera-ocv1-ocv2-default,"Cholera:OCV2,campaign,with:default",OCV2,total,campaign,SEN,Senegal,2031,1,100,default age groups,21022628,0.6999999999999999555911,both,1
cholera-ocv1-ocv2-default,"Cholera:OCV2,campaign,with:default",OCV2,total,campaign,SEN,Senegal,2034,1,100,default age groups,22571123.5,0.6999999999999999555911,both,1
cholera-ocv1-ocv2-default,"Cholera:OCV2,campaign,with:default",OCV2,total,campaign,SEN,Senegal,2037,1,100,default age groups,24189895.5,0.6999999999999999555911,both,1
cholera-ocv1-ocv2-default,"Cholera:OCV2,campaign,with:default",OCV2,total,campaign,SEN,Senegal,2040,1,100,default age groups,25874141,0.6999999999999999555911,both,1
cholera-ocv1-ocv2-default,"Cholera:OCV2,campaign,with:default",OCV2,total,campaign,SLE,Sierra Leone,2025,1,100,default age groups,8911022.5,0.4582110545838556925347,both,1
cholera-ocv1-ocv2-default,"Cholera:OCV2,campaign,with:default",OCV2,total,campaign,SLE,Sierra Leone,2028,1,100,default age groups,9471074.5,0.4582110545838556925347,both,1
cholera-ocv1-ocv2-default,"Cholera:OCV2,campaign,with:default",OCV2,total,campaign,SLE,Sierra Leone,2031,1,100,default age groups,10031907.5,0.4582110545838557480458,both,1
cholera-ocv1-ocv2-default,"Cholera:OCV2,campaign,with:default",OCV2,total,campaign,SLE,Sierra Leone,2034,1,100,default age groups,10589306.5,0.4582110545838556925347,both,1
cholera-ocv1-ocv2-default,"Cholera:OCV2,campaign,with:default",OCV2,total,campaign,SLE,Sierra Leone,2037,1,100,default age groups,11139787.5,0.4582110545838556925347,both,1
cholera-ocv1-ocv2-default,"Cholera:OCV2,campaign,with:default",OCV2,total,campaign,SLE,Sierra Leone,2040,1,100,default age groups,11675957,0.4582110545838556925347,both,1
cholera-ocv1-ocv2-default,"Cholera:OCV2,campaign,with:default",OCV2,total,campaign,SOM,Somalia,2022,1,100,default age groups,16885790,0.1057207273097675592766,both,1
cholera-ocv1-ocv2-default,"Cholera:OCV2,campaign,with:default",OCV2,total,campaign,SOM,Somalia,2023,1,100,default age groups,17415892.5,0.0911058103970267402216,both,1
cholera-ocv1-ocv2-default,"Cholera:OCV2,campaign,with:default",OCV2,total,campaign,SOM,Somalia,2025,1,100,default age groups,18528007,0.3184256084595301627971,both,1
cholera-ocv1-ocv2-default,"Cholera:OCV2,campaign,with:default",OCV2,total,campaign,SOM,Somalia,2028,1,100,default age groups,20276274,0.3184256084595302183082,both,1
cholera-ocv1-ocv2-default,"Cholera:OCV2,campaign,with:default",OCV2,total,campaign,SOM,Somalia,2031,1,100,default age groups,22120164,0.3184256084595302183082,both,1
cholera-ocv1-ocv2-default,"Cholera:OCV2,campaign,with:default",OCV2,total,campaign,SOM,Somalia,2034,1,100,default age groups,24054776.5,0.3184256084595301627971,both,1
cholera-ocv1-ocv2-default,"Cholera:OCV2,campaign,with:default",OCV2,total,campaign,SOM,Somalia,2037,1,100,default age groups,26073571,0.3184256084595301627971,both,1
cholera-ocv1-ocv2-default,"Cholera:OCV2,campaign,with:default",OCV2,total,campaign,SOM,Somalia,2040,1,100,default age groups,28158391.5,0.3184256084595301627971,both,1
cholera-ocv1-ocv2-default,"Cholera:OCV2,campaign,with:default",OCV2,total,campaign,SSD,South Sudan,2014,1,100,default age groups,10800242,0.008987020846384738415,both,1
cholera-ocv1-ocv2-default,"Cholera:OCV2,campaign,with:default",OCV2,total,campaign,SSD,South Sudan,2021,1,100,default age groups,10452485.5,0.0811385005030621636601,both,1
cholera-ocv1-ocv2-default,"Cholera:OCV2,campaign,with:default",OCV2,total,campaign,SSD,South Sudan,2022,1,100,default age groups,10614405,0.074366014863762971987,both,1
cholera-ocv1-ocv2-default,"Cholera:OCV2,campaign,with:default",OCV2,total,campaign,SSD,South Sudan,2025,1,100,default age groups,11158654.5,0.0973522841619784140565,both,1
cholera-ocv1-ocv2-default,"Cholera:OCV2,campaign,with:default",OCV2,total,campaign,SSD,South Sudan,2028,1,100,default age groups,11769327,0.0973522841619784140565,both,1
cholera-ocv1-ocv2-default,"Cholera:OCV2,campaign,with:default",OCV2,total,campaign,SSD,South Sudan,2031,1,100,default age groups,12454072,0.0973522841619784140565,both,1
cholera-ocv1-ocv2-default,"Cholera:OCV2,campaign,with:default",OCV2,total,campaign,SSD,South Sudan,2034,1,100,default age groups,13207732,0.0973522841619784140565,both,1
cholera-ocv1-ocv2-default,"Cholera:OCV2,campaign,with:default",OCV2,total,campaign,SSD,South Sudan,2037,1,100,default age groups,13986948.5,0.0973522841619784001788,both,1
cholera-ocv1-ocv2-default,"Cholera:OCV2,campaign,with:default",OCV2,total,campaign,SSD,South Sudan,2040,1,100,default age groups,14752605.5,0.0973522841619784001788,both,1
cholera-ocv1-ocv2-default,"Cholera:OCV2,campaign,with:default",OCV2,total,campaign,TCD,Chad,2025,1,100,default age groups,18664796.5,0.249033722536423168803,both,1
cholera-ocv1-ocv2-default,"Cholera:OCV2,campaign,with:default",OCV2,total,campaign,TCD,Chad,2028,1,100,default age groups,20415574,0.2490337225364231965585,both,1
cholera-ocv1-ocv2-default,"Cholera:OCV2,campaign,with:default",OCV2,total,campaign,TCD,Chad,2031,1,100,default age groups,22252259,0.249033722536423168803,both,1
cholera-ocv1-ocv2-default,"Cholera:OCV2,campaign,with:default",OCV2,total,campaign,TCD,Chad,2034,1,100,default age groups,24173505.5,0.249033722536423168803,both,1
cholera-ocv1-ocv2-default,"Cholera:OCV2,campaign,with:default",OCV2,total,campaign,TCD,Chad,2037,1,100,default age groups,26172439.5,0.2490337225364231965585,both,1
cholera-ocv1-ocv2-default,"Cholera:OCV2,campaign,with:default",OCV2,total,campaign,TCD,Chad,2040,1,100,default age groups,28242308,0.249033722536423168803,both,1
cholera-ocv1-ocv2-default,"Cholera:OCV2,campaign,with:default",OCV2,total,campaign,TGO,Togo,2025,1,100,default age groups,9193556,0.0565101083669308987267,both,1
cholera-ocv1-ocv2-default,"Cholera:OCV2,campaign,with:default",OCV2,total,campaign,TGO,Togo,2028,1,100,default age groups,9825617.5,0.0565101083669308987267,both,1
cholera-ocv1-ocv2-default,"Cholera:OCV2,campaign,with:default",OCV2,total,campaign,TGO,Togo,2031,1,100,default age groups,10483477,0.0565101083669308917878,both,1
cholera-ocv1-ocv2-default,"Cholera:OCV2,campaign,with:default",OCV2,total,campaign,TGO,Togo,2034,1,100,default age groups,11167874.5,0.0565101083669308987267,both,1
cholera-ocv1-ocv2-default,"Cholera:OCV2,campaign,with:default",OCV2,total,campaign,TGO,Togo,2037,1,100,default age groups,11876623.5,0.0565101083669308987267,both,1
cholera-ocv1-ocv2-default,"Cholera:OCV2,campaign,with:default",OCV2,total,campaign,TGO,Togo,2040,1,100,default age groups,12604846.5,0.0565101083669308987267,both,1
cholera-ocv1-ocv2-default,"Cholera:OCV2,campaign,with:default",OCV2,total,campaign,THA,Thailand,2025,1,100,default age groups,71342648.5,0.0700000000000000066613,both,1
cholera-ocv1-ocv2-default,"Cholera:OCV2,campaign,with:default",OCV2,total,campaign,THA,Thailand,2028,1,100,default age groups,71464601,0.0700000000000000066613,both,1
cholera-ocv1-ocv2-default,"Cholera:OCV2,campaign,with:default",OCV2,total,campaign,THA,Thailand,2031,1,100,default age groups,71444461,0.0700000000000000066613,both,1
cholera-ocv1-ocv2-default,"Cholera:OCV2,campaign,with:default",OCV2,total,campaign,THA,Thailand,2034,1,100,default age groups,71270067.5,0.0699999999999999927836,both,1
cholera-ocv1-ocv2-default,"Cholera:OCV2,campaign,with:default",OCV2,total,campaign,THA,Thailand,2037,1,100,default age groups,70917221.5,0.0699999999999999927836,both,1
cholera-ocv1-ocv2-default,"Cholera:OCV2,campaign,with:default",OCV2,total,campaign,THA,Thailand,2040,1,100,default age groups,70382698.5,0.0700000000000000066613,both,1
cholera-ocv1-ocv2-default,"Cholera:OCV2,campaign,with:default",OCV2,total,campaign,TZA,"Tanzania, United Republic of",2021,1,100,default age groups,61372207,0.0027397070794602513925,both,1
cholera-ocv1-ocv2-default,"Cholera:OCV2,campaign,with:default",OCV2,total,campaign,TZA,"Tanzania, United Republic of",2025,1,100,default age groups,69057561,0.1555470905513410551091,both,1
cholera-ocv1-ocv2-default,"Cholera:OCV2,campaign,with:default",OCV2,total,campaign,TZA,"Tanzania, United Republic of",2028,1,100,default age groups,75144277,0.1555470905513410551091,both,1
cholera-ocv1-ocv2-default,"Cholera:OCV2,campaign,with:default",OCV2,total,campaign,TZA,"Tanzania, United Republic of",2031,1,100,default age groups,81480479.5,0.1555470905513410551091,both,1
cholera-ocv1-ocv2-default,"Cholera:OCV2,campaign,with:default",OCV2,total,campaign,TZA,"Tanzania, United Republic of",2034,1,100,default age groups,88080074.5,0.1555470905513410551091,both,1
cholera-ocv1-ocv2-default,"Cholera:OCV2,campaign,with:default",OCV2,total,campaign,TZA,"Tanzania, United Republic of",2037,1,100,default age groups,94957099.5,0.1555470905513410828647,both,1
cholera-ocv1-ocv2-default,"Cholera:OCV2,campaign,with:default",OCV2,total,campaign,TZA,"Tanzania, United Republic of",2040,1,100,default age groups,102052636,0.1555470905513410551091,both,1
cholera-ocv1-ocv2-default,"Cholera:OCV2,campaign,with:default",OCV2,total,campaign,UGA,Uganda,1997,1,100,default age groups,20869908.5,0.0013228136577599274113,both,1
cholera-ocv1-ocv2-default,"Cholera:OCV2,campaign,with:default",OCV2,total,campaign,UGA,Uganda,2021,1,100,default age groups,44226848,0.0172108127624197859706,both,1
cholera-ocv1-ocv2-default,"Cholera:OCV2,campaign,with:default",OCV2,total,campaign,UGA,Uganda,2025,1,100,default age groups,49586031.5,0.0389208622293399642,both,1
cholera-ocv1-ocv2-default,"Cholera:OCV2,campaign,with:default",OCV2,total,campaign,UGA,Uganda,2028,1,100,default age groups,53766714,0.0389208622293399642,both,1
cholera-ocv1-ocv2-default,"Cholera:OCV2,campaign,with:default",OCV2,total,campaign,UGA,Uganda,2031,1,100,default age groups,58067221,0.0389208622293399711389,both,1
cholera-ocv1-ocv2-default,"Cholera:OCV2,campaign,with:default",OCV2,total,campaign,UGA,Uganda,2034,1,100,default age groups,62402928,0.0389208622293399642,both,1
cholera-ocv1-ocv2-default,"Cholera:OCV2,campaign,with:default",OCV2,total,campaign,UGA,Uganda,2037,1,100,default age groups,66772847.5,0.0389208622293399711389,both,1
cholera-ocv1-ocv2-default,"Cholera:OCV2,campaign,with:default",OCV2,total,campaign,UGA,Uganda,2040,1,100,default age groups,71171731.5,0.0389208622293399642,both,1
cholera-ocv1-ocv2-default,"Cholera:OCV2,campaign,with:default",OCV2,total,campaign,YEM,Yemen,2022,1,100,default age groups,32727416.5,0.0190006748623130702902,both,1
cholera-ocv1-ocv2-default,"Cholera:OCV2,campaign,with:default",OCV2,total,campaign,YEM,Yemen,2025,1,100,default age groups,35019379.5,0.1345169839257801258636,both,1
cholera-ocv1-ocv2-default,"Cholera:OCV2,campaign,with:default",OCV2,total,campaign,YEM,Yemen,2028,1,100,default age groups,37357503.5,0.1345169839257801258636,both,1
cholera-ocv1-ocv2-default,"Cholera:OCV2,campaign,with:default",OCV2,total,campaign,YEM,Yemen,2031,1,100,default age groups,39705113,0.1345169839257801258636,both,1
cholera-ocv1-ocv2-default,"Cholera:OCV2,campaign,with:default",OCV2,total,campaign,YEM,Yemen,2034,1,100,default age groups,42058696.5,0.1345169839257801258636,both,1
cholera-ocv1-ocv2-default,"Cholera:OCV2,campaign,with:default",OCV2,total,campaign,YEM,Yemen,2037,1,100,default age groups,44409815.5,0.1345169839257801536192,both,1
cholera-ocv1-ocv2-default,"Cholera:OCV2,campaign,with:default",OCV2,total,campaign,YEM,Yemen,2040,1,100,default age groups,46749998.5,0.1345169839257801258636,both,1
cholera-ocv1-ocv2-default,"Cholera:OCV2,campaign,with:default",OCV2,total,campaign,ZAF,South Africa,2025,1,100,default age groups,60571901.5,0.6999999999999999555911,both,1
cholera-ocv1-ocv2-default,"Cholera:OCV2,campaign,with:default",OCV2,total,campaign,ZAF,South Africa,2028,1,100,default age groups,62439559.5,0.6999999999999999555911,both,1
cholera-ocv1-ocv2-default,"Cholera:OCV2,campaign,with:default",OCV2,total,campaign,ZAF,South Africa,2031,1,100,default age groups,64147621,0.6999999999999999555911,both,1
cholera-ocv1-ocv2-default,"Cholera:OCV2,campaign,with:default",OCV2,total,campaign,ZAF,South Africa,2034,1,100,default age groups,65738925,0.6999999999999999555911,both,1
cholera-ocv1-ocv2-default,"Cholera:OCV2,campaign,with:default",OCV2,total,campaign,ZAF,South Africa,2037,1,100,default age groups,67236749.5,0.6999999999999999555911,both,1
cholera-ocv1-ocv2-default,"Cholera:OCV2,campaign,with:default",OCV2,total,campaign,ZAF,South Africa,2040,1,100,default age groups,68642978,0.6999999999999999555911,both,1
cholera-ocv1-ocv2-default,"Cholera:OCV2,campaign,with:default",OCV2,total,campaign,ZMB,Zambia,2021,1,100,default age groups,18828729,0.0490865336688419001687,both,1
cholera-ocv1-ocv2-default,"Cholera:OCV2,campaign,with:default",OCV2,total,campaign,ZMB,Zambia,2022,1,100,default age groups,19361809,0.074420370534592092393,both,1
cholera-ocv1-ocv2-default,"Cholera:OCV2,campaign,with:default",OCV2,total,campaign,ZMB,Zambia,2025,1,100,default age groups,21020328.5,0.1340617455061081930712,both,1
cholera-ocv1-ocv2-default,"Cholera:OCV2,campaign,with:default",OCV2,total,campaign,ZMB,Zambia,2028,1,100,default age groups,22750449.5,0.1340617455061082208267,both,1
cholera-ocv1-ocv2-default,"Cholera:OCV2,campaign,with:default",OCV2,total,campaign,ZMB,Zambia,2031,1,100,default age groups,24542354.5,0.1340617455061081930712,both,1
cholera-ocv1-ocv2-default,"Cholera:OCV2,campaign,with:default",OCV2,total,campaign,ZMB,Zambia,2034,1,100,default age groups,26382604,0.1340617455061082208267,both,1
cholera-ocv1-ocv2-default,"Cholera:OCV2,campaign,with:default",OCV2,total,campaign,ZMB,Zambia,2037,1,100,default age groups,28254739.5,0.1340617455061081930712,both,1
cholera-ocv1-ocv2-default,"Cholera:OCV2,campaign,with:default",OCV2,total,campaign,ZMB,Zambia,2040,1,100,default age groups,30158246.5,0.1340617455061081930712,both,1
cholera-ocv1-ocv2-default,"Cholera:OCV2,campaign,with:default",OCV2,total,campaign,ZWE,Zimbabwe,2025,1,100,default age groups,16892512.5,0.0217917767556076447111,both,1
cholera-ocv1-ocv2-default,"Cholera:OCV2,campaign,with:default",OCV2,total,campaign,ZWE,Zimbabwe,2028,1,100,default age groups,17955689,0.0217917767556076412416,both,1
cholera-ocv1-ocv2-default,"Cholera:OCV2,campaign,with:default",OCV2,total,campaign,ZWE,Zimbabwe,2031,1,100,default age groups,19036977.5,0.0217917767556076412416,both,1
cholera-ocv1-ocv2-default,"Cholera:OCV2,campaign,with:default",OCV2,total,campaign,ZWE,Zimbabwe,2034,1,100,default age groups,20142614,0.0217917767556076447111,both,1
cholera-ocv1-ocv2-default,"Cholera:OCV2,campaign,with:default",OCV2,total,campaign,ZWE,Zimbabwe,2037,1,100,default age groups,21261055.5,0.0217917767556076412416,both,1
cholera-ocv1-ocv2-default,"Cholera:OCV2,campaign,with:default",OCV2,total,campaign,ZWE,Zimbabwe,2040,1,100,default age groups,22373253.5,0.0217917767556076412416,both,1
