scenario,set_name,vaccine,gavi_support,activity_type,country_code,country,year,age_first,age_last,age_range_verbatim,target,coverage,gender,proportion_risk
je-campaign-default,"JE : JE,campaign,with : default",JE,total,campaign,BGD,Bangladesh,2023,1,14,<NA>,40423113,0.9000000000000000222,both,<NA>
je-campaign-default,"JE : JE,campaign,with : default",JE,total,campaign,BTN,Bhutan,2024,1,14,<NA>,175576,0.9000000000000000222,both,<NA>
je-campaign-default,"JE : JE,campaign,with : default",JE,total,campaign,IND,India,2006,1,14,default age and gender,351160690,0.0264836021366742988,both,<NA>
je-campaign-default,"JE : JE,campaign,with : default",JE,total,campaign,IND,India,2007,1,14,default age and gender,352607074,0.05218273074124429867,both,<NA>
je-campaign-default,"JE : JE,campaign,with : default",JE,total,campaign,IND,India,2008,1,14,default age and gender,353796866,0.04776752318659600177,both,<NA>
je-campaign-default,"JE : JE,campaign,with : default",JE,total,campaign,IND,India,2009,1,14,default age and gender,354556374,0.05104970979875819714,both,<NA>
je-campaign-default,"JE : JE,campaign,with : default",JE,total,campaign,IND,India,2010,1,14,default age and gender,354759217,0.02601764678040769871,both,<NA>
je-campaign-default,"JE : JE,campaign,with : default",JE,total,campaign,IND,India,2017,1,15,1 to 15 yrs,370067092,0.04373690433409300332,both,<NA>
je-campaign-default,"JE : JE,campaign,with : default",JE,total,campaign,KHM,Cambodia,2013,1,14,default age and gender,4466662,0.06930214106193839652,both,<NA>
je-campaign-default,"JE : JE,campaign,with : default",JE,total,campaign,NPL,Nepal,2005,1,14,default age and gender,9491463,0.06417840958764729764,both,<NA>
je-campaign-default,"JE : JE,campaign,with : default",JE,total,campaign,NPL,Nepal,2006,1,14,default age and gender,9461613,0.26810439192556301258,both,<NA>
je-campaign-default,"JE : JE,campaign,with : default",JE,total,campaign,NPL,Nepal,2008,1,14,default age and gender,9398627,0.20139143728121100541,both,<NA>
je-campaign-default,"JE : JE,campaign,with : default",JE,total,campaign,PAK,Pakistan,2026,1,14,<NA>,76281647,0.9000000000000000222,both,<NA>
je-campaign-default,"JE : JE,campaign,with : default",JE,total,campaign,PHL,Philippines,2026,1,14,<NA>,30422983,0.9000000000000000222,both,<NA>
je-campaign-default,"JE : JE,campaign,with : default",JE,total,campaign,PNG,Papua New Guinea,2027,1,14,<NA>,3126107,0.9000000000000000222,both,<NA>
je-campaign-default,"JE : JE,campaign,with : default",JE,total,campaign,PRK,"Korea, Democratic People's Republic of",2023,1,14,<NA>,4786569,0.9000000000000000222,both,<NA>
je-campaign-default,"JE : JE,campaign,with : default",JE,total,campaign,TLS,Timor-Leste,2025,1,14,<NA>,478229,0.9000000000000000222,both,<NA>
je-campaign-default,"JE : JE,campaign,with : default",JE,total,campaign,VNM,Viet Nam,2017,6,15,6-15 years,13877628,0.01426086648237000036,both,<NA>
je-campaign-default,"JE : JE,campaign,with : default",JE,total,campaign,VNM,Viet Nam,2018,6,15,6-15 year,14075762,0.01239535024817840086,both,<NA>
je-campaign-default,"JE : JE,routine,with : default",JE,total,routine,BGD,Bangladesh,1980,0,0,<NA>,<NA>,0,both,<NA>
je-campaign-default,"JE : JE,routine,with : default",JE,total,routine,BGD,Bangladesh,1981,0,0,<NA>,<NA>,0,both,<NA>
je-campaign-default,"JE : JE,routine,with : default",JE,total,routine,BGD,Bangladesh,1982,0,0,<NA>,<NA>,0,both,<NA>
je-campaign-default,"JE : JE,routine,with : default",JE,total,routine,BGD,Bangladesh,1983,0,0,<NA>,<NA>,0,both,<NA>
je-campaign-default,"JE : JE,routine,with : default",JE,total,routine,BGD,Bangladesh,1984,0,0,<NA>,<NA>,0,both,<NA>
je-campaign-default,"JE : JE,routine,with : default",JE,total,routine,BGD,Bangladesh,1985,0,0,<NA>,<NA>,0,both,<NA>
je-campaign-default,"JE : JE,routine,with : default",JE,total,routine,BGD,Bangladesh,1986,0,0,<NA>,<NA>,0,both,<NA>
je-campaign-default,"JE : JE,routine,with : default",JE,total,routine,BGD,Bangladesh,1987,0,0,<NA>,<NA>,0,both,<NA>
je-campaign-default,"JE : JE,routine,with : default",JE,total,routine,BGD,Bangladesh,1988,0,0,<NA>,<NA>,0,both,<NA>
je-campaign-default,"JE : JE,routine,with : default",JE,total,routine,BGD,Bangladesh,1989,0,0,<NA>,<NA>,0,both,<NA>
je-campaign-default,"JE : JE,routine,with : default",JE,total,routine,BGD,Bangladesh,1990,0,0,<NA>,<NA>,0,both,<NA>
je-campaign-default,"JE : JE,routine,with : default",JE,total,routine,BGD,Bangladesh,1991,0,0,<NA>,<NA>,0,both,<NA>
je-campaign-default,"JE : JE,routine,with : default",JE,total,routine,BGD,Bangladesh,1992,0,0,<NA>,<NA>,0,both,<NA>
je-campaign-default,"JE : JE,routine,with : default",JE,total,routine,BGD,Bangladesh,1993,0,0,<NA>,<NA>,0,both,<NA>
je-campaign-default,"JE : JE,routine,with : default",JE,total,routine,BGD,Bangladesh,1994,0,0,<NA>,<NA>,0,both,<NA>
je-campaign-default,"JE : JE,routine,with : default",JE,total,routine,BGD,Bangladesh,1995,0,0,<NA>,<NA>,0,both,<NA>
je-campaign-default,"JE : JE,routine,with : default",JE,total,routine,BGD,Bangladesh,1996,0,0,<NA>,<NA>,0,both,<NA>
je-campaign-default,"JE : JE,routine,with : default",JE,total,routine,BGD,Bangladesh,1997,0,0,<NA>,<NA>,0,both,<NA>
je-campaign-default,"JE : JE,routine,with : default",JE,total,routine,BGD,Bangladesh,1998,0,0,<NA>,<NA>,0,both,<NA>
je-campaign-default,"JE : JE,routine,with : default",JE,total,routine,BGD,Bangladesh,1999,0,0,<NA>,<NA>,0,both,<NA>
je-campaign-default,"JE : JE,routine,with : default",JE,total,routine,BGD,Bangladesh,2000,0,0,<NA>,<NA>,0,both,<NA>
je-campaign-default,"JE : JE,routine,with : default",JE,total,routine,BGD,Bangladesh,2001,0,0,<NA>,<NA>,0,both,<NA>
je-campaign-default,"JE : JE,routine,with : default",JE,total,routine,BGD,Bangladesh,2002,0,0,<NA>,<NA>,0,both,<NA>
je-campaign-default,"JE : JE,routine,with : default",JE,total,routine,BGD,Bangladesh,2003,0,0,<NA>,<NA>,0,both,<NA>
je-campaign-default,"JE : JE,routine,with : default",JE,total,routine,BGD,Bangladesh,2004,0,0,<NA>,<NA>,0,both,<NA>
je-campaign-default,"JE : JE,routine,with : default",JE,total,routine,BGD,Bangladesh,2005,0,0,<NA>,<NA>,0,both,<NA>
je-campaign-default,"JE : JE,routine,with : default",JE,total,routine,BGD,Bangladesh,2006,0,0,<NA>,<NA>,0,both,<NA>
je-campaign-default,"JE : JE,routine,with : default",JE,total,routine,BGD,Bangladesh,2007,0,0,<NA>,<NA>,0,both,<NA>
je-campaign-default,"JE : JE,routine,with : default",JE,total,routine,BGD,Bangladesh,2008,0,0,<NA>,<NA>,0,both,<NA>
je-campaign-default,"JE : JE,routine,with : default",JE,total,routine,BGD,Bangladesh,2009,0,0,<NA>,<NA>,0,both,<NA>
je-campaign-default,"JE : JE,routine,with : default",JE,total,routine,BGD,Bangladesh,2010,0,0,<NA>,<NA>,0,both,<NA>
je-campaign-default,"JE : JE,routine,with : default",JE,total,routine,BGD,Bangladesh,2011,0,0,<NA>,<NA>,0,both,<NA>
je-campaign-default,"JE : JE,routine,with : default",JE,total,routine,BGD,Bangladesh,2012,0,0,<NA>,<NA>,0,both,<NA>
je-campaign-default,"JE : JE,routine,with : default",JE,total,routine,BGD,Bangladesh,2013,0,0,<NA>,<NA>,0,both,<NA>
je-campaign-default,"JE : JE,routine,with : default",JE,total,routine,BGD,Bangladesh,2014,0,0,<NA>,<NA>,0,both,<NA>
je-campaign-default,"JE : JE,routine,with : default",JE,total,routine,BGD,Bangladesh,2015,0,0,<NA>,<NA>,0,both,<NA>
je-campaign-default,"JE : JE,routine,with : default",JE,total,routine,BGD,Bangladesh,2016,0,0,<NA>,<NA>,0,both,<NA>
je-campaign-default,"JE : JE,routine,with : default",JE,total,routine,BGD,Bangladesh,2017,0,0,<NA>,<NA>,0,both,<NA>
je-campaign-default,"JE : JE,routine,with : default",JE,total,routine,BGD,Bangladesh,2018,0,0,<NA>,<NA>,0,both,<NA>
je-campaign-default,"JE : JE,routine,with : default",JE,total,routine,BGD,Bangladesh,2019,0,0,<NA>,<NA>,0,both,<NA>
je-campaign-default,"JE : JE,routine,with : default",JE,total,routine,BGD,Bangladesh,2020,0,0,<NA>,<NA>,0,both,<NA>
je-campaign-default,"JE : JE,routine,with : default",JE,total,routine,BGD,Bangladesh,2021,0,0,<NA>,<NA>,0,both,<NA>
je-campaign-default,"JE : JE,routine,with : default",JE,total,routine,BGD,Bangladesh,2022,0,0,<NA>,<NA>,0,both,<NA>
je-campaign-default,"JE : JE,routine,with : default",JE,total,routine,BGD,Bangladesh,2023,0,0,<NA>,<NA>,0.96598524294442089655,both,<NA>
je-campaign-default,"JE : JE,routine,with : default",JE,total,routine,BGD,Bangladesh,2024,0,0,<NA>,<NA>,0.95939808671217663427,both,<NA>
je-campaign-default,"JE : JE,routine,with : default",JE,total,routine,BGD,Bangladesh,2025,0,0,<NA>,<NA>,0.95153528922936869705,both,<NA>
je-campaign-default,"JE : JE,routine,with : default",JE,total,routine,BGD,Bangladesh,2026,0,0,<NA>,<NA>,0.94214981512249662554,both,<NA>
je-campaign-default,"JE : JE,routine,with : default",JE,total,routine,BGD,Bangladesh,2027,0,0,<NA>,<NA>,0.93094678917615003577,both,<NA>
je-campaign-default,"JE : JE,routine,with : default",JE,total,routine,BGD,Bangladesh,2028,0,0,<NA>,<NA>,0.9175742318684035892,both,<NA>
je-campaign-default,"JE : JE,routine,with : default",JE,total,routine,BGD,Bangladesh,2029,0,0,<NA>,<NA>,0.90161200078856962303,both,<NA>
je-campaign-default,"JE : JE,routine,with : default",JE,total,routine,BGD,Bangladesh,2030,0,0,<NA>,<NA>,0.88255859049595308807,both,<NA>
je-campaign-default,"JE : JE,routine,with : default",JE,total,routine,BGD,Bangladesh,2031,0,0,<NA>,<NA>,0.89255859049595309695,both,<NA>
je-campaign-default,"JE : JE,routine,with : default",JE,total,routine,BGD,Bangladesh,2032,0,0,<NA>,<NA>,0.90255859049595310584,both,<NA>
je-campaign-default,"JE : JE,routine,with : default",JE,total,routine,BGD,Bangladesh,2033,0,0,<NA>,<NA>,0.91255859049595311472,both,<NA>
je-campaign-default,"JE : JE,routine,with : default",JE,total,routine,BGD,Bangladesh,2034,0,0,<NA>,<NA>,0.9225585904959531236,both,<NA>
je-campaign-default,"JE : JE,routine,with : default",JE,total,routine,BGD,Bangladesh,2035,0,0,<NA>,<NA>,0.93255859049595313248,both,<NA>
je-campaign-default,"JE : JE,routine,with : default",JE,total,routine,BGD,Bangladesh,2036,0,0,<NA>,<NA>,0.94255859049595303034,both,<NA>
je-campaign-default,"JE : JE,routine,with : default",JE,total,routine,BGD,Bangladesh,2037,0,0,<NA>,<NA>,0.95255859049595303922,both,<NA>
je-campaign-default,"JE : JE,routine,with : default",JE,total,routine,BGD,Bangladesh,2038,0,0,<NA>,<NA>,0.96255859049595304811,both,<NA>
je-campaign-default,"JE : JE,routine,with : default",JE,total,routine,BGD,Bangladesh,2039,0,0,<NA>,<NA>,0.96598524294442089655,both,<NA>
je-campaign-default,"JE : JE,routine,with : default",JE,total,routine,BGD,Bangladesh,2040,0,0,<NA>,<NA>,0.96598524294442089655,both,<NA>
je-campaign-default,"JE : JE,routine,with : default",JE,total,routine,BGD,Bangladesh,2041,0,0,<NA>,<NA>,0.96598524294442089655,both,<NA>
je-campaign-default,"JE : JE,routine,with : default",JE,total,routine,BGD,Bangladesh,2042,0,0,<NA>,<NA>,0.96598524294442089655,both,<NA>
je-campaign-default,"JE : JE,routine,with : default",JE,total,routine,BGD,Bangladesh,2043,0,0,<NA>,<NA>,0.96598524294442089655,both,<NA>
je-campaign-default,"JE : JE,routine,with : default",JE,total,routine,BGD,Bangladesh,2044,0,0,<NA>,<NA>,0.96598524294442089655,both,<NA>
je-campaign-default,"JE : JE,routine,with : default",JE,total,routine,BGD,Bangladesh,2045,0,0,<NA>,<NA>,0.96598524294442089655,both,<NA>
je-campaign-default,"JE : JE,routine,with : default",JE,total,routine,BGD,Bangladesh,2046,0,0,<NA>,<NA>,0.96598524294442089655,both,<NA>
je-campaign-default,"JE : JE,routine,with : default",JE,total,routine,BGD,Bangladesh,2047,0,0,<NA>,<NA>,0.96598524294442089655,both,<NA>
je-campaign-default,"JE : JE,routine,with : default",JE,total,routine,BGD,Bangladesh,2048,0,0,<NA>,<NA>,0.96598524294442089655,both,<NA>
je-campaign-default,"JE : JE,routine,with : default",JE,total,routine,BGD,Bangladesh,2049,0,0,<NA>,<NA>,0.96598524294442089655,both,<NA>
je-campaign-default,"JE : JE,routine,with : default",JE,total,routine,BGD,Bangladesh,2050,0,0,<NA>,<NA>,0.96598524294442089655,both,<NA>
je-campaign-default,"JE : JE,routine,with : default",JE,total,routine,BGD,Bangladesh,2051,0,0,<NA>,<NA>,0.96598524294442089655,both,<NA>
je-campaign-default,"JE : JE,routine,with : default",JE,total,routine,BGD,Bangladesh,2052,0,0,<NA>,<NA>,0.96598524294442089655,both,<NA>
je-campaign-default,"JE : JE,routine,with : default",JE,total,routine,BGD,Bangladesh,2053,0,0,<NA>,<NA>,0.96598524294442089655,both,<NA>
je-campaign-default,"JE : JE,routine,with : default",JE,total,routine,BGD,Bangladesh,2054,0,0,<NA>,<NA>,0.96598524294442089655,both,<NA>
je-campaign-default,"JE : JE,routine,with : default",JE,total,routine,BGD,Bangladesh,2055,0,0,<NA>,<NA>,0.96598524294442089655,both,<NA>
je-campaign-default,"JE : JE,routine,with : default",JE,total,routine,BGD,Bangladesh,2056,0,0,<NA>,<NA>,0.96598524294442089655,both,<NA>
je-campaign-default,"JE : JE,routine,with : default",JE,total,routine,BGD,Bangladesh,2057,0,0,<NA>,<NA>,0.96598524294442089655,both,<NA>
je-campaign-default,"JE : JE,routine,with : default",JE,total,routine,BGD,Bangladesh,2058,0,0,<NA>,<NA>,0.96598524294442089655,both,<NA>
je-campaign-default,"JE : JE,routine,with : default",JE,total,routine,BGD,Bangladesh,2059,0,0,<NA>,<NA>,0.96598524294442089655,both,<NA>
je-campaign-default,"JE : JE,routine,with : default",JE,total,routine,BGD,Bangladesh,2060,0,0,<NA>,<NA>,0.96598524294442089655,both,<NA>
je-campaign-default,"JE : JE,routine,with : default",JE,total,routine,BGD,Bangladesh,2061,0,0,<NA>,<NA>,0.96598524294442089655,both,<NA>
je-campaign-default,"JE : JE,routine,with : default",JE,total,routine,BGD,Bangladesh,2062,0,0,<NA>,<NA>,0.96598524294442089655,both,<NA>
je-campaign-default,"JE : JE,routine,with : default",JE,total,routine,BGD,Bangladesh,2063,0,0,<NA>,<NA>,0.96598524294442089655,both,<NA>
je-campaign-default,"JE : JE,routine,with : default",JE,total,routine,BGD,Bangladesh,2064,0,0,<NA>,<NA>,0.96598524294442089655,both,<NA>
je-campaign-default,"JE : JE,routine,with : default",JE,total,routine,BGD,Bangladesh,2065,0,0,<NA>,<NA>,0.96598524294442089655,both,<NA>
je-campaign-default,"JE : JE,routine,with : default",JE,total,routine,BGD,Bangladesh,2066,0,0,<NA>,<NA>,0.96598524294442089655,both,<NA>
je-campaign-default,"JE : JE,routine,with : default",JE,total,routine,BGD,Bangladesh,2067,0,0,<NA>,<NA>,0.96598524294442089655,both,<NA>
je-campaign-default,"JE : JE,routine,with : default",JE,total,routine,BGD,Bangladesh,2068,0,0,<NA>,<NA>,0.96598524294442089655,both,<NA>
je-campaign-default,"JE : JE,routine,with : default",JE,total,routine,BGD,Bangladesh,2069,0,0,<NA>,<NA>,0.96598524294442089655,both,<NA>
je-campaign-default,"JE : JE,routine,with : default",JE,total,routine,BGD,Bangladesh,2070,0,0,<NA>,<NA>,0.96598524294442089655,both,<NA>
je-campaign-default,"JE : JE,routine,with : default",JE,total,routine,BGD,Bangladesh,2071,0,0,<NA>,<NA>,0.96598524294442089655,both,<NA>
je-campaign-default,"JE : JE,routine,with : default",JE,total,routine,BGD,Bangladesh,2072,0,0,<NA>,<NA>,0.96598524294442089655,both,<NA>
je-campaign-default,"JE : JE,routine,with : default",JE,total,routine,BGD,Bangladesh,2073,0,0,<NA>,<NA>,0.96598524294442089655,both,<NA>
je-campaign-default,"JE : JE,routine,with : default",JE,total,routine,BGD,Bangladesh,2074,0,0,<NA>,<NA>,0.96598524294442089655,both,<NA>
je-campaign-default,"JE : JE,routine,with : default",JE,total,routine,BGD,Bangladesh,2075,0,0,<NA>,<NA>,0.96598524294442089655,both,<NA>
je-campaign-default,"JE : JE,routine,with : default",JE,total,routine,BGD,Bangladesh,2076,0,0,<NA>,<NA>,0.96598524294442089655,both,<NA>
je-campaign-default,"JE : JE,routine,with : default",JE,total,routine,BGD,Bangladesh,2077,0,0,<NA>,<NA>,0.96598524294442089655,both,<NA>
je-campaign-default,"JE : JE,routine,with : default",JE,total,routine,BGD,Bangladesh,2078,0,0,<NA>,<NA>,0.96598524294442089655,both,<NA>
je-campaign-default,"JE : JE,routine,with : default",JE,total,routine,BGD,Bangladesh,2079,0,0,<NA>,<NA>,0.96598524294442089655,both,<NA>
je-campaign-default,"JE : JE,routine,with : default",JE,total,routine,BGD,Bangladesh,2080,0,0,<NA>,<NA>,0.96598524294442089655,both,<NA>
je-campaign-default,"JE : JE,routine,with : default",JE,total,routine,BGD,Bangladesh,2081,0,0,<NA>,<NA>,0.96598524294442089655,both,<NA>
je-campaign-default,"JE : JE,routine,with : default",JE,total,routine,BGD,Bangladesh,2082,0,0,<NA>,<NA>,0.96598524294442089655,both,<NA>
je-campaign-default,"JE : JE,routine,with : default",JE,total,routine,BGD,Bangladesh,2083,0,0,<NA>,<NA>,0.96598524294442089655,both,<NA>
je-campaign-default,"JE : JE,routine,with : default",JE,total,routine,BGD,Bangladesh,2084,0,0,<NA>,<NA>,0.96598524294442089655,both,<NA>
je-campaign-default,"JE : JE,routine,with : default",JE,total,routine,BGD,Bangladesh,2085,0,0,<NA>,<NA>,0.96598524294442089655,both,<NA>
je-campaign-default,"JE : JE,routine,with : default",JE,total,routine,BGD,Bangladesh,2086,0,0,<NA>,<NA>,0.96598524294442089655,both,<NA>
je-campaign-default,"JE : JE,routine,with : default",JE,total,routine,BGD,Bangladesh,2087,0,0,<NA>,<NA>,0.96598524294442089655,both,<NA>
je-campaign-default,"JE : JE,routine,with : default",JE,total,routine,BGD,Bangladesh,2088,0,0,<NA>,<NA>,0.96598524294442089655,both,<NA>
je-campaign-default,"JE : JE,routine,with : default",JE,total,routine,BGD,Bangladesh,2089,0,0,<NA>,<NA>,0.96598524294442089655,both,<NA>
je-campaign-default,"JE : JE,routine,with : default",JE,total,routine,BGD,Bangladesh,2090,0,0,<NA>,<NA>,0.96598524294442089655,both,<NA>
je-campaign-default,"JE : JE,routine,with : default",JE,total,routine,BGD,Bangladesh,2091,0,0,<NA>,<NA>,0.96598524294442089655,both,<NA>
je-campaign-default,"JE : JE,routine,with : default",JE,total,routine,BGD,Bangladesh,2092,0,0,<NA>,<NA>,0.96598524294442089655,both,<NA>
je-campaign-default,"JE : JE,routine,with : default",JE,total,routine,BGD,Bangladesh,2093,0,0,<NA>,<NA>,0.96598524294442089655,both,<NA>
je-campaign-default,"JE : JE,routine,with : default",JE,total,routine,BGD,Bangladesh,2094,0,0,<NA>,<NA>,0.96598524294442089655,both,<NA>
je-campaign-default,"JE : JE,routine,with : default",JE,total,routine,BGD,Bangladesh,2095,0,0,<NA>,<NA>,0.96598524294442089655,both,<NA>
je-campaign-default,"JE : JE,routine,with : default",JE,total,routine,BGD,Bangladesh,2096,0,0,<NA>,<NA>,0.96598524294442089655,both,<NA>
je-campaign-default,"JE : JE,routine,with : default",JE,total,routine,BGD,Bangladesh,2097,0,0,<NA>,<NA>,0.96598524294442089655,both,<NA>
je-campaign-default,"JE : JE,routine,with : default",JE,total,routine,BGD,Bangladesh,2098,0,0,<NA>,<NA>,0.96598524294442089655,both,<NA>
je-campaign-default,"JE : JE,routine,with : default",JE,total,routine,BGD,Bangladesh,2099,0,0,<NA>,<NA>,0.96598524294442089655,both,<NA>
je-campaign-default,"JE : JE,routine,with : default",JE,total,routine,BGD,Bangladesh,2100,0,0,<NA>,<NA>,0.96598524294442089655,both,<NA>
je-campaign-default,"JE : JE,routine,with : default",JE,total,routine,BTN,Bhutan,1980,0,0,<NA>,<NA>,0,both,<NA>
je-campaign-default,"JE : JE,routine,with : default",JE,total,routine,BTN,Bhutan,1981,0,0,<NA>,<NA>,0,both,<NA>
je-campaign-default,"JE : JE,routine,with : default",JE,total,routine,BTN,Bhutan,1982,0,0,<NA>,<NA>,0,both,<NA>
je-campaign-default,"JE : JE,routine,with : default",JE,total,routine,BTN,Bhutan,1983,0,0,<NA>,<NA>,0,both,<NA>
je-campaign-default,"JE : JE,routine,with : default",JE,total,routine,BTN,Bhutan,1984,0,0,<NA>,<NA>,0,both,<NA>
je-campaign-default,"JE : JE,routine,with : default",JE,total,routine,BTN,Bhutan,1985,0,0,<NA>,<NA>,0,both,<NA>
je-campaign-default,"JE : JE,routine,with : default",JE,total,routine,BTN,Bhutan,1986,0,0,<NA>,<NA>,0,both,<NA>
je-campaign-default,"JE : JE,routine,with : default",JE,total,routine,BTN,Bhutan,1987,0,0,<NA>,<NA>,0,both,<NA>
je-campaign-default,"JE : JE,routine,with : default",JE,total,routine,BTN,Bhutan,1988,0,0,<NA>,<NA>,0,both,<NA>
je-campaign-default,"JE : JE,routine,with : default",JE,total,routine,BTN,Bhutan,1989,0,0,<NA>,<NA>,0,both,<NA>
je-campaign-default,"JE : JE,routine,with : default",JE,total,routine,BTN,Bhutan,1990,0,0,<NA>,<NA>,0,both,<NA>
je-campaign-default,"JE : JE,routine,with : default",JE,total,routine,BTN,Bhutan,1991,0,0,<NA>,<NA>,0,both,<NA>
je-campaign-default,"JE : JE,routine,with : default",JE,total,routine,BTN,Bhutan,1992,0,0,<NA>,<NA>,0,both,<NA>
je-campaign-default,"JE : JE,routine,with : default",JE,total,routine,BTN,Bhutan,1993,0,0,<NA>,<NA>,0,both,<NA>
je-campaign-default,"JE : JE,routine,with : default",JE,total,routine,BTN,Bhutan,1994,0,0,<NA>,<NA>,0,both,<NA>
je-campaign-default,"JE : JE,routine,with : default",JE,total,routine,BTN,Bhutan,1995,0,0,<NA>,<NA>,0,both,<NA>
je-campaign-default,"JE : JE,routine,with : default",JE,total,routine,BTN,Bhutan,1996,0,0,<NA>,<NA>,0,both,<NA>
je-campaign-default,"JE : JE,routine,with : default",JE,total,routine,BTN,Bhutan,1997,0,0,<NA>,<NA>,0,both,<NA>
je-campaign-default,"JE : JE,routine,with : default",JE,total,routine,BTN,Bhutan,1998,0,0,<NA>,<NA>,0,both,<NA>
je-campaign-default,"JE : JE,routine,with : default",JE,total,routine,BTN,Bhutan,1999,0,0,<NA>,<NA>,0,both,<NA>
je-campaign-default,"JE : JE,routine,with : default",JE,total,routine,BTN,Bhutan,2000,0,0,<NA>,<NA>,0,both,<NA>
je-campaign-default,"JE : JE,routine,with : default",JE,total,routine,BTN,Bhutan,2001,0,0,<NA>,<NA>,0,both,<NA>
je-campaign-default,"JE : JE,routine,with : default",JE,total,routine,BTN,Bhutan,2002,0,0,<NA>,<NA>,0,both,<NA>
je-campaign-default,"JE : JE,routine,with : default",JE,total,routine,BTN,Bhutan,2003,0,0,<NA>,<NA>,0,both,<NA>
je-campaign-default,"JE : JE,routine,with : default",JE,total,routine,BTN,Bhutan,2004,0,0,<NA>,<NA>,0,both,<NA>
je-campaign-default,"JE : JE,routine,with : default",JE,total,routine,BTN,Bhutan,2005,0,0,<NA>,<NA>,0,both,<NA>
je-campaign-default,"JE : JE,routine,with : default",JE,total,routine,BTN,Bhutan,2006,0,0,<NA>,<NA>,0,both,<NA>
je-campaign-default,"JE : JE,routine,with : default",JE,total,routine,BTN,Bhutan,2007,0,0,<NA>,<NA>,0,both,<NA>
je-campaign-default,"JE : JE,routine,with : default",JE,total,routine,BTN,Bhutan,2008,0,0,<NA>,<NA>,0,both,<NA>
je-campaign-default,"JE : JE,routine,with : default",JE,total,routine,BTN,Bhutan,2009,0,0,<NA>,<NA>,0,both,<NA>
je-campaign-default,"JE : JE,routine,with : default",JE,total,routine,BTN,Bhutan,2010,0,0,<NA>,<NA>,0,both,<NA>
je-campaign-default,"JE : JE,routine,with : default",JE,total,routine,BTN,Bhutan,2011,0,0,<NA>,<NA>,0,both,<NA>
je-campaign-default,"JE : JE,routine,with : default",JE,total,routine,BTN,Bhutan,2012,0,0,<NA>,<NA>,0,both,<NA>
je-campaign-default,"JE : JE,routine,with : default",JE,total,routine,BTN,Bhutan,2013,0,0,<NA>,<NA>,0,both,<NA>
je-campaign-default,"JE : JE,routine,with : default",JE,total,routine,BTN,Bhutan,2014,0,0,<NA>,<NA>,0,both,<NA>
je-campaign-default,"JE : JE,routine,with : default",JE,total,routine,BTN,Bhutan,2015,0,0,<NA>,<NA>,0,both,<NA>
je-campaign-default,"JE : JE,routine,with : default",JE,total,routine,BTN,Bhutan,2016,0,0,<NA>,<NA>,0,both,<NA>
je-campaign-default,"JE : JE,routine,with : default",JE,total,routine,BTN,Bhutan,2017,0,0,<NA>,<NA>,0,both,<NA>
je-campaign-default,"JE : JE,routine,with : default",JE,total,routine,BTN,Bhutan,2018,0,0,<NA>,<NA>,0,both,<NA>
je-campaign-default,"JE : JE,routine,with : default",JE,total,routine,BTN,Bhutan,2019,0,0,<NA>,<NA>,0,both,<NA>
je-campaign-default,"JE : JE,routine,with : default",JE,total,routine,BTN,Bhutan,2020,0,0,<NA>,<NA>,0,both,<NA>
je-campaign-default,"JE : JE,routine,with : default",JE,total,routine,BTN,Bhutan,2021,0,0,<NA>,<NA>,0,both,<NA>
je-campaign-default,"JE : JE,routine,with : default",JE,total,routine,BTN,Bhutan,2022,0,0,<NA>,<NA>,0,both,<NA>
je-campaign-default,"JE : JE,routine,with : default",JE,total,routine,BTN,Bhutan,2023,0,0,<NA>,<NA>,0,both,<NA>
je-campaign-default,"JE : JE,routine,with : default",JE,total,routine,BTN,Bhutan,2024,0,0,<NA>,<NA>,0.96414134002766704867,both,<NA>
je-campaign-default,"JE : JE,routine,with : default",JE,total,routine,BTN,Bhutan,2025,0,0,<NA>,<NA>,0.96079599311921892735,both,<NA>
je-campaign-default,"JE : JE,routine,with : default",JE,total,routine,BTN,Bhutan,2026,0,0,<NA>,<NA>,0.95713855016628679451,both,<NA>
je-campaign-default,"JE : JE,routine,with : default",JE,total,routine,BTN,Bhutan,2027,0,0,<NA>,<NA>,0.95313989492363559997,both,<NA>
je-campaign-default,"JE : JE,routine,with : default",JE,total,routine,BTN,Bhutan,2028,0,0,<NA>,<NA>,0.94876819481638907661,both,<NA>
je-campaign-default,"JE : JE,routine,with : default",JE,total,routine,BTN,Bhutan,2029,0,0,<NA>,<NA>,0.94398864752662858812,both,<NA>
je-campaign-default,"JE : JE,routine,with : default",JE,total,routine,BTN,Bhutan,2030,0,0,<NA>,<NA>,0.93876320393840306799,both,<NA>
je-campaign-default,"JE : JE,routine,with : default",JE,total,routine,BTN,Bhutan,2031,0,0,<NA>,<NA>,0.94876320393840307688,both,<NA>
je-campaign-default,"JE : JE,routine,with : default",JE,total,routine,BTN,Bhutan,2032,0,0,<NA>,<NA>,0.95876320393840308576,both,<NA>
je-campaign-default,"JE : JE,routine,with : default",JE,total,routine,BTN,Bhutan,2033,0,0,<NA>,<NA>,0.96414134002766704867,both,<NA>
je-campaign-default,"JE : JE,routine,with : default",JE,total,routine,BTN,Bhutan,2034,0,0,<NA>,<NA>,0.96414134002766704867,both,<NA>
je-campaign-default,"JE : JE,routine,with : default",JE,total,routine,BTN,Bhutan,2035,0,0,<NA>,<NA>,0.96414134002766704867,both,<NA>
je-campaign-default,"JE : JE,routine,with : default",JE,total,routine,BTN,Bhutan,2036,0,0,<NA>,<NA>,0.96414134002766704867,both,<NA>
je-campaign-default,"JE : JE,routine,with : default",JE,total,routine,BTN,Bhutan,2037,0,0,<NA>,<NA>,0.96414134002766704867,both,<NA>
je-campaign-default,"JE : JE,routine,with : default",JE,total,routine,BTN,Bhutan,2038,0,0,<NA>,<NA>,0.96414134002766704867,both,<NA>
je-campaign-default,"JE : JE,routine,with : default",JE,total,routine,BTN,Bhutan,2039,0,0,<NA>,<NA>,0.96414134002766704867,both,<NA>
je-campaign-default,"JE : JE,routine,with : default",JE,total,routine,BTN,Bhutan,2040,0,0,<NA>,<NA>,0.96414134002766704867,both,<NA>
je-campaign-default,"JE : JE,routine,with : default",JE,total,routine,BTN,Bhutan,2041,0,0,<NA>,<NA>,0.96414134002766704867,both,<NA>
je-campaign-default,"JE : JE,routine,with : default",JE,total,routine,BTN,Bhutan,2042,0,0,<NA>,<NA>,0.96414134002766704867,both,<NA>
je-campaign-default,"JE : JE,routine,with : default",JE,total,routine,BTN,Bhutan,2043,0,0,<NA>,<NA>,0.96414134002766704867,both,<NA>
je-campaign-default,"JE : JE,routine,with : default",JE,total,routine,BTN,Bhutan,2044,0,0,<NA>,<NA>,0.96414134002766704867,both,<NA>
je-campaign-default,"JE : JE,routine,with : default",JE,total,routine,BTN,Bhutan,2045,0,0,<NA>,<NA>,0.96414134002766704867,both,<NA>
je-campaign-default,"JE : JE,routine,with : default",JE,total,routine,BTN,Bhutan,2046,0,0,<NA>,<NA>,0.96414134002766704867,both,<NA>
je-campaign-default,"JE : JE,routine,with : default",JE,total,routine,BTN,Bhutan,2047,0,0,<NA>,<NA>,0.96414134002766704867,both,<NA>
je-campaign-default,"JE : JE,routine,with : default",JE,total,routine,BTN,Bhutan,2048,0,0,<NA>,<NA>,0.96414134002766704867,both,<NA>
je-campaign-default,"JE : JE,routine,with : default",JE,total,routine,BTN,Bhutan,2049,0,0,<NA>,<NA>,0.96414134002766704867,both,<NA>
je-campaign-default,"JE : JE,routine,with : default",JE,total,routine,BTN,Bhutan,2050,0,0,<NA>,<NA>,0.96414134002766704867,both,<NA>
je-campaign-default,"JE : JE,routine,with : default",JE,total,routine,BTN,Bhutan,2051,0,0,<NA>,<NA>,0.96414134002766704867,both,<NA>
je-campaign-default,"JE : JE,routine,with : default",JE,total,routine,BTN,Bhutan,2052,0,0,<NA>,<NA>,0.96414134002766704867,both,<NA>
je-campaign-default,"JE : JE,routine,with : default",JE,total,routine,BTN,Bhutan,2053,0,0,<NA>,<NA>,0.96414134002766704867,both,<NA>
je-campaign-default,"JE : JE,routine,with : default",JE,total,routine,BTN,Bhutan,2054,0,0,<NA>,<NA>,0.96414134002766704867,both,<NA>
je-campaign-default,"JE : JE,routine,with : default",JE,total,routine,BTN,Bhutan,2055,0,0,<NA>,<NA>,0.96414134002766704867,both,<NA>
je-campaign-default,"JE : JE,routine,with : default",JE,total,routine,BTN,Bhutan,2056,0,0,<NA>,<NA>,0.96414134002766704867,both,<NA>
je-campaign-default,"JE : JE,routine,with : default",JE,total,routine,BTN,Bhutan,2057,0,0,<NA>,<NA>,0.96414134002766704867,both,<NA>
je-campaign-default,"JE : JE,routine,with : default",JE,total,routine,BTN,Bhutan,2058,0,0,<NA>,<NA>,0.96414134002766704867,both,<NA>
je-campaign-default,"JE : JE,routine,with : default",JE,total,routine,BTN,Bhutan,2059,0,0,<NA>,<NA>,0.96414134002766704867,both,<NA>
je-campaign-default,"JE : JE,routine,with : default",JE,total,routine,BTN,Bhutan,2060,0,0,<NA>,<NA>,0.96414134002766704867,both,<NA>
je-campaign-default,"JE : JE,routine,with : default",JE,total,routine,BTN,Bhutan,2061,0,0,<NA>,<NA>,0.96414134002766704867,both,<NA>
je-campaign-default,"JE : JE,routine,with : default",JE,total,routine,BTN,Bhutan,2062,0,0,<NA>,<NA>,0.96414134002766704867,both,<NA>
je-campaign-default,"JE : JE,routine,with : default",JE,total,routine,BTN,Bhutan,2063,0,0,<NA>,<NA>,0.96414134002766704867,both,<NA>
je-campaign-default,"JE : JE,routine,with : default",JE,total,routine,BTN,Bhutan,2064,0,0,<NA>,<NA>,0.96414134002766704867,both,<NA>
je-campaign-default,"JE : JE,routine,with : default",JE,total,routine,BTN,Bhutan,2065,0,0,<NA>,<NA>,0.96414134002766704867,both,<NA>
je-campaign-default,"JE : JE,routine,with : default",JE,total,routine,BTN,Bhutan,2066,0,0,<NA>,<NA>,0.96414134002766704867,both,<NA>
je-campaign-default,"JE : JE,routine,with : default",JE,total,routine,BTN,Bhutan,2067,0,0,<NA>,<NA>,0.96414134002766704867,both,<NA>
je-campaign-default,"JE : JE,routine,with : default",JE,total,routine,BTN,Bhutan,2068,0,0,<NA>,<NA>,0.96414134002766704867,both,<NA>
je-campaign-default,"JE : JE,routine,with : default",JE,total,routine,BTN,Bhutan,2069,0,0,<NA>,<NA>,0.96414134002766704867,both,<NA>
je-campaign-default,"JE : JE,routine,with : default",JE,total,routine,BTN,Bhutan,2070,0,0,<NA>,<NA>,0.96414134002766704867,both,<NA>
je-campaign-default,"JE : JE,routine,with : default",JE,total,routine,BTN,Bhutan,2071,0,0,<NA>,<NA>,0.96414134002766704867,both,<NA>
je-campaign-default,"JE : JE,routine,with : default",JE,total,routine,BTN,Bhutan,2072,0,0,<NA>,<NA>,0.96414134002766704867,both,<NA>
je-campaign-default,"JE : JE,routine,with : default",JE,total,routine,BTN,Bhutan,2073,0,0,<NA>,<NA>,0.96414134002766704867,both,<NA>
je-campaign-default,"JE : JE,routine,with : default",JE,total,routine,BTN,Bhutan,2074,0,0,<NA>,<NA>,0.96414134002766704867,both,<NA>
je-campaign-default,"JE : JE,routine,with : default",JE,total,routine,BTN,Bhutan,2075,0,0,<NA>,<NA>,0.96414134002766704867,both,<NA>
je-campaign-default,"JE : JE,routine,with : default",JE,total,routine,BTN,Bhutan,2076,0,0,<NA>,<NA>,0.96414134002766704867,both,<NA>
je-campaign-default,"JE : JE,routine,with : default",JE,total,routine,BTN,Bhutan,2077,0,0,<NA>,<NA>,0.96414134002766704867,both,<NA>
je-campaign-default,"JE : JE,routine,with : default",JE,total,routine,BTN,Bhutan,2078,0,0,<NA>,<NA>,0.96414134002766704867,both,<NA>
je-campaign-default,"JE : JE,routine,with : default",JE,total,routine,BTN,Bhutan,2079,0,0,<NA>,<NA>,0.96414134002766704867,both,<NA>
je-campaign-default,"JE : JE,routine,with : default",JE,total,routine,BTN,Bhutan,2080,0,0,<NA>,<NA>,0.96414134002766704867,both,<NA>
je-campaign-default,"JE : JE,routine,with : default",JE,total,routine,BTN,Bhutan,2081,0,0,<NA>,<NA>,0.96414134002766704867,both,<NA>
je-campaign-default,"JE : JE,routine,with : default",JE,total,routine,BTN,Bhutan,2082,0,0,<NA>,<NA>,0.96414134002766704867,both,<NA>
je-campaign-default,"JE : JE,routine,with : default",JE,total,routine,BTN,Bhutan,2083,0,0,<NA>,<NA>,0.96414134002766704867,both,<NA>
je-campaign-default,"JE : JE,routine,with : default",JE,total,routine,BTN,Bhutan,2084,0,0,<NA>,<NA>,0.96414134002766704867,both,<NA>
je-campaign-default,"JE : JE,routine,with : default",JE,total,routine,BTN,Bhutan,2085,0,0,<NA>,<NA>,0.96414134002766704867,both,<NA>
je-campaign-default,"JE : JE,routine,with : default",JE,total,routine,BTN,Bhutan,2086,0,0,<NA>,<NA>,0.96414134002766704867,both,<NA>
je-campaign-default,"JE : JE,routine,with : default",JE,total,routine,BTN,Bhutan,2087,0,0,<NA>,<NA>,0.96414134002766704867,both,<NA>
je-campaign-default,"JE : JE,routine,with : default",JE,total,routine,BTN,Bhutan,2088,0,0,<NA>,<NA>,0.96414134002766704867,both,<NA>
je-campaign-default,"JE : JE,routine,with : default",JE,total,routine,BTN,Bhutan,2089,0,0,<NA>,<NA>,0.96414134002766704867,both,<NA>
je-campaign-default,"JE : JE,routine,with : default",JE,total,routine,BTN,Bhutan,2090,0,0,<NA>,<NA>,0.96414134002766704867,both,<NA>
je-campaign-default,"JE : JE,routine,with : default",JE,total,routine,BTN,Bhutan,2091,0,0,<NA>,<NA>,0.96414134002766704867,both,<NA>
je-campaign-default,"JE : JE,routine,with : default",JE,total,routine,BTN,Bhutan,2092,0,0,<NA>,<NA>,0.96414134002766704867,both,<NA>
je-campaign-default,"JE : JE,routine,with : default",JE,total,routine,BTN,Bhutan,2093,0,0,<NA>,<NA>,0.96414134002766704867,both,<NA>
je-campaign-default,"JE : JE,routine,with : default",JE,total,routine,BTN,Bhutan,2094,0,0,<NA>,<NA>,0.96414134002766704867,both,<NA>
je-campaign-default,"JE : JE,routine,with : default",JE,total,routine,BTN,Bhutan,2095,0,0,<NA>,<NA>,0.96414134002766704867,both,<NA>
je-campaign-default,"JE : JE,routine,with : default",JE,total,routine,BTN,Bhutan,2096,0,0,<NA>,<NA>,0.96414134002766704867,both,<NA>
je-campaign-default,"JE : JE,routine,with : default",JE,total,routine,BTN,Bhutan,2097,0,0,<NA>,<NA>,0.96414134002766704867,both,<NA>
je-campaign-default,"JE : JE,routine,with : default",JE,total,routine,BTN,Bhutan,2098,0,0,<NA>,<NA>,0.96414134002766704867,both,<NA>
je-campaign-default,"JE : JE,routine,with : default",JE,total,routine,BTN,Bhutan,2099,0,0,<NA>,<NA>,0.96414134002766704867,both,<NA>
je-campaign-default,"JE : JE,routine,with : default",JE,total,routine,BTN,Bhutan,2100,0,0,<NA>,<NA>,0.96414134002766704867,both,<NA>
je-campaign-default,"JE : JE,routine,with : default",JE,total,routine,CHN,China,1980,0,0,<NA>,<NA>,0,both,<NA>
je-campaign-default,"JE : JE,routine,with : default",JE,total,routine,CHN,China,1981,0,0,<NA>,<NA>,0,both,<NA>
je-campaign-default,"JE : JE,routine,with : default",JE,total,routine,CHN,China,1982,0,0,<NA>,<NA>,0,both,<NA>
je-campaign-default,"JE : JE,routine,with : default",JE,total,routine,CHN,China,1983,0,0,<NA>,<NA>,0,both,<NA>
je-campaign-default,"JE : JE,routine,with : default",JE,total,routine,CHN,China,1984,0,0,<NA>,<NA>,0,both,<NA>
je-campaign-default,"JE : JE,routine,with : default",JE,total,routine,CHN,China,1985,0,0,<NA>,<NA>,0,both,<NA>
je-campaign-default,"JE : JE,routine,with : default",JE,total,routine,CHN,China,1986,0,0,<NA>,<NA>,0,both,<NA>
je-campaign-default,"JE : JE,routine,with : default",JE,total,routine,CHN,China,1987,0,0,<NA>,<NA>,0,both,<NA>
je-campaign-default,"JE : JE,routine,with : default",JE,total,routine,CHN,China,1988,0,0,<NA>,<NA>,0,both,<NA>
je-campaign-default,"JE : JE,routine,with : default",JE,total,routine,CHN,China,1989,0,0,<NA>,<NA>,0,both,<NA>
je-campaign-default,"JE : JE,routine,with : default",JE,total,routine,CHN,China,1990,0,0,<NA>,<NA>,0,both,<NA>
je-campaign-default,"JE : JE,routine,with : default",JE,total,routine,CHN,China,1991,0,0,<NA>,<NA>,0,both,<NA>
je-campaign-default,"JE : JE,routine,with : default",JE,total,routine,CHN,China,1992,0,0,<NA>,<NA>,0,both,<NA>
je-campaign-default,"JE : JE,routine,with : default",JE,total,routine,CHN,China,1993,0,0,<NA>,<NA>,0,both,<NA>
je-campaign-default,"JE : JE,routine,with : default",JE,total,routine,CHN,China,1994,0,0,<NA>,<NA>,0,both,<NA>
je-campaign-default,"JE : JE,routine,with : default",JE,total,routine,CHN,China,1995,0,0,<NA>,<NA>,0,both,<NA>
je-campaign-default,"JE : JE,routine,with : default",JE,total,routine,CHN,China,1996,0,0,<NA>,<NA>,0,both,<NA>
je-campaign-default,"JE : JE,routine,with : default",JE,total,routine,CHN,China,1997,0,0,<NA>,<NA>,0,both,<NA>
je-campaign-default,"JE : JE,routine,with : default",JE,total,routine,CHN,China,1998,0,0,<NA>,<NA>,0,both,<NA>
je-campaign-default,"JE : JE,routine,with : default",JE,total,routine,CHN,China,1999,0,0,<NA>,<NA>,0,both,<NA>
je-campaign-default,"JE : JE,routine,with : default",JE,total,routine,CHN,China,2000,0,0,<NA>,<NA>,0,both,<NA>
je-campaign-default,"JE : JE,routine,with : default",JE,total,routine,CHN,China,2001,0,0,<NA>,<NA>,0,both,<NA>
je-campaign-default,"JE : JE,routine,with : default",JE,total,routine,CHN,China,2002,0,0,<NA>,<NA>,0,both,<NA>
je-campaign-default,"JE : JE,routine,with : default",JE,total,routine,CHN,China,2003,0,0,<NA>,<NA>,0,both,<NA>
je-campaign-default,"JE : JE,routine,with : default",JE,total,routine,CHN,China,2004,0,0,<NA>,<NA>,0,both,<NA>
je-campaign-default,"JE : JE,routine,with : default",JE,total,routine,CHN,China,2005,0,0,<NA>,<NA>,0,both,<NA>
je-campaign-default,"JE : JE,routine,with : default",JE,total,routine,CHN,China,2006,0,0,<NA>,<NA>,0,both,<NA>
je-campaign-default,"JE : JE,routine,with : default",JE,total,routine,CHN,China,2007,0,0,<NA>,<NA>,0,both,<NA>
je-campaign-default,"JE : JE,routine,with : default",JE,total,routine,CHN,China,2008,0,0,<NA>,<NA>,0,both,<NA>
je-campaign-default,"JE : JE,routine,with : default",JE,total,routine,CHN,China,2009,0,0,<NA>,<NA>,0,both,<NA>
je-campaign-default,"JE : JE,routine,with : default",JE,total,routine,CHN,China,2010,0,0,<NA>,<NA>,0.94999999999999995559,both,<NA>
je-campaign-default,"JE : JE,routine,with : default",JE,total,routine,CHN,China,2011,0,0,<NA>,<NA>,0.98999999999999999112,both,<NA>
je-campaign-default,"JE : JE,routine,with : default",JE,total,routine,CHN,China,2012,0,0,<NA>,<NA>,0.97999999999999998224,both,<NA>
je-campaign-default,"JE : JE,routine,with : default",JE,total,routine,CHN,China,2013,0,0,<NA>,<NA>,1,both,<NA>
je-campaign-default,"JE : JE,routine,with : default",JE,total,routine,CHN,China,2014,0,0,<NA>,<NA>,0.96999999999999997335,both,<NA>
je-campaign-default,"JE : JE,routine,with : default",JE,total,routine,CHN,China,2015,0,0,<NA>,<NA>,1,both,<NA>
je-campaign-default,"JE : JE,routine,with : default",JE,total,routine,CHN,China,2016,0,0,<NA>,<NA>,0.96999999999999997335,both,<NA>
je-campaign-default,"JE : JE,routine,with : default",JE,total,routine,CHN,China,2017,0,0,<NA>,<NA>,0.98999999999999999112,both,<NA>
je-campaign-default,"JE : JE,routine,with : default",JE,total,routine,CHN,China,2018,0,0,<NA>,<NA>,0.98999999999999999112,both,<NA>
je-campaign-default,"JE : JE,routine,with : default",JE,total,routine,CHN,China,2019,0,0,<NA>,<NA>,0.98999999999999999112,both,<NA>
je-campaign-default,"JE : JE,routine,with : default",JE,total,routine,CHN,China,2020,0,0,<NA>,<NA>,0.98999999999999999112,both,<NA>
je-campaign-default,"JE : JE,routine,with : default",JE,total,routine,CHN,China,2021,0,0,<NA>,<NA>,0.98988152059082190615,both,<NA>
je-campaign-default,"JE : JE,routine,with : default",JE,total,routine,CHN,China,2022,0,0,<NA>,<NA>,0.98976163744460388116,both,<NA>
je-campaign-default,"JE : JE,routine,with : default",JE,total,routine,CHN,China,2023,0,0,<NA>,<NA>,0.98964033392995243155,both,<NA>
je-campaign-default,"JE : JE,routine,with : default",JE,total,routine,CHN,China,2024,0,0,<NA>,<NA>,0.98951759321842625017,both,<NA>
je-campaign-default,"JE : JE,routine,with : default",JE,total,routine,CHN,China,2025,0,0,<NA>,<NA>,0.98939339828220174144,both,<NA>
je-campaign-default,"JE : JE,routine,with : default",JE,total,routine,CHN,China,2026,0,0,<NA>,<NA>,0.98926773189171057776,both,<NA>
je-campaign-default,"JE : JE,routine,with : default",JE,total,routine,CHN,China,2027,0,0,<NA>,<NA>,0.9891405766132493893,both,<NA>
je-campaign-default,"JE : JE,routine,with : default",JE,total,routine,CHN,China,2028,0,0,<NA>,<NA>,0.9890119148065616983,both,<NA>
je-campaign-default,"JE : JE,routine,with : default",JE,total,routine,CHN,China,2029,0,0,<NA>,<NA>,0.98888172862238998828,both,<NA>
je-campaign-default,"JE : JE,routine,with : default",JE,total,routine,CHN,China,2030,0,0,<NA>,<NA>,0.98874999999999990674,both,<NA>
je-campaign-default,"JE : JE,routine,with : default",JE,total,routine,CHN,China,2031,0,0,<NA>,<NA>,0.99874999999999991562,both,<NA>
je-campaign-default,"JE : JE,routine,with : default",JE,total,routine,CHN,China,2032,0,0,<NA>,<NA>,1,both,<NA>
je-campaign-default,"JE : JE,routine,with : default",JE,total,routine,CHN,China,2033,0,0,<NA>,<NA>,1,both,<NA>
je-campaign-default,"JE : JE,routine,with : default",JE,total,routine,CHN,China,2034,0,0,<NA>,<NA>,1,both,<NA>
je-campaign-default,"JE : JE,routine,with : default",JE,total,routine,CHN,China,2035,0,0,<NA>,<NA>,1,both,<NA>
je-campaign-default,"JE : JE,routine,with : default",JE,total,routine,CHN,China,2036,0,0,<NA>,<NA>,1,both,<NA>
je-campaign-default,"JE : JE,routine,with : default",JE,total,routine,CHN,China,2037,0,0,<NA>,<NA>,1,both,<NA>
je-campaign-default,"JE : JE,routine,with : default",JE,total,routine,CHN,China,2038,0,0,<NA>,<NA>,1,both,<NA>
je-campaign-default,"JE : JE,routine,with : default",JE,total,routine,CHN,China,2039,0,0,<NA>,<NA>,1,both,<NA>
je-campaign-default,"JE : JE,routine,with : default",JE,total,routine,CHN,China,2040,0,0,<NA>,<NA>,1,both,<NA>
je-campaign-default,"JE : JE,routine,with : default",JE,total,routine,CHN,China,2041,0,0,<NA>,<NA>,1,both,<NA>
je-campaign-default,"JE : JE,routine,with : default",JE,total,routine,CHN,China,2042,0,0,<NA>,<NA>,1,both,<NA>
je-campaign-default,"JE : JE,routine,with : default",JE,total,routine,CHN,China,2043,0,0,<NA>,<NA>,1,both,<NA>
je-campaign-default,"JE : JE,routine,with : default",JE,total,routine,CHN,China,2044,0,0,<NA>,<NA>,1,both,<NA>
je-campaign-default,"JE : JE,routine,with : default",JE,total,routine,CHN,China,2045,0,0,<NA>,<NA>,1,both,<NA>
je-campaign-default,"JE : JE,routine,with : default",JE,total,routine,CHN,China,2046,0,0,<NA>,<NA>,1,both,<NA>
je-campaign-default,"JE : JE,routine,with : default",JE,total,routine,CHN,China,2047,0,0,<NA>,<NA>,1,both,<NA>
je-campaign-default,"JE : JE,routine,with : default",JE,total,routine,CHN,China,2048,0,0,<NA>,<NA>,1,both,<NA>
je-campaign-default,"JE : JE,routine,with : default",JE,total,routine,CHN,China,2049,0,0,<NA>,<NA>,1,both,<NA>
je-campaign-default,"JE : JE,routine,with : default",JE,total,routine,CHN,China,2050,0,0,<NA>,<NA>,1,both,<NA>
je-campaign-default,"JE : JE,routine,with : default",JE,total,routine,CHN,China,2051,0,0,<NA>,<NA>,1,both,<NA>
je-campaign-default,"JE : JE,routine,with : default",JE,total,routine,CHN,China,2052,0,0,<NA>,<NA>,1,both,<NA>
je-campaign-default,"JE : JE,routine,with : default",JE,total,routine,CHN,China,2053,0,0,<NA>,<NA>,1,both,<NA>
je-campaign-default,"JE : JE,routine,with : default",JE,total,routine,CHN,China,2054,0,0,<NA>,<NA>,1,both,<NA>
je-campaign-default,"JE : JE,routine,with : default",JE,total,routine,CHN,China,2055,0,0,<NA>,<NA>,1,both,<NA>
je-campaign-default,"JE : JE,routine,with : default",JE,total,routine,CHN,China,2056,0,0,<NA>,<NA>,1,both,<NA>
je-campaign-default,"JE : JE,routine,with : default",JE,total,routine,CHN,China,2057,0,0,<NA>,<NA>,1,both,<NA>
je-campaign-default,"JE : JE,routine,with : default",JE,total,routine,CHN,China,2058,0,0,<NA>,<NA>,1,both,<NA>
je-campaign-default,"JE : JE,routine,with : default",JE,total,routine,CHN,China,2059,0,0,<NA>,<NA>,1,both,<NA>
je-campaign-default,"JE : JE,routine,with : default",JE,total,routine,CHN,China,2060,0,0,<NA>,<NA>,1,both,<NA>
je-campaign-default,"JE : JE,routine,with : default",JE,total,routine,CHN,China,2061,0,0,<NA>,<NA>,1,both,<NA>
je-campaign-default,"JE : JE,routine,with : default",JE,total,routine,CHN,China,2062,0,0,<NA>,<NA>,1,both,<NA>
je-campaign-default,"JE : JE,routine,with : default",JE,total,routine,CHN,China,2063,0,0,<NA>,<NA>,1,both,<NA>
je-campaign-default,"JE : JE,routine,with : default",JE,total,routine,CHN,China,2064,0,0,<NA>,<NA>,1,both,<NA>
je-campaign-default,"JE : JE,routine,with : default",JE,total,routine,CHN,China,2065,0,0,<NA>,<NA>,1,both,<NA>
je-campaign-default,"JE : JE,routine,with : default",JE,total,routine,CHN,China,2066,0,0,<NA>,<NA>,1,both,<NA>
je-campaign-default,"JE : JE,routine,with : default",JE,total,routine,CHN,China,2067,0,0,<NA>,<NA>,1,both,<NA>
je-campaign-default,"JE : JE,routine,with : default",JE,total,routine,CHN,China,2068,0,0,<NA>,<NA>,1,both,<NA>
je-campaign-default,"JE : JE,routine,with : default",JE,total,routine,CHN,China,2069,0,0,<NA>,<NA>,1,both,<NA>
je-campaign-default,"JE : JE,routine,with : default",JE,total,routine,CHN,China,2070,0,0,<NA>,<NA>,1,both,<NA>
je-campaign-default,"JE : JE,routine,with : default",JE,total,routine,CHN,China,2071,0,0,<NA>,<NA>,1,both,<NA>
je-campaign-default,"JE : JE,routine,with : default",JE,total,routine,CHN,China,2072,0,0,<NA>,<NA>,1,both,<NA>
je-campaign-default,"JE : JE,routine,with : default",JE,total,routine,CHN,China,2073,0,0,<NA>,<NA>,1,both,<NA>
je-campaign-default,"JE : JE,routine,with : default",JE,total,routine,CHN,China,2074,0,0,<NA>,<NA>,1,both,<NA>
je-campaign-default,"JE : JE,routine,with : default",JE,total,routine,CHN,China,2075,0,0,<NA>,<NA>,1,both,<NA>
je-campaign-default,"JE : JE,routine,with : default",JE,total,routine,CHN,China,2076,0,0,<NA>,<NA>,1,both,<NA>
je-campaign-default,"JE : JE,routine,with : default",JE,total,routine,CHN,China,2077,0,0,<NA>,<NA>,1,both,<NA>
je-campaign-default,"JE : JE,routine,with : default",JE,total,routine,CHN,China,2078,0,0,<NA>,<NA>,1,both,<NA>
je-campaign-default,"JE : JE,routine,with : default",JE,total,routine,CHN,China,2079,0,0,<NA>,<NA>,1,both,<NA>
je-campaign-default,"JE : JE,routine,with : default",JE,total,routine,CHN,China,2080,0,0,<NA>,<NA>,1,both,<NA>
je-campaign-default,"JE : JE,routine,with : default",JE,total,routine,CHN,China,2081,0,0,<NA>,<NA>,1,both,<NA>
je-campaign-default,"JE : JE,routine,with : default",JE,total,routine,CHN,China,2082,0,0,<NA>,<NA>,1,both,<NA>
je-campaign-default,"JE : JE,routine,with : default",JE,total,routine,CHN,China,2083,0,0,<NA>,<NA>,1,both,<NA>
je-campaign-default,"JE : JE,routine,with : default",JE,total,routine,CHN,China,2084,0,0,<NA>,<NA>,1,both,<NA>
je-campaign-default,"JE : JE,routine,with : default",JE,total,routine,CHN,China,2085,0,0,<NA>,<NA>,1,both,<NA>
je-campaign-default,"JE : JE,routine,with : default",JE,total,routine,CHN,China,2086,0,0,<NA>,<NA>,1,both,<NA>
je-campaign-default,"JE : JE,routine,with : default",JE,total,routine,CHN,China,2087,0,0,<NA>,<NA>,1,both,<NA>
je-campaign-default,"JE : JE,routine,with : default",JE,total,routine,CHN,China,2088,0,0,<NA>,<NA>,1,both,<NA>
je-campaign-default,"JE : JE,routine,with : default",JE,total,routine,CHN,China,2089,0,0,<NA>,<NA>,1,both,<NA>
je-campaign-default,"JE : JE,routine,with : default",JE,total,routine,CHN,China,2090,0,0,<NA>,<NA>,1,both,<NA>
je-campaign-default,"JE : JE,routine,with : default",JE,total,routine,CHN,China,2091,0,0,<NA>,<NA>,1,both,<NA>
je-campaign-default,"JE : JE,routine,with : default",JE,total,routine,CHN,China,2092,0,0,<NA>,<NA>,1,both,<NA>
je-campaign-default,"JE : JE,routine,with : default",JE,total,routine,CHN,China,2093,0,0,<NA>,<NA>,1,both,<NA>
je-campaign-default,"JE : JE,routine,with : default",JE,total,routine,CHN,China,2094,0,0,<NA>,<NA>,1,both,<NA>
je-campaign-default,"JE : JE,routine,with : default",JE,total,routine,CHN,China,2095,0,0,<NA>,<NA>,1,both,<NA>
je-campaign-default,"JE : JE,routine,with : default",JE,total,routine,CHN,China,2096,0,0,<NA>,<NA>,1,both,<NA>
je-campaign-default,"JE : JE,routine,with : default",JE,total,routine,CHN,China,2097,0,0,<NA>,<NA>,1,both,<NA>
je-campaign-default,"JE : JE,routine,with : default",JE,total,routine,CHN,China,2098,0,0,<NA>,<NA>,1,both,<NA>
je-campaign-default,"JE : JE,routine,with : default",JE,total,routine,CHN,China,2099,0,0,<NA>,<NA>,1,both,<NA>
je-campaign-default,"JE : JE,routine,with : default",JE,total,routine,CHN,China,2100,0,0,<NA>,<NA>,1,both,<NA>
je-campaign-default,"JE : JE,routine,with : default",JE,total,routine,IDN,Indonesia,1980,0,0,<NA>,<NA>,0,both,<NA>
je-campaign-default,"JE : JE,routine,with : default",JE,total,routine,IDN,Indonesia,1981,0,0,<NA>,<NA>,0,both,<NA>
je-campaign-default,"JE : JE,routine,with : default",JE,total,routine,IDN,Indonesia,1982,0,0,<NA>,<NA>,0,both,<NA>
je-campaign-default,"JE : JE,routine,with : default",JE,total,routine,IDN,Indonesia,1983,0,0,<NA>,<NA>,0,both,<NA>
je-campaign-default,"JE : JE,routine,with : default",JE,total,routine,IDN,Indonesia,1984,0,0,<NA>,<NA>,0,both,<NA>
je-campaign-default,"JE : JE,routine,with : default",JE,total,routine,IDN,Indonesia,1985,0,0,<NA>,<NA>,0,both,<NA>
je-campaign-default,"JE : JE,routine,with : default",JE,total,routine,IDN,Indonesia,1986,0,0,<NA>,<NA>,0,both,<NA>
je-campaign-default,"JE : JE,routine,with : default",JE,total,routine,IDN,Indonesia,1987,0,0,<NA>,<NA>,0,both,<NA>
je-campaign-default,"JE : JE,routine,with : default",JE,total,routine,IDN,Indonesia,1988,0,0,<NA>,<NA>,0,both,<NA>
je-campaign-default,"JE : JE,routine,with : default",JE,total,routine,IDN,Indonesia,1989,0,0,<NA>,<NA>,0,both,<NA>
je-campaign-default,"JE : JE,routine,with : default",JE,total,routine,IDN,Indonesia,1990,0,0,<NA>,<NA>,0,both,<NA>
je-campaign-default,"JE : JE,routine,with : default",JE,total,routine,IDN,Indonesia,1991,0,0,<NA>,<NA>,0,both,<NA>
je-campaign-default,"JE : JE,routine,with : default",JE,total,routine,IDN,Indonesia,1992,0,0,<NA>,<NA>,0,both,<NA>
je-campaign-default,"JE : JE,routine,with : default",JE,total,routine,IDN,Indonesia,1993,0,0,<NA>,<NA>,0,both,<NA>
je-campaign-default,"JE : JE,routine,with : default",JE,total,routine,IDN,Indonesia,1994,0,0,<NA>,<NA>,0,both,<NA>
je-campaign-default,"JE : JE,routine,with : default",JE,total,routine,IDN,Indonesia,1995,0,0,<NA>,<NA>,0,both,<NA>
je-campaign-default,"JE : JE,routine,with : default",JE,total,routine,IDN,Indonesia,1996,0,0,<NA>,<NA>,0,both,<NA>
je-campaign-default,"JE : JE,routine,with : default",JE,total,routine,IDN,Indonesia,1997,0,0,<NA>,<NA>,0,both,<NA>
je-campaign-default,"JE : JE,routine,with : default",JE,total,routine,IDN,Indonesia,1998,0,0,<NA>,<NA>,0,both,<NA>
je-campaign-default,"JE : JE,routine,with : default",JE,total,routine,IDN,Indonesia,1999,0,0,<NA>,<NA>,0,both,<NA>
je-campaign-default,"JE : JE,routine,with : default",JE,total,routine,IDN,Indonesia,2000,0,0,<NA>,<NA>,0,both,<NA>
je-campaign-default,"JE : JE,routine,with : default",JE,total,routine,IDN,Indonesia,2001,0,0,<NA>,<NA>,0,both,<NA>
je-campaign-default,"JE : JE,routine,with : default",JE,total,routine,IDN,Indonesia,2002,0,0,<NA>,<NA>,0,both,<NA>
je-campaign-default,"JE : JE,routine,with : default",JE,total,routine,IDN,Indonesia,2003,0,0,<NA>,<NA>,0,both,<NA>
je-campaign-default,"JE : JE,routine,with : default",JE,total,routine,IDN,Indonesia,2004,0,0,<NA>,<NA>,0,both,<NA>
je-campaign-default,"JE : JE,routine,with : default",JE,total,routine,IDN,Indonesia,2005,0,0,<NA>,<NA>,0,both,<NA>
je-campaign-default,"JE : JE,routine,with : default",JE,total,routine,IDN,Indonesia,2006,0,0,<NA>,<NA>,0,both,<NA>
je-campaign-default,"JE : JE,routine,with : default",JE,total,routine,IDN,Indonesia,2007,0,0,<NA>,<NA>,0,both,<NA>
je-campaign-default,"JE : JE,routine,with : default",JE,total,routine,IDN,Indonesia,2008,0,0,<NA>,<NA>,0,both,<NA>
je-campaign-default,"JE : JE,routine,with : default",JE,total,routine,IDN,Indonesia,2009,0,0,<NA>,<NA>,0,both,<NA>
je-campaign-default,"JE : JE,routine,with : default",JE,total,routine,IDN,Indonesia,2010,0,0,<NA>,<NA>,0,both,<NA>
je-campaign-default,"JE : JE,routine,with : default",JE,total,routine,IDN,Indonesia,2011,0,0,<NA>,<NA>,0,both,<NA>
je-campaign-default,"JE : JE,routine,with : default",JE,total,routine,IDN,Indonesia,2012,0,0,<NA>,<NA>,0,both,<NA>
je-campaign-default,"JE : JE,routine,with : default",JE,total,routine,IDN,Indonesia,2013,0,0,<NA>,<NA>,0,both,<NA>
je-campaign-default,"JE : JE,routine,with : default",JE,total,routine,IDN,Indonesia,2014,0,0,<NA>,<NA>,0,both,<NA>
je-campaign-default,"JE : JE,routine,with : default",JE,total,routine,IDN,Indonesia,2015,0,0,<NA>,<NA>,0,both,<NA>
je-campaign-default,"JE : JE,routine,with : default",JE,total,routine,IDN,Indonesia,2016,0,0,<NA>,<NA>,0,both,<NA>
je-campaign-default,"JE : JE,routine,with : default",JE,total,routine,IDN,Indonesia,2017,0,0,<NA>,<NA>,0,both,<NA>
je-campaign-default,"JE : JE,routine,with : default",JE,total,routine,IDN,Indonesia,2018,0,0,<NA>,<NA>,0,both,<NA>
je-campaign-default,"JE : JE,routine,with : default",JE,total,routine,IDN,Indonesia,2019,0,0,<NA>,<NA>,0.01000000000000000021,both,<NA>
je-campaign-default,"JE : JE,routine,with : default",JE,total,routine,IDN,Indonesia,2020,0,0,<NA>,<NA>,0.01000000000000000021,both,<NA>
je-campaign-default,"JE : JE,routine,with : default",JE,total,routine,IDN,Indonesia,2021,0,0,<NA>,<NA>,0.00986258586198274223,both,<NA>
je-campaign-default,"JE : JE,routine,with : default",JE,total,routine,IDN,Indonesia,2022,0,0,<NA>,<NA>,0.0097251526505867103,both,<NA>
je-campaign-default,"JE : JE,routine,with : default",JE,total,routine,IDN,Indonesia,2023,0,0,<NA>,<NA>,0.00958770036316380914,both,<NA>
je-campaign-default,"JE : JE,routine,with : default",JE,total,routine,IDN,Indonesia,2024,0,0,<NA>,<NA>,0.00945022899706660091,both,<NA>
je-campaign-default,"JE : JE,routine,with : default",JE,total,routine,IDN,Indonesia,2025,0,0,<NA>,<NA>,0.00931273854964698167,both,<NA>
je-campaign-default,"JE : JE,routine,with : default",JE,total,routine,IDN,Indonesia,2026,0,0,<NA>,<NA>,0.00917522901825651438,both,<NA>
je-campaign-default,"JE : JE,routine,with : default",JE,total,routine,IDN,Indonesia,2027,0,0,<NA>,<NA>,0.00903770040024587384,both,<NA>
je-campaign-default,"JE : JE,routine,with : default",JE,total,routine,IDN,Indonesia,2028,0,0,<NA>,<NA>,0.00890015269296606792,both,<NA>
je-campaign-default,"JE : JE,routine,with : default",JE,total,routine,IDN,Indonesia,2029,0,0,<NA>,<NA>,0.00876258589376743835,both,<NA>
je-campaign-default,"JE : JE,routine,with : default",JE,total,routine,IDN,Indonesia,2030,0,0,<NA>,<NA>,0.0086250000000000094,both,<NA>
je-campaign-default,"JE : JE,routine,with : default",JE,total,routine,IDN,Indonesia,2031,0,0,<NA>,<NA>,0.0186250000000000096,both,<NA>
je-campaign-default,"JE : JE,routine,with : default",JE,total,routine,IDN,Indonesia,2032,0,0,<NA>,<NA>,0.02862500000000001155,both,<NA>
je-campaign-default,"JE : JE,routine,with : default",JE,total,routine,IDN,Indonesia,2033,0,0,<NA>,<NA>,0.03862500000000000655,both,<NA>
je-campaign-default,"JE : JE,routine,with : default",JE,total,routine,IDN,Indonesia,2034,0,0,<NA>,<NA>,0.04862500000000000849,both,<NA>
je-campaign-default,"JE : JE,routine,with : default",JE,total,routine,IDN,Indonesia,2035,0,0,<NA>,<NA>,0.05862500000000001044,both,<NA>
je-campaign-default,"JE : JE,routine,with : default",JE,total,routine,IDN,Indonesia,2036,0,0,<NA>,<NA>,0.06862500000000000544,both,<NA>
je-campaign-default,"JE : JE,routine,with : default",JE,total,routine,IDN,Indonesia,2037,0,0,<NA>,<NA>,0.07862500000000001432,both,<NA>
je-campaign-default,"JE : JE,routine,with : default",JE,total,routine,IDN,Indonesia,2038,0,0,<NA>,<NA>,0.08862500000000000933,both,<NA>
je-campaign-default,"JE : JE,routine,with : default",JE,total,routine,IDN,Indonesia,2039,0,0,<NA>,<NA>,0.09862500000000000433,both,<NA>
je-campaign-default,"JE : JE,routine,with : default",JE,total,routine,IDN,Indonesia,2040,0,0,<NA>,<NA>,0.10862500000000001321,both,<NA>
je-campaign-default,"JE : JE,routine,with : default",JE,total,routine,IDN,Indonesia,2041,0,0,<NA>,<NA>,0.11862500000000000822,both,<NA>
je-campaign-default,"JE : JE,routine,with : default",JE,total,routine,IDN,Indonesia,2042,0,0,<NA>,<NA>,0.1286250000000000171,both,<NA>
je-campaign-default,"JE : JE,routine,with : default",JE,total,routine,IDN,Indonesia,2043,0,0,<NA>,<NA>,0.13862500000000002598,both,<NA>
je-campaign-default,"JE : JE,routine,with : default",JE,total,routine,IDN,Indonesia,2044,0,0,<NA>,<NA>,0.14862500000000003486,both,<NA>
je-campaign-default,"JE : JE,routine,with : default",JE,total,routine,IDN,Indonesia,2045,0,0,<NA>,<NA>,0.15862500000000001599,both,<NA>
je-campaign-default,"JE : JE,routine,with : default",JE,total,routine,IDN,Indonesia,2046,0,0,<NA>,<NA>,0.16862500000000002487,both,<NA>
je-campaign-default,"JE : JE,routine,with : default",JE,total,routine,IDN,Indonesia,2047,0,0,<NA>,<NA>,0.17862500000000003375,both,<NA>
je-campaign-default,"JE : JE,routine,with : default",JE,total,routine,IDN,Indonesia,2048,0,0,<NA>,<NA>,0.18862500000000001488,both,<NA>
je-campaign-default,"JE : JE,routine,with : default",JE,total,routine,IDN,Indonesia,2049,0,0,<NA>,<NA>,0.19862500000000002376,both,<NA>
je-campaign-default,"JE : JE,routine,with : default",JE,total,routine,IDN,Indonesia,2050,0,0,<NA>,<NA>,0.20862500000000003264,both,<NA>
je-campaign-default,"JE : JE,routine,with : default",JE,total,routine,IDN,Indonesia,2051,0,0,<NA>,<NA>,0.21862500000000001377,both,<NA>
je-campaign-default,"JE : JE,routine,with : default",JE,total,routine,IDN,Indonesia,2052,0,0,<NA>,<NA>,0.22862500000000002265,both,<NA>
je-campaign-default,"JE : JE,routine,with : default",JE,total,routine,IDN,Indonesia,2053,0,0,<NA>,<NA>,0.23862500000000003153,both,<NA>
je-campaign-default,"JE : JE,routine,with : default",JE,total,routine,IDN,Indonesia,2054,0,0,<NA>,<NA>,0.24862500000000001266,both,<NA>
je-campaign-default,"JE : JE,routine,with : default",JE,total,routine,IDN,Indonesia,2055,0,0,<NA>,<NA>,0.25862499999999999378,both,<NA>
je-campaign-default,"JE : JE,routine,with : default",JE,total,routine,IDN,Indonesia,2056,0,0,<NA>,<NA>,0.26862500000000000266,both,<NA>
je-campaign-default,"JE : JE,routine,with : default",JE,total,routine,IDN,Indonesia,2057,0,0,<NA>,<NA>,0.27862500000000001155,both,<NA>
je-campaign-default,"JE : JE,routine,with : default",JE,total,routine,IDN,Indonesia,2058,0,0,<NA>,<NA>,0.28862500000000002043,both,<NA>
je-campaign-default,"JE : JE,routine,with : default",JE,total,routine,IDN,Indonesia,2059,0,0,<NA>,<NA>,0.2986249999999999738,both,<NA>
je-campaign-default,"JE : JE,routine,with : default",JE,total,routine,IDN,Indonesia,2060,0,0,<NA>,<NA>,0.30862499999999998268,both,<NA>
je-campaign-default,"JE : JE,routine,with : default",JE,total,routine,IDN,Indonesia,2061,0,0,<NA>,<NA>,0.31862499999999999156,both,<NA>
je-campaign-default,"JE : JE,routine,with : default",JE,total,routine,IDN,Indonesia,2062,0,0,<NA>,<NA>,0.32862500000000000044,both,<NA>
je-campaign-default,"JE : JE,routine,with : default",JE,total,routine,IDN,Indonesia,2063,0,0,<NA>,<NA>,0.33862500000000000933,both,<NA>
je-campaign-default,"JE : JE,routine,with : default",JE,total,routine,IDN,Indonesia,2064,0,0,<NA>,<NA>,0.34862500000000001821,both,<NA>
je-campaign-default,"JE : JE,routine,with : default",JE,total,routine,IDN,Indonesia,2065,0,0,<NA>,<NA>,0.35862500000000002709,both,<NA>
je-campaign-default,"JE : JE,routine,with : default",JE,total,routine,IDN,Indonesia,2066,0,0,<NA>,<NA>,0.36862499999999998046,both,<NA>
je-campaign-default,"JE : JE,routine,with : default",JE,total,routine,IDN,Indonesia,2067,0,0,<NA>,<NA>,0.37862499999999998934,both,<NA>
je-campaign-default,"JE : JE,routine,with : default",JE,total,routine,IDN,Indonesia,2068,0,0,<NA>,<NA>,0.38862499999999999822,both,<NA>
je-campaign-default,"JE : JE,routine,with : default",JE,total,routine,IDN,Indonesia,2069,0,0,<NA>,<NA>,0.39862500000000000711,both,<NA>
je-campaign-default,"JE : JE,routine,with : default",JE,total,routine,IDN,Indonesia,2070,0,0,<NA>,<NA>,0.40862500000000001599,both,<NA>
je-campaign-default,"JE : JE,routine,with : default",JE,total,routine,IDN,Indonesia,2071,0,0,<NA>,<NA>,0.41862500000000002487,both,<NA>
je-campaign-default,"JE : JE,routine,with : default",JE,total,routine,IDN,Indonesia,2072,0,0,<NA>,<NA>,0.42862499999999997824,both,<NA>
je-campaign-default,"JE : JE,routine,with : default",JE,total,routine,IDN,Indonesia,2073,0,0,<NA>,<NA>,0.43862499999999998712,both,<NA>
je-campaign-default,"JE : JE,routine,with : default",JE,total,routine,IDN,Indonesia,2074,0,0,<NA>,<NA>,0.448624999999999996,both,<NA>
je-campaign-default,"JE : JE,routine,with : default",JE,total,routine,IDN,Indonesia,2075,0,0,<NA>,<NA>,0.45862500000000000488,both,<NA>
je-campaign-default,"JE : JE,routine,with : default",JE,total,routine,IDN,Indonesia,2076,0,0,<NA>,<NA>,0.46862500000000001377,both,<NA>
je-campaign-default,"JE : JE,routine,with : default",JE,total,routine,IDN,Indonesia,2077,0,0,<NA>,<NA>,0.47862500000000002265,both,<NA>
je-campaign-default,"JE : JE,routine,with : default",JE,total,routine,IDN,Indonesia,2078,0,0,<NA>,<NA>,0.48862499999999997602,both,<NA>
je-campaign-default,"JE : JE,routine,with : default",JE,total,routine,IDN,Indonesia,2079,0,0,<NA>,<NA>,0.4986249999999999849,both,<NA>
je-campaign-default,"JE : JE,routine,with : default",JE,total,routine,IDN,Indonesia,2080,0,0,<NA>,<NA>,0.50862499999999999378,both,<NA>
je-campaign-default,"JE : JE,routine,with : default",JE,total,routine,IDN,Indonesia,2081,0,0,<NA>,<NA>,0.51862500000000000266,both,<NA>
je-campaign-default,"JE : JE,routine,with : default",JE,total,routine,IDN,Indonesia,2082,0,0,<NA>,<NA>,0.52862500000000001155,both,<NA>
je-campaign-default,"JE : JE,routine,with : default",JE,total,routine,IDN,Indonesia,2083,0,0,<NA>,<NA>,0.53862500000000002043,both,<NA>
je-campaign-default,"JE : JE,routine,with : default",JE,total,routine,IDN,Indonesia,2084,0,0,<NA>,<NA>,0.54862500000000002931,both,<NA>
je-campaign-default,"JE : JE,routine,with : default",JE,total,routine,IDN,Indonesia,2085,0,0,<NA>,<NA>,0.55862500000000003819,both,<NA>
je-campaign-default,"JE : JE,routine,with : default",JE,total,routine,IDN,Indonesia,2086,0,0,<NA>,<NA>,0.56862500000000004707,both,<NA>
je-campaign-default,"JE : JE,routine,with : default",JE,total,routine,IDN,Indonesia,2087,0,0,<NA>,<NA>,0.57862500000000005596,both,<NA>
je-campaign-default,"JE : JE,routine,with : default",JE,total,routine,IDN,Indonesia,2088,0,0,<NA>,<NA>,0.58862499999999995381,both,<NA>
je-campaign-default,"JE : JE,routine,with : default",JE,total,routine,IDN,Indonesia,2089,0,0,<NA>,<NA>,0.5986249999999999627,both,<NA>
je-campaign-default,"JE : JE,routine,with : default",JE,total,routine,IDN,Indonesia,2090,0,0,<NA>,<NA>,0.60862499999999997158,both,<NA>
je-campaign-default,"JE : JE,routine,with : default",JE,total,routine,IDN,Indonesia,2091,0,0,<NA>,<NA>,0.61862499999999998046,both,<NA>
je-campaign-default,"JE : JE,routine,with : default",JE,total,routine,IDN,Indonesia,2092,0,0,<NA>,<NA>,0.62862499999999998934,both,<NA>
je-campaign-default,"JE : JE,routine,with : default",JE,total,routine,IDN,Indonesia,2093,0,0,<NA>,<NA>,0.63862499999999999822,both,<NA>
je-campaign-default,"JE : JE,routine,with : default",JE,total,routine,IDN,Indonesia,2094,0,0,<NA>,<NA>,0.64862500000000000711,both,<NA>
je-campaign-default,"JE : JE,routine,with : default",JE,total,routine,IDN,Indonesia,2095,0,0,<NA>,<NA>,0.65862500000000001599,both,<NA>
je-campaign-default,"JE : JE,routine,with : default",JE,total,routine,IDN,Indonesia,2096,0,0,<NA>,<NA>,0.66862500000000002487,both,<NA>
je-campaign-default,"JE : JE,routine,with : default",JE,total,routine,IDN,Indonesia,2097,0,0,<NA>,<NA>,0.67862500000000003375,both,<NA>
je-campaign-default,"JE : JE,routine,with : default",JE,total,routine,IDN,Indonesia,2098,0,0,<NA>,<NA>,0.68862500000000004263,both,<NA>
je-campaign-default,"JE : JE,routine,with : default",JE,total,routine,IDN,Indonesia,2099,0,0,<NA>,<NA>,0.69862500000000005151,both,<NA>
je-campaign-default,"JE : JE,routine,with : default",JE,total,routine,IDN,Indonesia,2100,0,0,<NA>,<NA>,0.7086250000000000604,both,<NA>
je-campaign-default,"JE : JE,routine,with : default",JE,total,routine,IND,India,1980,0,0,<NA>,<NA>,0,both,<NA>
je-campaign-default,"JE : JE,routine,with : default",JE,total,routine,IND,India,1981,0,0,<NA>,<NA>,0,both,<NA>
je-campaign-default,"JE : JE,routine,with : default",JE,total,routine,IND,India,1982,0,0,<NA>,<NA>,0,both,<NA>
je-campaign-default,"JE : JE,routine,with : default",JE,total,routine,IND,India,1983,0,0,<NA>,<NA>,0,both,<NA>
je-campaign-default,"JE : JE,routine,with : default",JE,total,routine,IND,India,1984,0,0,<NA>,<NA>,0,both,<NA>
je-campaign-default,"JE : JE,routine,with : default",JE,total,routine,IND,India,1985,0,0,<NA>,<NA>,0,both,<NA>
je-campaign-default,"JE : JE,routine,with : default",JE,total,routine,IND,India,1986,0,0,<NA>,<NA>,0,both,<NA>
je-campaign-default,"JE : JE,routine,with : default",JE,total,routine,IND,India,1987,0,0,<NA>,<NA>,0,both,<NA>
je-campaign-default,"JE : JE,routine,with : default",JE,total,routine,IND,India,1988,0,0,<NA>,<NA>,0,both,<NA>
je-campaign-default,"JE : JE,routine,with : default",JE,total,routine,IND,India,1989,0,0,<NA>,<NA>,0,both,<NA>
je-campaign-default,"JE : JE,routine,with : default",JE,total,routine,IND,India,1990,0,0,<NA>,<NA>,0,both,<NA>
je-campaign-default,"JE : JE,routine,with : default",JE,total,routine,IND,India,1991,0,0,<NA>,<NA>,0,both,<NA>
je-campaign-default,"JE : JE,routine,with : default",JE,total,routine,IND,India,1992,0,0,<NA>,<NA>,0,both,<NA>
je-campaign-default,"JE : JE,routine,with : default",JE,total,routine,IND,India,1993,0,0,<NA>,<NA>,0,both,<NA>
je-campaign-default,"JE : JE,routine,with : default",JE,total,routine,IND,India,1994,0,0,<NA>,<NA>,0,both,<NA>
je-campaign-default,"JE : JE,routine,with : default",JE,total,routine,IND,India,1995,0,0,<NA>,<NA>,0,both,<NA>
je-campaign-default,"JE : JE,routine,with : default",JE,total,routine,IND,India,1996,0,0,<NA>,<NA>,0,both,<NA>
je-campaign-default,"JE : JE,routine,with : default",JE,total,routine,IND,India,1997,0,0,<NA>,<NA>,0,both,<NA>
je-campaign-default,"JE : JE,routine,with : default",JE,total,routine,IND,India,1998,0,0,<NA>,<NA>,0,both,<NA>
je-campaign-default,"JE : JE,routine,with : default",JE,total,routine,IND,India,1999,0,0,<NA>,<NA>,0,both,<NA>
je-campaign-default,"JE : JE,routine,with : default",JE,total,routine,IND,India,2000,0,0,<NA>,<NA>,0,both,<NA>
je-campaign-default,"JE : JE,routine,with : default",JE,total,routine,IND,India,2001,0,0,<NA>,<NA>,0,both,<NA>
je-campaign-default,"JE : JE,routine,with : default",JE,total,routine,IND,India,2002,0,0,<NA>,<NA>,0,both,<NA>
je-campaign-default,"JE : JE,routine,with : default",JE,total,routine,IND,India,2003,0,0,<NA>,<NA>,0,both,<NA>
je-campaign-default,"JE : JE,routine,with : default",JE,total,routine,IND,India,2004,0,0,<NA>,<NA>,0,both,<NA>
je-campaign-default,"JE : JE,routine,with : default",JE,total,routine,IND,India,2005,0,0,<NA>,<NA>,0,both,<NA>
je-campaign-default,"JE : JE,routine,with : default",JE,total,routine,IND,India,2006,0,0,<NA>,<NA>,0,both,<NA>
je-campaign-default,"JE : JE,routine,with : default",JE,total,routine,IND,India,2007,0,0,<NA>,<NA>,0,both,<NA>
je-campaign-default,"JE : JE,routine,with : default",JE,total,routine,IND,India,2008,0,0,<NA>,<NA>,0,both,<NA>
je-campaign-default,"JE : JE,routine,with : default",JE,total,routine,IND,India,2009,0,0,<NA>,<NA>,0.08999999999999999667,both,<NA>
je-campaign-default,"JE : JE,routine,with : default",JE,total,routine,IND,India,2010,0,0,<NA>,<NA>,0.07000000000000000666,both,<NA>
je-campaign-default,"JE : JE,routine,with : default",JE,total,routine,IND,India,2011,0,0,<NA>,<NA>,0.14000000000000001332,both,<NA>
je-campaign-default,"JE : JE,routine,with : default",JE,total,routine,IND,India,2012,0,0,<NA>,<NA>,0.08999999999999999667,both,<NA>
je-campaign-default,"JE : JE,routine,with : default",JE,total,routine,IND,India,2013,0,0,<NA>,<NA>,0.17000000000000001221,both,<NA>
je-campaign-default,"JE : JE,routine,with : default",JE,total,routine,IND,India,2014,0,0,<NA>,<NA>,0,both,<NA>
je-campaign-default,"JE : JE,routine,with : default",JE,total,routine,IND,India,2015,0,0,<NA>,<NA>,0.23999999999999999112,both,<NA>
je-campaign-default,"JE : JE,routine,with : default",JE,total,routine,IND,India,2016,0,0,<NA>,<NA>,0.22000000000000000111,both,<NA>
je-campaign-default,"JE : JE,routine,with : default",JE,total,routine,IND,India,2017,0,0,<NA>,<NA>,0.35999999999999998668,both,<NA>
je-campaign-default,"JE : JE,routine,with : default",JE,total,routine,IND,India,2018,0,0,<NA>,<NA>,0.32000000000000000666,both,<NA>
je-campaign-default,"JE : JE,routine,with : default",JE,total,routine,IND,India,2019,0,0,<NA>,<NA>,0.3499999999999999778,both,<NA>
je-campaign-default,"JE : JE,routine,with : default",JE,total,routine,IND,India,2020,0,0,<NA>,<NA>,0.36999999999999999556,both,<NA>
je-campaign-default,"JE : JE,routine,with : default",JE,total,routine,IND,India,2021,0,0,<NA>,<NA>,0.36760574810860013883,both,<NA>
je-campaign-default,"JE : JE,routine,with : default",JE,total,routine,IND,India,2022,0,0,<NA>,<NA>,0.36520239710272506262,both,<NA>
je-campaign-default,"JE : JE,routine,with : default",JE,total,routine,IND,India,2023,0,0,<NA>,<NA>,0.36278991240210134439,both,<NA>
je-campaign-default,"JE : JE,routine,with : default",JE,total,routine,IND,India,2024,0,0,<NA>,<NA>,0.36036825929503746302,both,<NA>
je-campaign-default,"JE : JE,routine,with : default",JE,total,routine,IND,India,2025,0,0,<NA>,<NA>,0.35793740293792286611,both,<NA>
je-campaign-default,"JE : JE,routine,with : default",JE,total,routine,IND,India,2026,0,0,<NA>,<NA>,0.35549730835472770352,both,<NA>
je-campaign-default,"JE : JE,routine,with : default",JE,total,routine,IND,India,2027,0,0,<NA>,<NA>,0.35304794043649911917,both,<NA>
je-campaign-default,"JE : JE,routine,with : default",JE,total,routine,IND,India,2028,0,0,<NA>,<NA>,0.35058926394085632161,both,<NA>
je-campaign-default,"JE : JE,routine,with : default",JE,total,routine,IND,India,2029,0,0,<NA>,<NA>,0.34812124349148332314,both,<NA>
je-campaign-default,"JE : JE,routine,with : default",JE,total,routine,IND,India,2030,0,0,<NA>,<NA>,0.34564384357762018007,both,<NA>
je-campaign-default,"JE : JE,routine,with : default",JE,total,routine,IND,India,2031,0,0,<NA>,<NA>,0.35564384357762018896,both,<NA>
je-campaign-default,"JE : JE,routine,with : default",JE,total,routine,IND,India,2032,0,0,<NA>,<NA>,0.36564384357762019784,both,<NA>
je-campaign-default,"JE : JE,routine,with : default",JE,total,routine,IND,India,2033,0,0,<NA>,<NA>,0.37564384357762015121,both,<NA>
je-campaign-default,"JE : JE,routine,with : default",JE,total,routine,IND,India,2034,0,0,<NA>,<NA>,0.38564384357762016009,both,<NA>
je-campaign-default,"JE : JE,routine,with : default",JE,total,routine,IND,India,2035,0,0,<NA>,<NA>,0.39564384357762016897,both,<NA>
je-campaign-default,"JE : JE,routine,with : default",JE,total,routine,IND,India,2036,0,0,<NA>,<NA>,0.40564384357762017785,both,<NA>
je-campaign-default,"JE : JE,routine,with : default",JE,total,routine,IND,India,2037,0,0,<NA>,<NA>,0.41564384357762018674,both,<NA>
je-campaign-default,"JE : JE,routine,with : default",JE,total,routine,IND,India,2038,0,0,<NA>,<NA>,0.42564384357762019562,both,<NA>
je-campaign-default,"JE : JE,routine,with : default",JE,total,routine,IND,India,2039,0,0,<NA>,<NA>,0.4356438435776202045,both,<NA>
je-campaign-default,"JE : JE,routine,with : default",JE,total,routine,IND,India,2040,0,0,<NA>,<NA>,0.44564384357762021338,both,<NA>
je-campaign-default,"JE : JE,routine,with : default",JE,total,routine,IND,India,2041,0,0,<NA>,<NA>,0.45564384357762016675,both,<NA>
je-campaign-default,"JE : JE,routine,with : default",JE,total,routine,IND,India,2042,0,0,<NA>,<NA>,0.46564384357762017563,both,<NA>
je-campaign-default,"JE : JE,routine,with : default",JE,total,routine,IND,India,2043,0,0,<NA>,<NA>,0.47564384357762018452,both,<NA>
je-campaign-default,"JE : JE,routine,with : default",JE,total,routine,IND,India,2044,0,0,<NA>,<NA>,0.4856438435776201934,both,<NA>
je-campaign-default,"JE : JE,routine,with : default",JE,total,routine,IND,India,2045,0,0,<NA>,<NA>,0.49564384357762014677,both,<NA>
je-campaign-default,"JE : JE,routine,with : default",JE,total,routine,IND,India,2046,0,0,<NA>,<NA>,0.50564384357762015565,both,<NA>
je-campaign-default,"JE : JE,routine,with : default",JE,total,routine,IND,India,2047,0,0,<NA>,<NA>,0.51564384357762016453,both,<NA>
je-campaign-default,"JE : JE,routine,with : default",JE,total,routine,IND,India,2048,0,0,<NA>,<NA>,0.52564384357762017341,both,<NA>
je-campaign-default,"JE : JE,routine,with : default",JE,total,routine,IND,India,2049,0,0,<NA>,<NA>,0.53564384357762018229,both,<NA>
je-campaign-default,"JE : JE,routine,with : default",JE,total,routine,IND,India,2050,0,0,<NA>,<NA>,0.54564384357762019118,both,<NA>
je-campaign-default,"JE : JE,routine,with : default",JE,total,routine,IND,India,2051,0,0,<NA>,<NA>,0.55564384357762020006,both,<NA>
je-campaign-default,"JE : JE,routine,with : default",JE,total,routine,IND,India,2052,0,0,<NA>,<NA>,0.56564384357762020894,both,<NA>
je-campaign-default,"JE : JE,routine,with : default",JE,total,routine,IND,India,2053,0,0,<NA>,<NA>,0.57564384357762021782,both,<NA>
je-campaign-default,"JE : JE,routine,with : default",JE,total,routine,IND,India,2054,0,0,<NA>,<NA>,0.58564384357762011568,both,<NA>
je-campaign-default,"JE : JE,routine,with : default",JE,total,routine,IND,India,2055,0,0,<NA>,<NA>,0.59564384357762012456,both,<NA>
je-campaign-default,"JE : JE,routine,with : default",JE,total,routine,IND,India,2056,0,0,<NA>,<NA>,0.60564384357762013344,both,<NA>
je-campaign-default,"JE : JE,routine,with : default",JE,total,routine,IND,India,2057,0,0,<NA>,<NA>,0.61564384357762014233,both,<NA>
je-campaign-default,"JE : JE,routine,with : default",JE,total,routine,IND,India,2058,0,0,<NA>,<NA>,0.62564384357762015121,both,<NA>
je-campaign-default,"JE : JE,routine,with : default",JE,total,routine,IND,India,2059,0,0,<NA>,<NA>,0.63564384357762016009,both,<NA>
je-campaign-default,"JE : JE,routine,with : default",JE,total,routine,IND,India,2060,0,0,<NA>,<NA>,0.64564384357762016897,both,<NA>
je-campaign-default,"JE : JE,routine,with : default",JE,total,routine,IND,India,2061,0,0,<NA>,<NA>,0.65564384357762017785,both,<NA>
je-campaign-default,"JE : JE,routine,with : default",JE,total,routine,IND,India,2062,0,0,<NA>,<NA>,0.66564384357762018674,both,<NA>
je-campaign-default,"JE : JE,routine,with : default",JE,total,routine,IND,India,2063,0,0,<NA>,<NA>,0.67564384357762019562,both,<NA>
je-campaign-default,"JE : JE,routine,with : default",JE,total,routine,IND,India,2064,0,0,<NA>,<NA>,0.6856438435776202045,both,<NA>
je-campaign-default,"JE : JE,routine,with : default",JE,total,routine,IND,India,2065,0,0,<NA>,<NA>,0.69564384357762021338,both,<NA>
je-campaign-default,"JE : JE,routine,with : default",JE,total,routine,IND,India,2066,0,0,<NA>,<NA>,0.70564384357762022226,both,<NA>
je-campaign-default,"JE : JE,routine,with : default",JE,total,routine,IND,India,2067,0,0,<NA>,<NA>,0.71564384357762023114,both,<NA>
je-campaign-default,"JE : JE,routine,with : default",JE,total,routine,IND,India,2068,0,0,<NA>,<NA>,0.72564384357762024003,both,<NA>
je-campaign-default,"JE : JE,routine,with : default",JE,total,routine,IND,India,2069,0,0,<NA>,<NA>,0.73564384357762024891,both,<NA>
je-campaign-default,"JE : JE,routine,with : default",JE,total,routine,IND,India,2070,0,0,<NA>,<NA>,0.74564384357762025779,both,<NA>
je-campaign-default,"JE : JE,routine,with : default",JE,total,routine,IND,India,2071,0,0,<NA>,<NA>,0.75564384357762026667,both,<NA>
je-campaign-default,"JE : JE,routine,with : default",JE,total,routine,IND,India,2072,0,0,<NA>,<NA>,0.76564384357762016453,both,<NA>
je-campaign-default,"JE : JE,routine,with : default",JE,total,routine,IND,India,2073,0,0,<NA>,<NA>,0.77564384357762017341,both,<NA>
je-campaign-default,"JE : JE,routine,with : default",JE,total,routine,IND,India,2074,0,0,<NA>,<NA>,0.78564384357762018229,both,<NA>
je-campaign-default,"JE : JE,routine,with : default",JE,total,routine,IND,India,2075,0,0,<NA>,<NA>,0.79564384357762019118,both,<NA>
je-campaign-default,"JE : JE,routine,with : default",JE,total,routine,IND,India,2076,0,0,<NA>,<NA>,0.80564384357762020006,both,<NA>
je-campaign-default,"JE : JE,routine,with : default",JE,total,routine,IND,India,2077,0,0,<NA>,<NA>,0.81564384357762020894,both,<NA>
je-campaign-default,"JE : JE,routine,with : default",JE,total,routine,IND,India,2078,0,0,<NA>,<NA>,0.8256438435776201068,both,<NA>
je-campaign-default,"JE : JE,routine,with : default",JE,total,routine,IND,India,2079,0,0,<NA>,<NA>,0.83564384357762011568,both,<NA>
je-campaign-default,"JE : JE,routine,with : default",JE,total,routine,IND,India,2080,0,0,<NA>,<NA>,0.84564384357762012456,both,<NA>
je-campaign-default,"JE : JE,routine,with : default",JE,total,routine,IND,India,2081,0,0,<NA>,<NA>,0.85564384357762013344,both,<NA>
je-campaign-default,"JE : JE,routine,with : default",JE,total,routine,IND,India,2082,0,0,<NA>,<NA>,0.86564384357762014233,both,<NA>
je-campaign-default,"JE : JE,routine,with : default",JE,total,routine,IND,India,2083,0,0,<NA>,<NA>,0.87564384357762015121,both,<NA>
je-campaign-default,"JE : JE,routine,with : default",JE,total,routine,IND,India,2084,0,0,<NA>,<NA>,0.88564384357762016009,both,<NA>
je-campaign-default,"JE : JE,routine,with : default",JE,total,routine,IND,India,2085,0,0,<NA>,<NA>,0.89564384357762016897,both,<NA>
je-campaign-default,"JE : JE,routine,with : default",JE,total,routine,IND,India,2086,0,0,<NA>,<NA>,0.9000000000000000222,both,<NA>
je-campaign-default,"JE : JE,routine,with : default",JE,total,routine,IND,India,2087,0,0,<NA>,<NA>,0.9000000000000000222,both,<NA>
je-campaign-default,"JE : JE,routine,with : default",JE,total,routine,IND,India,2088,0,0,<NA>,<NA>,0.9000000000000000222,both,<NA>
je-campaign-default,"JE : JE,routine,with : default",JE,total,routine,IND,India,2089,0,0,<NA>,<NA>,0.9000000000000000222,both,<NA>
je-campaign-default,"JE : JE,routine,with : default",JE,total,routine,IND,India,2090,0,0,<NA>,<NA>,0.9000000000000000222,both,<NA>
je-campaign-default,"JE : JE,routine,with : default",JE,total,routine,IND,India,2091,0,0,<NA>,<NA>,0.9000000000000000222,both,<NA>
je-campaign-default,"JE : JE,routine,with : default",JE,total,routine,IND,India,2092,0,0,<NA>,<NA>,0.9000000000000000222,both,<NA>
je-campaign-default,"JE : JE,routine,with : default",JE,total,routine,IND,India,2093,0,0,<NA>,<NA>,0.9000000000000000222,both,<NA>
je-campaign-default,"JE : JE,routine,with : default",JE,total,routine,IND,India,2094,0,0,<NA>,<NA>,0.9000000000000000222,both,<NA>
je-campaign-default,"JE : JE,routine,with : default",JE,total,routine,IND,India,2095,0,0,<NA>,<NA>,0.9000000000000000222,both,<NA>
je-campaign-default,"JE : JE,routine,with : default",JE,total,routine,IND,India,2096,0,0,<NA>,<NA>,0.9000000000000000222,both,<NA>
je-campaign-default,"JE : JE,routine,with : default",JE,total,routine,IND,India,2097,0,0,<NA>,<NA>,0.9000000000000000222,both,<NA>
je-campaign-default,"JE : JE,routine,with : default",JE,total,routine,IND,India,2098,0,0,<NA>,<NA>,0.9000000000000000222,both,<NA>
je-campaign-default,"JE : JE,routine,with : default",JE,total,routine,IND,India,2099,0,0,<NA>,<NA>,0.9000000000000000222,both,<NA>
je-campaign-default,"JE : JE,routine,with : default",JE,total,routine,IND,India,2100,0,0,<NA>,<NA>,0.9000000000000000222,both,<NA>
je-campaign-default,"JE : JE,routine,with : default",JE,total,routine,KHM,Cambodia,1980,0,0,<NA>,<NA>,0,both,<NA>
je-campaign-default,"JE : JE,routine,with : default",JE,total,routine,KHM,Cambodia,1981,0,0,<NA>,<NA>,0,both,<NA>
je-campaign-default,"JE : JE,routine,with : default",JE,total,routine,KHM,Cambodia,1982,0,0,<NA>,<NA>,0,both,<NA>
je-campaign-default,"JE : JE,routine,with : default",JE,total,routine,KHM,Cambodia,1983,0,0,<NA>,<NA>,0,both,<NA>
je-campaign-default,"JE : JE,routine,with : default",JE,total,routine,KHM,Cambodia,1984,0,0,<NA>,<NA>,0,both,<NA>
je-campaign-default,"JE : JE,routine,with : default",JE,total,routine,KHM,Cambodia,1985,0,0,<NA>,<NA>,0,both,<NA>
je-campaign-default,"JE : JE,routine,with : default",JE,total,routine,KHM,Cambodia,1986,0,0,<NA>,<NA>,0,both,<NA>
je-campaign-default,"JE : JE,routine,with : default",JE,total,routine,KHM,Cambodia,1987,0,0,<NA>,<NA>,0,both,<NA>
je-campaign-default,"JE : JE,routine,with : default",JE,total,routine,KHM,Cambodia,1988,0,0,<NA>,<NA>,0,both,<NA>
je-campaign-default,"JE : JE,routine,with : default",JE,total,routine,KHM,Cambodia,1989,0,0,<NA>,<NA>,0,both,<NA>
je-campaign-default,"JE : JE,routine,with : default",JE,total,routine,KHM,Cambodia,1990,0,0,<NA>,<NA>,0,both,<NA>
je-campaign-default,"JE : JE,routine,with : default",JE,total,routine,KHM,Cambodia,1991,0,0,<NA>,<NA>,0,both,<NA>
je-campaign-default,"JE : JE,routine,with : default",JE,total,routine,KHM,Cambodia,1992,0,0,<NA>,<NA>,0,both,<NA>
je-campaign-default,"JE : JE,routine,with : default",JE,total,routine,KHM,Cambodia,1993,0,0,<NA>,<NA>,0,both,<NA>
je-campaign-default,"JE : JE,routine,with : default",JE,total,routine,KHM,Cambodia,1994,0,0,<NA>,<NA>,0,both,<NA>
je-campaign-default,"JE : JE,routine,with : default",JE,total,routine,KHM,Cambodia,1995,0,0,<NA>,<NA>,0,both,<NA>
je-campaign-default,"JE : JE,routine,with : default",JE,total,routine,KHM,Cambodia,1996,0,0,<NA>,<NA>,0,both,<NA>
je-campaign-default,"JE : JE,routine,with : default",JE,total,routine,KHM,Cambodia,1997,0,0,<NA>,<NA>,0,both,<NA>
je-campaign-default,"JE : JE,routine,with : default",JE,total,routine,KHM,Cambodia,1998,0,0,<NA>,<NA>,0,both,<NA>
je-campaign-default,"JE : JE,routine,with : default",JE,total,routine,KHM,Cambodia,1999,0,0,<NA>,<NA>,0,both,<NA>
je-campaign-default,"JE : JE,routine,with : default",JE,total,routine,KHM,Cambodia,2000,0,0,<NA>,<NA>,0,both,<NA>
je-campaign-default,"JE : JE,routine,with : default",JE,total,routine,KHM,Cambodia,2001,0,0,<NA>,<NA>,0,both,<NA>
je-campaign-default,"JE : JE,routine,with : default",JE,total,routine,KHM,Cambodia,2002,0,0,<NA>,<NA>,0,both,<NA>
je-campaign-default,"JE : JE,routine,with : default",JE,total,routine,KHM,Cambodia,2003,0,0,<NA>,<NA>,0,both,<NA>
je-campaign-default,"JE : JE,routine,with : default",JE,total,routine,KHM,Cambodia,2004,0,0,<NA>,<NA>,0,both,<NA>
je-campaign-default,"JE : JE,routine,with : default",JE,total,routine,KHM,Cambodia,2005,0,0,<NA>,<NA>,0,both,<NA>
je-campaign-default,"JE : JE,routine,with : default",JE,total,routine,KHM,Cambodia,2006,0,0,<NA>,<NA>,0,both,<NA>
je-campaign-default,"JE : JE,routine,with : default",JE,total,routine,KHM,Cambodia,2007,0,0,<NA>,<NA>,0,both,<NA>
je-campaign-default,"JE : JE,routine,with : default",JE,total,routine,KHM,Cambodia,2008,0,0,<NA>,<NA>,0,both,<NA>
je-campaign-default,"JE : JE,routine,with : default",JE,total,routine,KHM,Cambodia,2009,0,0,<NA>,<NA>,0,both,<NA>
je-campaign-default,"JE : JE,routine,with : default",JE,total,routine,KHM,Cambodia,2010,0,0,<NA>,<NA>,0,both,<NA>
je-campaign-default,"JE : JE,routine,with : default",JE,total,routine,KHM,Cambodia,2011,0,0,<NA>,<NA>,0,both,<NA>
je-campaign-default,"JE : JE,routine,with : default",JE,total,routine,KHM,Cambodia,2012,0,0,<NA>,<NA>,0,both,<NA>
je-campaign-default,"JE : JE,routine,with : default",JE,total,routine,KHM,Cambodia,2013,0,0,<NA>,<NA>,0,both,<NA>
je-campaign-default,"JE : JE,routine,with : default",JE,total,routine,KHM,Cambodia,2014,0,0,<NA>,<NA>,0,both,<NA>
je-campaign-default,"JE : JE,routine,with : default",JE,total,routine,KHM,Cambodia,2015,0,0,<NA>,<NA>,0.42999999999999999334,both,<NA>
je-campaign-default,"JE : JE,routine,with : default",JE,total,routine,KHM,Cambodia,2016,0,0,<NA>,<NA>,0.75,both,<NA>
je-campaign-default,"JE : JE,routine,with : default",JE,total,routine,KHM,Cambodia,2017,0,0,<NA>,<NA>,0,both,<NA>
je-campaign-default,"JE : JE,routine,with : default",JE,total,routine,KHM,Cambodia,2018,0,0,<NA>,<NA>,0.85999999999999998668,both,<NA>
je-campaign-default,"JE : JE,routine,with : default",JE,total,routine,KHM,Cambodia,2019,0,0,<NA>,<NA>,1,both,<NA>
je-campaign-default,"JE : JE,routine,with : default",JE,total,routine,KHM,Cambodia,2020,0,0,<NA>,<NA>,0.80000000000000004441,both,<NA>
je-campaign-default,"JE : JE,routine,with : default",JE,total,routine,KHM,Cambodia,2021,0,0,<NA>,<NA>,0.9000000000000000222,both,<NA>
je-campaign-default,"JE : JE,routine,with : default",JE,total,routine,KHM,Cambodia,2022,0,0,<NA>,<NA>,1,both,<NA>
je-campaign-default,"JE : JE,routine,with : default",JE,total,routine,KHM,Cambodia,2023,0,0,<NA>,<NA>,0,both,<NA>
je-campaign-default,"JE : JE,routine,with : default",JE,total,routine,KHM,Cambodia,2024,0,0,<NA>,<NA>,0,both,<NA>
je-campaign-default,"JE : JE,routine,with : default",JE,total,routine,KHM,Cambodia,2025,0,0,<NA>,<NA>,0,both,<NA>
je-campaign-default,"JE : JE,routine,with : default",JE,total,routine,KHM,Cambodia,2026,0,0,<NA>,<NA>,0,both,<NA>
je-campaign-default,"JE : JE,routine,with : default",JE,total,routine,KHM,Cambodia,2027,0,0,<NA>,<NA>,0,both,<NA>
je-campaign-default,"JE : JE,routine,with : default",JE,total,routine,KHM,Cambodia,2028,0,0,<NA>,<NA>,0,both,<NA>
je-campaign-default,"JE : JE,routine,with : default",JE,total,routine,KHM,Cambodia,2029,0,0,<NA>,<NA>,0,both,<NA>
je-campaign-default,"JE : JE,routine,with : default",JE,total,routine,KHM,Cambodia,2030,0,0,<NA>,<NA>,0.8969444444444444331,both,<NA>
je-campaign-default,"JE : JE,routine,with : default",JE,total,routine,KHM,Cambodia,2031,0,0,<NA>,<NA>,0.90694444444444444198,both,<NA>
je-campaign-default,"JE : JE,routine,with : default",JE,total,routine,KHM,Cambodia,2032,0,0,<NA>,<NA>,0.91694444444444445086,both,<NA>
je-campaign-default,"JE : JE,routine,with : default",JE,total,routine,KHM,Cambodia,2033,0,0,<NA>,<NA>,0.92694444444444445974,both,<NA>
je-campaign-default,"JE : JE,routine,with : default",JE,total,routine,KHM,Cambodia,2034,0,0,<NA>,<NA>,0.93694444444444446862,both,<NA>
je-campaign-default,"JE : JE,routine,with : default",JE,total,routine,KHM,Cambodia,2035,0,0,<NA>,<NA>,0.9469444444444444775,both,<NA>
je-campaign-default,"JE : JE,routine,with : default",JE,total,routine,KHM,Cambodia,2036,0,0,<NA>,<NA>,0.95694444444444437536,both,<NA>
je-campaign-default,"JE : JE,routine,with : default",JE,total,routine,KHM,Cambodia,2037,0,0,<NA>,<NA>,0.96694444444444438425,both,<NA>
je-campaign-default,"JE : JE,routine,with : default",JE,total,routine,KHM,Cambodia,2038,0,0,<NA>,<NA>,0.97694444444444439313,both,<NA>
je-campaign-default,"JE : JE,routine,with : default",JE,total,routine,KHM,Cambodia,2039,0,0,<NA>,<NA>,0.98694444444444440201,both,<NA>
je-campaign-default,"JE : JE,routine,with : default",JE,total,routine,KHM,Cambodia,2040,0,0,<NA>,<NA>,0.99694444444444441089,both,<NA>
je-campaign-default,"JE : JE,routine,with : default",JE,total,routine,KHM,Cambodia,2041,0,0,<NA>,<NA>,1,both,<NA>
je-campaign-default,"JE : JE,routine,with : default",JE,total,routine,KHM,Cambodia,2042,0,0,<NA>,<NA>,1,both,<NA>
je-campaign-default,"JE : JE,routine,with : default",JE,total,routine,KHM,Cambodia,2043,0,0,<NA>,<NA>,1,both,<NA>
je-campaign-default,"JE : JE,routine,with : default",JE,total,routine,KHM,Cambodia,2044,0,0,<NA>,<NA>,1,both,<NA>
je-campaign-default,"JE : JE,routine,with : default",JE,total,routine,KHM,Cambodia,2045,0,0,<NA>,<NA>,1,both,<NA>
je-campaign-default,"JE : JE,routine,with : default",JE,total,routine,KHM,Cambodia,2046,0,0,<NA>,<NA>,1,both,<NA>
je-campaign-default,"JE : JE,routine,with : default",JE,total,routine,KHM,Cambodia,2047,0,0,<NA>,<NA>,1,both,<NA>
je-campaign-default,"JE : JE,routine,with : default",JE,total,routine,KHM,Cambodia,2048,0,0,<NA>,<NA>,1,both,<NA>
je-campaign-default,"JE : JE,routine,with : default",JE,total,routine,KHM,Cambodia,2049,0,0,<NA>,<NA>,1,both,<NA>
je-campaign-default,"JE : JE,routine,with : default",JE,total,routine,KHM,Cambodia,2050,0,0,<NA>,<NA>,1,both,<NA>
je-campaign-default,"JE : JE,routine,with : default",JE,total,routine,KHM,Cambodia,2051,0,0,<NA>,<NA>,1,both,<NA>
je-campaign-default,"JE : JE,routine,with : default",JE,total,routine,KHM,Cambodia,2052,0,0,<NA>,<NA>,1,both,<NA>
je-campaign-default,"JE : JE,routine,with : default",JE,total,routine,KHM,Cambodia,2053,0,0,<NA>,<NA>,1,both,<NA>
je-campaign-default,"JE : JE,routine,with : default",JE,total,routine,KHM,Cambodia,2054,0,0,<NA>,<NA>,1,both,<NA>
je-campaign-default,"JE : JE,routine,with : default",JE,total,routine,KHM,Cambodia,2055,0,0,<NA>,<NA>,1,both,<NA>
je-campaign-default,"JE : JE,routine,with : default",JE,total,routine,KHM,Cambodia,2056,0,0,<NA>,<NA>,1,both,<NA>
je-campaign-default,"JE : JE,routine,with : default",JE,total,routine,KHM,Cambodia,2057,0,0,<NA>,<NA>,1,both,<NA>
je-campaign-default,"JE : JE,routine,with : default",JE,total,routine,KHM,Cambodia,2058,0,0,<NA>,<NA>,1,both,<NA>
je-campaign-default,"JE : JE,routine,with : default",JE,total,routine,KHM,Cambodia,2059,0,0,<NA>,<NA>,1,both,<NA>
je-campaign-default,"JE : JE,routine,with : default",JE,total,routine,KHM,Cambodia,2060,0,0,<NA>,<NA>,1,both,<NA>
je-campaign-default,"JE : JE,routine,with : default",JE,total,routine,KHM,Cambodia,2061,0,0,<NA>,<NA>,1,both,<NA>
je-campaign-default,"JE : JE,routine,with : default",JE,total,routine,KHM,Cambodia,2062,0,0,<NA>,<NA>,1,both,<NA>
je-campaign-default,"JE : JE,routine,with : default",JE,total,routine,KHM,Cambodia,2063,0,0,<NA>,<NA>,1,both,<NA>
je-campaign-default,"JE : JE,routine,with : default",JE,total,routine,KHM,Cambodia,2064,0,0,<NA>,<NA>,1,both,<NA>
je-campaign-default,"JE : JE,routine,with : default",JE,total,routine,KHM,Cambodia,2065,0,0,<NA>,<NA>,1,both,<NA>
je-campaign-default,"JE : JE,routine,with : default",JE,total,routine,KHM,Cambodia,2066,0,0,<NA>,<NA>,1,both,<NA>
je-campaign-default,"JE : JE,routine,with : default",JE,total,routine,KHM,Cambodia,2067,0,0,<NA>,<NA>,1,both,<NA>
je-campaign-default,"JE : JE,routine,with : default",JE,total,routine,KHM,Cambodia,2068,0,0,<NA>,<NA>,1,both,<NA>
je-campaign-default,"JE : JE,routine,with : default",JE,total,routine,KHM,Cambodia,2069,0,0,<NA>,<NA>,1,both,<NA>
je-campaign-default,"JE : JE,routine,with : default",JE,total,routine,KHM,Cambodia,2070,0,0,<NA>,<NA>,1,both,<NA>
je-campaign-default,"JE : JE,routine,with : default",JE,total,routine,KHM,Cambodia,2071,0,0,<NA>,<NA>,1,both,<NA>
je-campaign-default,"JE : JE,routine,with : default",JE,total,routine,KHM,Cambodia,2072,0,0,<NA>,<NA>,1,both,<NA>
je-campaign-default,"JE : JE,routine,with : default",JE,total,routine,KHM,Cambodia,2073,0,0,<NA>,<NA>,1,both,<NA>
je-campaign-default,"JE : JE,routine,with : default",JE,total,routine,KHM,Cambodia,2074,0,0,<NA>,<NA>,1,both,<NA>
je-campaign-default,"JE : JE,routine,with : default",JE,total,routine,KHM,Cambodia,2075,0,0,<NA>,<NA>,1,both,<NA>
je-campaign-default,"JE : JE,routine,with : default",JE,total,routine,KHM,Cambodia,2076,0,0,<NA>,<NA>,1,both,<NA>
je-campaign-default,"JE : JE,routine,with : default",JE,total,routine,KHM,Cambodia,2077,0,0,<NA>,<NA>,1,both,<NA>
je-campaign-default,"JE : JE,routine,with : default",JE,total,routine,KHM,Cambodia,2078,0,0,<NA>,<NA>,1,both,<NA>
je-campaign-default,"JE : JE,routine,with : default",JE,total,routine,KHM,Cambodia,2079,0,0,<NA>,<NA>,1,both,<NA>
je-campaign-default,"JE : JE,routine,with : default",JE,total,routine,KHM,Cambodia,2080,0,0,<NA>,<NA>,1,both,<NA>
je-campaign-default,"JE : JE,routine,with : default",JE,total,routine,KHM,Cambodia,2081,0,0,<NA>,<NA>,1,both,<NA>
je-campaign-default,"JE : JE,routine,with : default",JE,total,routine,KHM,Cambodia,2082,0,0,<NA>,<NA>,1,both,<NA>
je-campaign-default,"JE : JE,routine,with : default",JE,total,routine,KHM,Cambodia,2083,0,0,<NA>,<NA>,1,both,<NA>
je-campaign-default,"JE : JE,routine,with : default",JE,total,routine,KHM,Cambodia,2084,0,0,<NA>,<NA>,1,both,<NA>
je-campaign-default,"JE : JE,routine,with : default",JE,total,routine,KHM,Cambodia,2085,0,0,<NA>,<NA>,1,both,<NA>
je-campaign-default,"JE : JE,routine,with : default",JE,total,routine,KHM,Cambodia,2086,0,0,<NA>,<NA>,1,both,<NA>
je-campaign-default,"JE : JE,routine,with : default",JE,total,routine,KHM,Cambodia,2087,0,0,<NA>,<NA>,1,both,<NA>
je-campaign-default,"JE : JE,routine,with : default",JE,total,routine,KHM,Cambodia,2088,0,0,<NA>,<NA>,1,both,<NA>
je-campaign-default,"JE : JE,routine,with : default",JE,total,routine,KHM,Cambodia,2089,0,0,<NA>,<NA>,1,both,<NA>
je-campaign-default,"JE : JE,routine,with : default",JE,total,routine,KHM,Cambodia,2090,0,0,<NA>,<NA>,1,both,<NA>
je-campaign-default,"JE : JE,routine,with : default",JE,total,routine,KHM,Cambodia,2091,0,0,<NA>,<NA>,1,both,<NA>
je-campaign-default,"JE : JE,routine,with : default",JE,total,routine,KHM,Cambodia,2092,0,0,<NA>,<NA>,1,both,<NA>
je-campaign-default,"JE : JE,routine,with : default",JE,total,routine,KHM,Cambodia,2093,0,0,<NA>,<NA>,1,both,<NA>
je-campaign-default,"JE : JE,routine,with : default",JE,total,routine,KHM,Cambodia,2094,0,0,<NA>,<NA>,1,both,<NA>
je-campaign-default,"JE : JE,routine,with : default",JE,total,routine,KHM,Cambodia,2095,0,0,<NA>,<NA>,1,both,<NA>
je-campaign-default,"JE : JE,routine,with : default",JE,total,routine,KHM,Cambodia,2096,0,0,<NA>,<NA>,1,both,<NA>
je-campaign-default,"JE : JE,routine,with : default",JE,total,routine,KHM,Cambodia,2097,0,0,<NA>,<NA>,1,both,<NA>
je-campaign-default,"JE : JE,routine,with : default",JE,total,routine,KHM,Cambodia,2098,0,0,<NA>,<NA>,1,both,<NA>
je-campaign-default,"JE : JE,routine,with : default",JE,total,routine,KHM,Cambodia,2099,0,0,<NA>,<NA>,1,both,<NA>
je-campaign-default,"JE : JE,routine,with : default",JE,total,routine,KHM,Cambodia,2100,0,0,<NA>,<NA>,1,both,<NA>
je-campaign-default,"JE : JE,routine,with : default",JE,total,routine,LAO,Lao People's Democratic Republic,1980,0,0,<NA>,<NA>,0,both,<NA>
je-campaign-default,"JE : JE,routine,with : default",JE,total,routine,LAO,Lao People's Democratic Republic,1981,0,0,<NA>,<NA>,0,both,<NA>
je-campaign-default,"JE : JE,routine,with : default",JE,total,routine,LAO,Lao People's Democratic Republic,1982,0,0,<NA>,<NA>,0,both,<NA>
je-campaign-default,"JE : JE,routine,with : default",JE,total,routine,LAO,Lao People's Democratic Republic,1983,0,0,<NA>,<NA>,0,both,<NA>
je-campaign-default,"JE : JE,routine,with : default",JE,total,routine,LAO,Lao People's Democratic Republic,1984,0,0,<NA>,<NA>,0,both,<NA>
je-campaign-default,"JE : JE,routine,with : default",JE,total,routine,LAO,Lao People's Democratic Republic,1985,0,0,<NA>,<NA>,0,both,<NA>
je-campaign-default,"JE : JE,routine,with : default",JE,total,routine,LAO,Lao People's Democratic Republic,1986,0,0,<NA>,<NA>,0,both,<NA>
je-campaign-default,"JE : JE,routine,with : default",JE,total,routine,LAO,Lao People's Democratic Republic,1987,0,0,<NA>,<NA>,0,both,<NA>
je-campaign-default,"JE : JE,routine,with : default",JE,total,routine,LAO,Lao People's Democratic Republic,1988,0,0,<NA>,<NA>,0,both,<NA>
je-campaign-default,"JE : JE,routine,with : default",JE,total,routine,LAO,Lao People's Democratic Republic,1989,0,0,<NA>,<NA>,0,both,<NA>
je-campaign-default,"JE : JE,routine,with : default",JE,total,routine,LAO,Lao People's Democratic Republic,1990,0,0,<NA>,<NA>,0,both,<NA>
je-campaign-default,"JE : JE,routine,with : default",JE,total,routine,LAO,Lao People's Democratic Republic,1991,0,0,<NA>,<NA>,0,both,<NA>
je-campaign-default,"JE : JE,routine,with : default",JE,total,routine,LAO,Lao People's Democratic Republic,1992,0,0,<NA>,<NA>,0,both,<NA>
je-campaign-default,"JE : JE,routine,with : default",JE,total,routine,LAO,Lao People's Democratic Republic,1993,0,0,<NA>,<NA>,0,both,<NA>
je-campaign-default,"JE : JE,routine,with : default",JE,total,routine,LAO,Lao People's Democratic Republic,1994,0,0,<NA>,<NA>,0,both,<NA>
je-campaign-default,"JE : JE,routine,with : default",JE,total,routine,LAO,Lao People's Democratic Republic,1995,0,0,<NA>,<NA>,0,both,<NA>
je-campaign-default,"JE : JE,routine,with : default",JE,total,routine,LAO,Lao People's Democratic Republic,1996,0,0,<NA>,<NA>,0,both,<NA>
je-campaign-default,"JE : JE,routine,with : default",JE,total,routine,LAO,Lao People's Democratic Republic,1997,0,0,<NA>,<NA>,0,both,<NA>
je-campaign-default,"JE : JE,routine,with : default",JE,total,routine,LAO,Lao People's Democratic Republic,1998,0,0,<NA>,<NA>,0,both,<NA>
je-campaign-default,"JE : JE,routine,with : default",JE,total,routine,LAO,Lao People's Democratic Republic,1999,0,0,<NA>,<NA>,0,both,<NA>
je-campaign-default,"JE : JE,routine,with : default",JE,total,routine,LAO,Lao People's Democratic Republic,2000,0,0,<NA>,<NA>,0,both,<NA>
je-campaign-default,"JE : JE,routine,with : default",JE,total,routine,LAO,Lao People's Democratic Republic,2001,0,0,<NA>,<NA>,0,both,<NA>
je-campaign-default,"JE : JE,routine,with : default",JE,total,routine,LAO,Lao People's Democratic Republic,2002,0,0,<NA>,<NA>,0,both,<NA>
je-campaign-default,"JE : JE,routine,with : default",JE,total,routine,LAO,Lao People's Democratic Republic,2003,0,0,<NA>,<NA>,0,both,<NA>
je-campaign-default,"JE : JE,routine,with : default",JE,total,routine,LAO,Lao People's Democratic Republic,2004,0,0,<NA>,<NA>,0,both,<NA>
je-campaign-default,"JE : JE,routine,with : default",JE,total,routine,LAO,Lao People's Democratic Republic,2005,0,0,<NA>,<NA>,0,both,<NA>
je-campaign-default,"JE : JE,routine,with : default",JE,total,routine,LAO,Lao People's Democratic Republic,2006,0,0,<NA>,<NA>,0,both,<NA>
je-campaign-default,"JE : JE,routine,with : default",JE,total,routine,LAO,Lao People's Democratic Republic,2007,0,0,<NA>,<NA>,0,both,<NA>
je-campaign-default,"JE : JE,routine,with : default",JE,total,routine,LAO,Lao People's Democratic Republic,2008,0,0,<NA>,<NA>,0,both,<NA>
je-campaign-default,"JE : JE,routine,with : default",JE,total,routine,LAO,Lao People's Democratic Republic,2009,0,0,<NA>,<NA>,0,both,<NA>
je-campaign-default,"JE : JE,routine,with : default",JE,total,routine,LAO,Lao People's Democratic Republic,2010,0,0,<NA>,<NA>,0,both,<NA>
je-campaign-default,"JE : JE,routine,with : default",JE,total,routine,LAO,Lao People's Democratic Republic,2011,0,0,<NA>,<NA>,0,both,<NA>
je-campaign-default,"JE : JE,routine,with : default",JE,total,routine,LAO,Lao People's Democratic Republic,2012,0,0,<NA>,<NA>,0,both,<NA>
je-campaign-default,"JE : JE,routine,with : default",JE,total,routine,LAO,Lao People's Democratic Republic,2013,0,0,<NA>,<NA>,0,both,<NA>
je-campaign-default,"JE : JE,routine,with : default",JE,total,routine,LAO,Lao People's Democratic Republic,2014,0,0,<NA>,<NA>,0,both,<NA>
je-campaign-default,"JE : JE,routine,with : default",JE,total,routine,LAO,Lao People's Democratic Republic,2015,0,0,<NA>,<NA>,0.22000000000000000111,both,<NA>
je-campaign-default,"JE : JE,routine,with : default",JE,total,routine,LAO,Lao People's Democratic Republic,2016,0,0,<NA>,<NA>,0.5,both,<NA>
je-campaign-default,"JE : JE,routine,with : default",JE,total,routine,LAO,Lao People's Democratic Republic,2017,0,0,<NA>,<NA>,0.44000000000000000222,both,<NA>
je-campaign-default,"JE : JE,routine,with : default",JE,total,routine,LAO,Lao People's Democratic Republic,2018,0,0,<NA>,<NA>,0.68999999999999994671,both,<NA>
je-campaign-default,"JE : JE,routine,with : default",JE,total,routine,LAO,Lao People's Democratic Republic,2019,0,0,<NA>,<NA>,0.81000000000000005329,both,<NA>
je-campaign-default,"JE : JE,routine,with : default",JE,total,routine,LAO,Lao People's Democratic Republic,2020,0,0,<NA>,<NA>,0.64800000000000013145,both,<NA>
je-campaign-default,"JE : JE,routine,with : default",JE,total,routine,LAO,Lao People's Democratic Republic,2021,0,0,<NA>,<NA>,0.72900000000000009237,both,<NA>
je-campaign-default,"JE : JE,routine,with : default",JE,total,routine,LAO,Lao People's Democratic Republic,2022,0,0,<NA>,<NA>,0.81000000000000005329,both,<NA>
je-campaign-default,"JE : JE,routine,with : default",JE,total,routine,LAO,Lao People's Democratic Republic,2023,0,0,<NA>,<NA>,0.80277722504004311865,both,<NA>
je-campaign-default,"JE : JE,routine,with : default",JE,total,routine,LAO,Lao People's Democratic Republic,2024,0,0,<NA>,<NA>,0.79527987914260089841,both,<NA>
je-campaign-default,"JE : JE,routine,with : default",JE,total,routine,LAO,Lao People's Democratic Republic,2025,0,0,<NA>,<NA>,0.78749752460192623538,both,<NA>
je-campaign-default,"JE : JE,routine,with : default",JE,total,routine,LAO,Lao People's Democratic Republic,2026,0,0,<NA>,<NA>,0.77941932692700999219,both,<NA>
je-campaign-default,"JE : JE,routine,with : default",JE,total,routine,LAO,Lao People's Democratic Republic,2027,0,0,<NA>,<NA>,0.77103403975794648773,both,<NA>
je-campaign-default,"JE : JE,routine,with : default",JE,total,routine,LAO,Lao People's Democratic Republic,2028,0,0,<NA>,<NA>,0.76232998920890016059,both,<NA>
je-campaign-default,"JE : JE,routine,with : default",JE,total,routine,LAO,Lao People's Democratic Republic,2029,0,0,<NA>,<NA>,0.7532950576158755629,both,<NA>
je-campaign-default,"JE : JE,routine,with : default",JE,total,routine,LAO,Lao People's Democratic Republic,2030,0,0,<NA>,<NA>,0.74391666666666667052,both,<NA>
je-campaign-default,"JE : JE,routine,with : default",JE,total,routine,LAO,Lao People's Democratic Republic,2031,0,0,<NA>,<NA>,0.7539166666666666794,both,<NA>
je-campaign-default,"JE : JE,routine,with : default",JE,total,routine,LAO,Lao People's Democratic Republic,2032,0,0,<NA>,<NA>,0.76391666666666668828,both,<NA>
je-campaign-default,"JE : JE,routine,with : default",JE,total,routine,LAO,Lao People's Democratic Republic,2033,0,0,<NA>,<NA>,0.77391666666666669716,both,<NA>
je-campaign-default,"JE : JE,routine,with : default",JE,total,routine,LAO,Lao People's Democratic Republic,2034,0,0,<NA>,<NA>,0.78391666666666670604,both,<NA>
je-campaign-default,"JE : JE,routine,with : default",JE,total,routine,LAO,Lao People's Democratic Republic,2035,0,0,<NA>,<NA>,0.79391666666666671492,both,<NA>
je-campaign-default,"JE : JE,routine,with : default",JE,total,routine,LAO,Lao People's Democratic Republic,2036,0,0,<NA>,<NA>,0.80391666666666661278,both,<NA>
je-campaign-default,"JE : JE,routine,with : default",JE,total,routine,LAO,Lao People's Democratic Republic,2037,0,0,<NA>,<NA>,0.81391666666666662167,both,<NA>
je-campaign-default,"JE : JE,routine,with : default",JE,total,routine,LAO,Lao People's Democratic Republic,2038,0,0,<NA>,<NA>,0.82391666666666663055,both,<NA>
je-campaign-default,"JE : JE,routine,with : default",JE,total,routine,LAO,Lao People's Democratic Republic,2039,0,0,<NA>,<NA>,0.83391666666666663943,both,<NA>
je-campaign-default,"JE : JE,routine,with : default",JE,total,routine,LAO,Lao People's Democratic Republic,2040,0,0,<NA>,<NA>,0.84391666666666664831,both,<NA>
je-campaign-default,"JE : JE,routine,with : default",JE,total,routine,LAO,Lao People's Democratic Republic,2041,0,0,<NA>,<NA>,0.85391666666666665719,both,<NA>
je-campaign-default,"JE : JE,routine,with : default",JE,total,routine,LAO,Lao People's Democratic Republic,2042,0,0,<NA>,<NA>,0.86391666666666666607,both,<NA>
je-campaign-default,"JE : JE,routine,with : default",JE,total,routine,LAO,Lao People's Democratic Republic,2043,0,0,<NA>,<NA>,0.87391666666666667496,both,<NA>
je-campaign-default,"JE : JE,routine,with : default",JE,total,routine,LAO,Lao People's Democratic Republic,2044,0,0,<NA>,<NA>,0.88391666666666668384,both,<NA>
je-campaign-default,"JE : JE,routine,with : default",JE,total,routine,LAO,Lao People's Democratic Republic,2045,0,0,<NA>,<NA>,0.89391666666666669272,both,<NA>
je-campaign-default,"JE : JE,routine,with : default",JE,total,routine,LAO,Lao People's Democratic Republic,2046,0,0,<NA>,<NA>,0.9000000000000000222,both,<NA>
je-campaign-default,"JE : JE,routine,with : default",JE,total,routine,LAO,Lao People's Democratic Republic,2047,0,0,<NA>,<NA>,0.9000000000000000222,both,<NA>
je-campaign-default,"JE : JE,routine,with : default",JE,total,routine,LAO,Lao People's Democratic Republic,2048,0,0,<NA>,<NA>,0.9000000000000000222,both,<NA>
je-campaign-default,"JE : JE,routine,with : default",JE,total,routine,LAO,Lao People's Democratic Republic,2049,0,0,<NA>,<NA>,0.9000000000000000222,both,<NA>
je-campaign-default,"JE : JE,routine,with : default",JE,total,routine,LAO,Lao People's Democratic Republic,2050,0,0,<NA>,<NA>,0.9000000000000000222,both,<NA>
je-campaign-default,"JE : JE,routine,with : default",JE,total,routine,LAO,Lao People's Democratic Republic,2051,0,0,<NA>,<NA>,0.9000000000000000222,both,<NA>
je-campaign-default,"JE : JE,routine,with : default",JE,total,routine,LAO,Lao People's Democratic Republic,2052,0,0,<NA>,<NA>,0.9000000000000000222,both,<NA>
je-campaign-default,"JE : JE,routine,with : default",JE,total,routine,LAO,Lao People's Democratic Republic,2053,0,0,<NA>,<NA>,0.9000000000000000222,both,<NA>
je-campaign-default,"JE : JE,routine,with : default",JE,total,routine,LAO,Lao People's Democratic Republic,2054,0,0,<NA>,<NA>,0.9000000000000000222,both,<NA>
je-campaign-default,"JE : JE,routine,with : default",JE,total,routine,LAO,Lao People's Democratic Republic,2055,0,0,<NA>,<NA>,0.9000000000000000222,both,<NA>
je-campaign-default,"JE : JE,routine,with : default",JE,total,routine,LAO,Lao People's Democratic Republic,2056,0,0,<NA>,<NA>,0.9000000000000000222,both,<NA>
je-campaign-default,"JE : JE,routine,with : default",JE,total,routine,LAO,Lao People's Democratic Republic,2057,0,0,<NA>,<NA>,0.9000000000000000222,both,<NA>
je-campaign-default,"JE : JE,routine,with : default",JE,total,routine,LAO,Lao People's Democratic Republic,2058,0,0,<NA>,<NA>,0.9000000000000000222,both,<NA>
je-campaign-default,"JE : JE,routine,with : default",JE,total,routine,LAO,Lao People's Democratic Republic,2059,0,0,<NA>,<NA>,0.9000000000000000222,both,<NA>
je-campaign-default,"JE : JE,routine,with : default",JE,total,routine,LAO,Lao People's Democratic Republic,2060,0,0,<NA>,<NA>,0.9000000000000000222,both,<NA>
je-campaign-default,"JE : JE,routine,with : default",JE,total,routine,LAO,Lao People's Democratic Republic,2061,0,0,<NA>,<NA>,0.9000000000000000222,both,<NA>
je-campaign-default,"JE : JE,routine,with : default",JE,total,routine,LAO,Lao People's Democratic Republic,2062,0,0,<NA>,<NA>,0.9000000000000000222,both,<NA>
je-campaign-default,"JE : JE,routine,with : default",JE,total,routine,LAO,Lao People's Democratic Republic,2063,0,0,<NA>,<NA>,0.9000000000000000222,both,<NA>
je-campaign-default,"JE : JE,routine,with : default",JE,total,routine,LAO,Lao People's Democratic Republic,2064,0,0,<NA>,<NA>,0.9000000000000000222,both,<NA>
je-campaign-default,"JE : JE,routine,with : default",JE,total,routine,LAO,Lao People's Democratic Republic,2065,0,0,<NA>,<NA>,0.9000000000000000222,both,<NA>
je-campaign-default,"JE : JE,routine,with : default",JE,total,routine,LAO,Lao People's Democratic Republic,2066,0,0,<NA>,<NA>,0.9000000000000000222,both,<NA>
je-campaign-default,"JE : JE,routine,with : default",JE,total,routine,LAO,Lao People's Democratic Republic,2067,0,0,<NA>,<NA>,0.9000000000000000222,both,<NA>
je-campaign-default,"JE : JE,routine,with : default",JE,total,routine,LAO,Lao People's Democratic Republic,2068,0,0,<NA>,<NA>,0.9000000000000000222,both,<NA>
je-campaign-default,"JE : JE,routine,with : default",JE,total,routine,LAO,Lao People's Democratic Republic,2069,0,0,<NA>,<NA>,0.9000000000000000222,both,<NA>
je-campaign-default,"JE : JE,routine,with : default",JE,total,routine,LAO,Lao People's Democratic Republic,2070,0,0,<NA>,<NA>,0.9000000000000000222,both,<NA>
je-campaign-default,"JE : JE,routine,with : default",JE,total,routine,LAO,Lao People's Democratic Republic,2071,0,0,<NA>,<NA>,0.9000000000000000222,both,<NA>
je-campaign-default,"JE : JE,routine,with : default",JE,total,routine,LAO,Lao People's Democratic Republic,2072,0,0,<NA>,<NA>,0.9000000000000000222,both,<NA>
je-campaign-default,"JE : JE,routine,with : default",JE,total,routine,LAO,Lao People's Democratic Republic,2073,0,0,<NA>,<NA>,0.9000000000000000222,both,<NA>
je-campaign-default,"JE : JE,routine,with : default",JE,total,routine,LAO,Lao People's Democratic Republic,2074,0,0,<NA>,<NA>,0.9000000000000000222,both,<NA>
je-campaign-default,"JE : JE,routine,with : default",JE,total,routine,LAO,Lao People's Democratic Republic,2075,0,0,<NA>,<NA>,0.9000000000000000222,both,<NA>
je-campaign-default,"JE : JE,routine,with : default",JE,total,routine,LAO,Lao People's Democratic Republic,2076,0,0,<NA>,<NA>,0.9000000000000000222,both,<NA>
je-campaign-default,"JE : JE,routine,with : default",JE,total,routine,LAO,Lao People's Democratic Republic,2077,0,0,<NA>,<NA>,0.9000000000000000222,both,<NA>
je-campaign-default,"JE : JE,routine,with : default",JE,total,routine,LAO,Lao People's Democratic Republic,2078,0,0,<NA>,<NA>,0.9000000000000000222,both,<NA>
je-campaign-default,"JE : JE,routine,with : default",JE,total,routine,LAO,Lao People's Democratic Republic,2079,0,0,<NA>,<NA>,0.9000000000000000222,both,<NA>
je-campaign-default,"JE : JE,routine,with : default",JE,total,routine,LAO,Lao People's Democratic Republic,2080,0,0,<NA>,<NA>,0.9000000000000000222,both,<NA>
je-campaign-default,"JE : JE,routine,with : default",JE,total,routine,LAO,Lao People's Democratic Republic,2081,0,0,<NA>,<NA>,0.9000000000000000222,both,<NA>
je-campaign-default,"JE : JE,routine,with : default",JE,total,routine,LAO,Lao People's Democratic Republic,2082,0,0,<NA>,<NA>,0.9000000000000000222,both,<NA>
je-campaign-default,"JE : JE,routine,with : default",JE,total,routine,LAO,Lao People's Democratic Republic,2083,0,0,<NA>,<NA>,0.9000000000000000222,both,<NA>
je-campaign-default,"JE : JE,routine,with : default",JE,total,routine,LAO,Lao People's Democratic Republic,2084,0,0,<NA>,<NA>,0.9000000000000000222,both,<NA>
je-campaign-default,"JE : JE,routine,with : default",JE,total,routine,LAO,Lao People's Democratic Republic,2085,0,0,<NA>,<NA>,0.9000000000000000222,both,<NA>
je-campaign-default,"JE : JE,routine,with : default",JE,total,routine,LAO,Lao People's Democratic Republic,2086,0,0,<NA>,<NA>,0.9000000000000000222,both,<NA>
je-campaign-default,"JE : JE,routine,with : default",JE,total,routine,LAO,Lao People's Democratic Republic,2087,0,0,<NA>,<NA>,0.9000000000000000222,both,<NA>
je-campaign-default,"JE : JE,routine,with : default",JE,total,routine,LAO,Lao People's Democratic Republic,2088,0,0,<NA>,<NA>,0.9000000000000000222,both,<NA>
je-campaign-default,"JE : JE,routine,with : default",JE,total,routine,LAO,Lao People's Democratic Republic,2089,0,0,<NA>,<NA>,0.9000000000000000222,both,<NA>
je-campaign-default,"JE : JE,routine,with : default",JE,total,routine,LAO,Lao People's Democratic Republic,2090,0,0,<NA>,<NA>,0.9000000000000000222,both,<NA>
je-campaign-default,"JE : JE,routine,with : default",JE,total,routine,LAO,Lao People's Democratic Republic,2091,0,0,<NA>,<NA>,0.9000000000000000222,both,<NA>
je-campaign-default,"JE : JE,routine,with : default",JE,total,routine,LAO,Lao People's Democratic Republic,2092,0,0,<NA>,<NA>,0.9000000000000000222,both,<NA>
je-campaign-default,"JE : JE,routine,with : default",JE,total,routine,LAO,Lao People's Democratic Republic,2093,0,0,<NA>,<NA>,0.9000000000000000222,both,<NA>
je-campaign-default,"JE : JE,routine,with : default",JE,total,routine,LAO,Lao People's Democratic Republic,2094,0,0,<NA>,<NA>,0.9000000000000000222,both,<NA>
je-campaign-default,"JE : JE,routine,with : default",JE,total,routine,LAO,Lao People's Democratic Republic,2095,0,0,<NA>,<NA>,0.9000000000000000222,both,<NA>
je-campaign-default,"JE : JE,routine,with : default",JE,total,routine,LAO,Lao People's Democratic Republic,2096,0,0,<NA>,<NA>,0.9000000000000000222,both,<NA>
je-campaign-default,"JE : JE,routine,with : default",JE,total,routine,LAO,Lao People's Democratic Republic,2097,0,0,<NA>,<NA>,0.9000000000000000222,both,<NA>
je-campaign-default,"JE : JE,routine,with : default",JE,total,routine,LAO,Lao People's Democratic Republic,2098,0,0,<NA>,<NA>,0.9000000000000000222,both,<NA>
je-campaign-default,"JE : JE,routine,with : default",JE,total,routine,LAO,Lao People's Democratic Republic,2099,0,0,<NA>,<NA>,0.9000000000000000222,both,<NA>
je-campaign-default,"JE : JE,routine,with : default",JE,total,routine,LAO,Lao People's Democratic Republic,2100,0,0,<NA>,<NA>,0.9000000000000000222,both,<NA>
je-campaign-default,"JE : JE,routine,with : default",JE,total,routine,LKA,Sri Lanka,1980,0,0,<NA>,<NA>,0,both,<NA>
je-campaign-default,"JE : JE,routine,with : default",JE,total,routine,LKA,Sri Lanka,1981,0,0,<NA>,<NA>,0,both,<NA>
je-campaign-default,"JE : JE,routine,with : default",JE,total,routine,LKA,Sri Lanka,1982,0,0,<NA>,<NA>,0,both,<NA>
je-campaign-default,"JE : JE,routine,with : default",JE,total,routine,LKA,Sri Lanka,1983,0,0,<NA>,<NA>,0,both,<NA>
je-campaign-default,"JE : JE,routine,with : default",JE,total,routine,LKA,Sri Lanka,1984,0,0,<NA>,<NA>,0,both,<NA>
je-campaign-default,"JE : JE,routine,with : default",JE,total,routine,LKA,Sri Lanka,1985,0,0,<NA>,<NA>,0,both,<NA>
je-campaign-default,"JE : JE,routine,with : default",JE,total,routine,LKA,Sri Lanka,1986,0,0,<NA>,<NA>,0,both,<NA>
je-campaign-default,"JE : JE,routine,with : default",JE,total,routine,LKA,Sri Lanka,1987,0,0,<NA>,<NA>,0,both,<NA>
je-campaign-default,"JE : JE,routine,with : default",JE,total,routine,LKA,Sri Lanka,1988,0,0,<NA>,<NA>,0,both,<NA>
je-campaign-default,"JE : JE,routine,with : default",JE,total,routine,LKA,Sri Lanka,1989,0,0,<NA>,<NA>,0,both,<NA>
je-campaign-default,"JE : JE,routine,with : default",JE,total,routine,LKA,Sri Lanka,1990,0,0,<NA>,<NA>,0,both,<NA>
je-campaign-default,"JE : JE,routine,with : default",JE,total,routine,LKA,Sri Lanka,1991,0,0,<NA>,<NA>,0,both,<NA>
je-campaign-default,"JE : JE,routine,with : default",JE,total,routine,LKA,Sri Lanka,1992,0,0,<NA>,<NA>,0,both,<NA>
je-campaign-default,"JE : JE,routine,with : default",JE,total,routine,LKA,Sri Lanka,1993,0,0,<NA>,<NA>,0,both,<NA>
je-campaign-default,"JE : JE,routine,with : default",JE,total,routine,LKA,Sri Lanka,1994,0,0,<NA>,<NA>,0,both,<NA>
je-campaign-default,"JE : JE,routine,with : default",JE,total,routine,LKA,Sri Lanka,1995,0,0,<NA>,<NA>,0,both,<NA>
je-campaign-default,"JE : JE,routine,with : default",JE,total,routine,LKA,Sri Lanka,1996,0,0,<NA>,<NA>,0,both,<NA>
je-campaign-default,"JE : JE,routine,with : default",JE,total,routine,LKA,Sri Lanka,1997,0,0,<NA>,<NA>,0,both,<NA>
je-campaign-default,"JE : JE,routine,with : default",JE,total,routine,LKA,Sri Lanka,1998,0,0,<NA>,<NA>,0,both,<NA>
je-campaign-default,"JE : JE,routine,with : default",JE,total,routine,LKA,Sri Lanka,1999,0,0,<NA>,<NA>,0,both,<NA>
je-campaign-default,"JE : JE,routine,with : default",JE,total,routine,LKA,Sri Lanka,2000,0,0,<NA>,<NA>,0,both,<NA>
je-campaign-default,"JE : JE,routine,with : default",JE,total,routine,LKA,Sri Lanka,2001,0,0,<NA>,<NA>,0,both,<NA>
je-campaign-default,"JE : JE,routine,with : default",JE,total,routine,LKA,Sri Lanka,2002,0,0,<NA>,<NA>,0,both,<NA>
je-campaign-default,"JE : JE,routine,with : default",JE,total,routine,LKA,Sri Lanka,2003,0,0,<NA>,<NA>,0,both,<NA>
je-campaign-default,"JE : JE,routine,with : default",JE,total,routine,LKA,Sri Lanka,2004,0,0,<NA>,<NA>,0,both,<NA>
je-campaign-default,"JE : JE,routine,with : default",JE,total,routine,LKA,Sri Lanka,2005,0,0,<NA>,<NA>,0,both,<NA>
je-campaign-default,"JE : JE,routine,with : default",JE,total,routine,LKA,Sri Lanka,2006,0,0,<NA>,<NA>,0,both,<NA>
je-campaign-default,"JE : JE,routine,with : default",JE,total,routine,LKA,Sri Lanka,2007,0,0,<NA>,<NA>,0,both,<NA>
je-campaign-default,"JE : JE,routine,with : default",JE,total,routine,LKA,Sri Lanka,2008,0,0,<NA>,<NA>,0,both,<NA>
je-campaign-default,"JE : JE,routine,with : default",JE,total,routine,LKA,Sri Lanka,2009,0,0,<NA>,<NA>,0.96999999999999997335,both,<NA>
je-campaign-default,"JE : JE,routine,with : default",JE,total,routine,LKA,Sri Lanka,2010,0,0,<NA>,<NA>,0.96999999999999997335,both,<NA>
je-campaign-default,"JE : JE,routine,with : default",JE,total,routine,LKA,Sri Lanka,2011,0,0,<NA>,<NA>,0.83999999999999996891,both,<NA>
je-campaign-default,"JE : JE,routine,with : default",JE,total,routine,LKA,Sri Lanka,2012,0,0,<NA>,<NA>,1,both,<NA>
je-campaign-default,"JE : JE,routine,with : default",JE,total,routine,LKA,Sri Lanka,2013,0,0,<NA>,<NA>,0.97999999999999998224,both,<NA>
je-campaign-default,"JE : JE,routine,with : default",JE,total,routine,LKA,Sri Lanka,2014,0,0,<NA>,<NA>,0.98999999999999999112,both,<NA>
je-campaign-default,"JE : JE,routine,with : default",JE,total,routine,LKA,Sri Lanka,2015,0,0,<NA>,<NA>,0.80000000000000004441,both,<NA>
je-campaign-default,"JE : JE,routine,with : default",JE,total,routine,LKA,Sri Lanka,2016,0,0,<NA>,<NA>,1,both,<NA>
je-campaign-default,"JE : JE,routine,with : default",JE,total,routine,LKA,Sri Lanka,2017,0,0,<NA>,<NA>,0.95999999999999996447,both,<NA>
je-campaign-default,"JE : JE,routine,with : default",JE,total,routine,LKA,Sri Lanka,2018,0,0,<NA>,<NA>,0.96999999999999997335,both,<NA>
je-campaign-default,"JE : JE,routine,with : default",JE,total,routine,LKA,Sri Lanka,2019,0,0,<NA>,<NA>,0.97999999999999998224,both,<NA>
je-campaign-default,"JE : JE,routine,with : default",JE,total,routine,LKA,Sri Lanka,2020,0,0,<NA>,<NA>,0.97999999999999998224,both,<NA>
je-campaign-default,"JE : JE,routine,with : default",JE,total,routine,LKA,Sri Lanka,2021,0,0,<NA>,<NA>,0.9795001353978958214,both,<NA>
je-campaign-default,"JE : JE,routine,with : default",JE,total,routine,LKA,Sri Lanka,2022,0,0,<NA>,<NA>,0.97898777756476984546,both,<NA>
je-campaign-default,"JE : JE,routine,with : default",JE,total,routine,LKA,Sri Lanka,2023,0,0,<NA>,<NA>,0.97846261425442437876,both,<NA>
je-campaign-default,"JE : JE,routine,with : default",JE,total,routine,LKA,Sri Lanka,2024,0,0,<NA>,<NA>,0.97792432541662055456,both,<NA>
je-campaign-default,"JE : JE,routine,with : default",JE,total,routine,LKA,Sri Lanka,2025,0,0,<NA>,<NA>,0.97737258300203044836,both,<NA>
je-campaign-default,"JE : JE,routine,with : default",JE,total,routine,LKA,Sri Lanka,2026,0,0,<NA>,<NA>,0.9768070507623137777,both,<NA>
je-campaign-default,"JE : JE,routine,with : default",JE,total,routine,LKA,Sri Lanka,2027,0,0,<NA>,<NA>,0.97622738404519782129,both,<NA>
je-campaign-default,"JE : JE,routine,with : default",JE,total,routine,LKA,Sri Lanka,2028,0,0,<NA>,<NA>,0.97563322958443676747,both,<NA>
je-campaign-default,"JE : JE,routine,with : default",JE,total,routine,LKA,Sri Lanka,2029,0,0,<NA>,<NA>,0.97502422528451981876,both,<NA>
je-campaign-default,"JE : JE,routine,with : default",JE,total,routine,LKA,Sri Lanka,2030,0,0,<NA>,<NA>,0.97440000000000004388,both,<NA>
je-campaign-default,"JE : JE,routine,with : default",JE,total,routine,LKA,Sri Lanka,2031,0,0,<NA>,<NA>,0.98440000000000005276,both,<NA>
je-campaign-default,"JE : JE,routine,with : default",JE,total,routine,LKA,Sri Lanka,2032,0,0,<NA>,<NA>,0.99440000000000006164,both,<NA>
je-campaign-default,"JE : JE,routine,with : default",JE,total,routine,LKA,Sri Lanka,2033,0,0,<NA>,<NA>,1,both,<NA>
je-campaign-default,"JE : JE,routine,with : default",JE,total,routine,LKA,Sri Lanka,2034,0,0,<NA>,<NA>,1,both,<NA>
je-campaign-default,"JE : JE,routine,with : default",JE,total,routine,LKA,Sri Lanka,2035,0,0,<NA>,<NA>,1,both,<NA>
je-campaign-default,"JE : JE,routine,with : default",JE,total,routine,LKA,Sri Lanka,2036,0,0,<NA>,<NA>,1,both,<NA>
je-campaign-default,"JE : JE,routine,with : default",JE,total,routine,LKA,Sri Lanka,2037,0,0,<NA>,<NA>,1,both,<NA>
je-campaign-default,"JE : JE,routine,with : default",JE,total,routine,LKA,Sri Lanka,2038,0,0,<NA>,<NA>,1,both,<NA>
je-campaign-default,"JE : JE,routine,with : default",JE,total,routine,LKA,Sri Lanka,2039,0,0,<NA>,<NA>,1,both,<NA>
je-campaign-default,"JE : JE,routine,with : default",JE,total,routine,LKA,Sri Lanka,2040,0,0,<NA>,<NA>,1,both,<NA>
je-campaign-default,"JE : JE,routine,with : default",JE,total,routine,LKA,Sri Lanka,2041,0,0,<NA>,<NA>,1,both,<NA>
je-campaign-default,"JE : JE,routine,with : default",JE,total,routine,LKA,Sri Lanka,2042,0,0,<NA>,<NA>,1,both,<NA>
je-campaign-default,"JE : JE,routine,with : default",JE,total,routine,LKA,Sri Lanka,2043,0,0,<NA>,<NA>,1,both,<NA>
je-campaign-default,"JE : JE,routine,with : default",JE,total,routine,LKA,Sri Lanka,2044,0,0,<NA>,<NA>,1,both,<NA>
je-campaign-default,"JE : JE,routine,with : default",JE,total,routine,LKA,Sri Lanka,2045,0,0,<NA>,<NA>,1,both,<NA>
je-campaign-default,"JE : JE,routine,with : default",JE,total,routine,LKA,Sri Lanka,2046,0,0,<NA>,<NA>,1,both,<NA>
je-campaign-default,"JE : JE,routine,with : default",JE,total,routine,LKA,Sri Lanka,2047,0,0,<NA>,<NA>,1,both,<NA>
je-campaign-default,"JE : JE,routine,with : default",JE,total,routine,LKA,Sri Lanka,2048,0,0,<NA>,<NA>,1,both,<NA>
je-campaign-default,"JE : JE,routine,with : default",JE,total,routine,LKA,Sri Lanka,2049,0,0,<NA>,<NA>,1,both,<NA>
je-campaign-default,"JE : JE,routine,with : default",JE,total,routine,LKA,Sri Lanka,2050,0,0,<NA>,<NA>,1,both,<NA>
je-campaign-default,"JE : JE,routine,with : default",JE,total,routine,LKA,Sri Lanka,2051,0,0,<NA>,<NA>,1,both,<NA>
je-campaign-default,"JE : JE,routine,with : default",JE,total,routine,LKA,Sri Lanka,2052,0,0,<NA>,<NA>,1,both,<NA>
je-campaign-default,"JE : JE,routine,with : default",JE,total,routine,LKA,Sri Lanka,2053,0,0,<NA>,<NA>,1,both,<NA>
je-campaign-default,"JE : JE,routine,with : default",JE,total,routine,LKA,Sri Lanka,2054,0,0,<NA>,<NA>,1,both,<NA>
je-campaign-default,"JE : JE,routine,with : default",JE,total,routine,LKA,Sri Lanka,2055,0,0,<NA>,<NA>,1,both,<NA>
je-campaign-default,"JE : JE,routine,with : default",JE,total,routine,LKA,Sri Lanka,2056,0,0,<NA>,<NA>,1,both,<NA>
je-campaign-default,"JE : JE,routine,with : default",JE,total,routine,LKA,Sri Lanka,2057,0,0,<NA>,<NA>,1,both,<NA>
je-campaign-default,"JE : JE,routine,with : default",JE,total,routine,LKA,Sri Lanka,2058,0,0,<NA>,<NA>,1,both,<NA>
je-campaign-default,"JE : JE,routine,with : default",JE,total,routine,LKA,Sri Lanka,2059,0,0,<NA>,<NA>,1,both,<NA>
je-campaign-default,"JE : JE,routine,with : default",JE,total,routine,LKA,Sri Lanka,2060,0,0,<NA>,<NA>,1,both,<NA>
je-campaign-default,"JE : JE,routine,with : default",JE,total,routine,LKA,Sri Lanka,2061,0,0,<NA>,<NA>,1,both,<NA>
je-campaign-default,"JE : JE,routine,with : default",JE,total,routine,LKA,Sri Lanka,2062,0,0,<NA>,<NA>,1,both,<NA>
je-campaign-default,"JE : JE,routine,with : default",JE,total,routine,LKA,Sri Lanka,2063,0,0,<NA>,<NA>,1,both,<NA>
je-campaign-default,"JE : JE,routine,with : default",JE,total,routine,LKA,Sri Lanka,2064,0,0,<NA>,<NA>,1,both,<NA>
je-campaign-default,"JE : JE,routine,with : default",JE,total,routine,LKA,Sri Lanka,2065,0,0,<NA>,<NA>,1,both,<NA>
je-campaign-default,"JE : JE,routine,with : default",JE,total,routine,LKA,Sri Lanka,2066,0,0,<NA>,<NA>,1,both,<NA>
je-campaign-default,"JE : JE,routine,with : default",JE,total,routine,LKA,Sri Lanka,2067,0,0,<NA>,<NA>,1,both,<NA>
je-campaign-default,"JE : JE,routine,with : default",JE,total,routine,LKA,Sri Lanka,2068,0,0,<NA>,<NA>,1,both,<NA>
je-campaign-default,"JE : JE,routine,with : default",JE,total,routine,LKA,Sri Lanka,2069,0,0,<NA>,<NA>,1,both,<NA>
je-campaign-default,"JE : JE,routine,with : default",JE,total,routine,LKA,Sri Lanka,2070,0,0,<NA>,<NA>,1,both,<NA>
je-campaign-default,"JE : JE,routine,with : default",JE,total,routine,LKA,Sri Lanka,2071,0,0,<NA>,<NA>,1,both,<NA>
je-campaign-default,"JE : JE,routine,with : default",JE,total,routine,LKA,Sri Lanka,2072,0,0,<NA>,<NA>,1,both,<NA>
je-campaign-default,"JE : JE,routine,with : default",JE,total,routine,LKA,Sri Lanka,2073,0,0,<NA>,<NA>,1,both,<NA>
je-campaign-default,"JE : JE,routine,with : default",JE,total,routine,LKA,Sri Lanka,2074,0,0,<NA>,<NA>,1,both,<NA>
je-campaign-default,"JE : JE,routine,with : default",JE,total,routine,LKA,Sri Lanka,2075,0,0,<NA>,<NA>,1,both,<NA>
je-campaign-default,"JE : JE,routine,with : default",JE,total,routine,LKA,Sri Lanka,2076,0,0,<NA>,<NA>,1,both,<NA>
je-campaign-default,"JE : JE,routine,with : default",JE,total,routine,LKA,Sri Lanka,2077,0,0,<NA>,<NA>,1,both,<NA>
je-campaign-default,"JE : JE,routine,with : default",JE,total,routine,LKA,Sri Lanka,2078,0,0,<NA>,<NA>,1,both,<NA>
je-campaign-default,"JE : JE,routine,with : default",JE,total,routine,LKA,Sri Lanka,2079,0,0,<NA>,<NA>,1,both,<NA>
je-campaign-default,"JE : JE,routine,with : default",JE,total,routine,LKA,Sri Lanka,2080,0,0,<NA>,<NA>,1,both,<NA>
je-campaign-default,"JE : JE,routine,with : default",JE,total,routine,LKA,Sri Lanka,2081,0,0,<NA>,<NA>,1,both,<NA>
je-campaign-default,"JE : JE,routine,with : default",JE,total,routine,LKA,Sri Lanka,2082,0,0,<NA>,<NA>,1,both,<NA>
je-campaign-default,"JE : JE,routine,with : default",JE,total,routine,LKA,Sri Lanka,2083,0,0,<NA>,<NA>,1,both,<NA>
je-campaign-default,"JE : JE,routine,with : default",JE,total,routine,LKA,Sri Lanka,2084,0,0,<NA>,<NA>,1,both,<NA>
je-campaign-default,"JE : JE,routine,with : default",JE,total,routine,LKA,Sri Lanka,2085,0,0,<NA>,<NA>,1,both,<NA>
je-campaign-default,"JE : JE,routine,with : default",JE,total,routine,LKA,Sri Lanka,2086,0,0,<NA>,<NA>,1,both,<NA>
je-campaign-default,"JE : JE,routine,with : default",JE,total,routine,LKA,Sri Lanka,2087,0,0,<NA>,<NA>,1,both,<NA>
je-campaign-default,"JE : JE,routine,with : default",JE,total,routine,LKA,Sri Lanka,2088,0,0,<NA>,<NA>,1,both,<NA>
je-campaign-default,"JE : JE,routine,with : default",JE,total,routine,LKA,Sri Lanka,2089,0,0,<NA>,<NA>,1,both,<NA>
je-campaign-default,"JE : JE,routine,with : default",JE,total,routine,LKA,Sri Lanka,2090,0,0,<NA>,<NA>,1,both,<NA>
je-campaign-default,"JE : JE,routine,with : default",JE,total,routine,LKA,Sri Lanka,2091,0,0,<NA>,<NA>,1,both,<NA>
je-campaign-default,"JE : JE,routine,with : default",JE,total,routine,LKA,Sri Lanka,2092,0,0,<NA>,<NA>,1,both,<NA>
je-campaign-default,"JE : JE,routine,with : default",JE,total,routine,LKA,Sri Lanka,2093,0,0,<NA>,<NA>,1,both,<NA>
je-campaign-default,"JE : JE,routine,with : default",JE,total,routine,LKA,Sri Lanka,2094,0,0,<NA>,<NA>,1,both,<NA>
je-campaign-default,"JE : JE,routine,with : default",JE,total,routine,LKA,Sri Lanka,2095,0,0,<NA>,<NA>,1,both,<NA>
je-campaign-default,"JE : JE,routine,with : default",JE,total,routine,LKA,Sri Lanka,2096,0,0,<NA>,<NA>,1,both,<NA>
je-campaign-default,"JE : JE,routine,with : default",JE,total,routine,LKA,Sri Lanka,2097,0,0,<NA>,<NA>,1,both,<NA>
je-campaign-default,"JE : JE,routine,with : default",JE,total,routine,LKA,Sri Lanka,2098,0,0,<NA>,<NA>,1,both,<NA>
je-campaign-default,"JE : JE,routine,with : default",JE,total,routine,LKA,Sri Lanka,2099,0,0,<NA>,<NA>,1,both,<NA>
je-campaign-default,"JE : JE,routine,with : default",JE,total,routine,LKA,Sri Lanka,2100,0,0,<NA>,<NA>,1,both,<NA>
je-campaign-default,"JE : JE,routine,with : default",JE,total,routine,MMR,Myanmar,1980,0,0,<NA>,<NA>,0,both,<NA>
je-campaign-default,"JE : JE,routine,with : default",JE,total,routine,MMR,Myanmar,1981,0,0,<NA>,<NA>,0,both,<NA>
je-campaign-default,"JE : JE,routine,with : default",JE,total,routine,MMR,Myanmar,1982,0,0,<NA>,<NA>,0,both,<NA>
je-campaign-default,"JE : JE,routine,with : default",JE,total,routine,MMR,Myanmar,1983,0,0,<NA>,<NA>,0,both,<NA>
je-campaign-default,"JE : JE,routine,with : default",JE,total,routine,MMR,Myanmar,1984,0,0,<NA>,<NA>,0,both,<NA>
je-campaign-default,"JE : JE,routine,with : default",JE,total,routine,MMR,Myanmar,1985,0,0,<NA>,<NA>,0,both,<NA>
je-campaign-default,"JE : JE,routine,with : default",JE,total,routine,MMR,Myanmar,1986,0,0,<NA>,<NA>,0,both,<NA>
je-campaign-default,"JE : JE,routine,with : default",JE,total,routine,MMR,Myanmar,1987,0,0,<NA>,<NA>,0,both,<NA>
je-campaign-default,"JE : JE,routine,with : default",JE,total,routine,MMR,Myanmar,1988,0,0,<NA>,<NA>,0,both,<NA>
je-campaign-default,"JE : JE,routine,with : default",JE,total,routine,MMR,Myanmar,1989,0,0,<NA>,<NA>,0,both,<NA>
je-campaign-default,"JE : JE,routine,with : default",JE,total,routine,MMR,Myanmar,1990,0,0,<NA>,<NA>,0,both,<NA>
je-campaign-default,"JE : JE,routine,with : default",JE,total,routine,MMR,Myanmar,1991,0,0,<NA>,<NA>,0,both,<NA>
je-campaign-default,"JE : JE,routine,with : default",JE,total,routine,MMR,Myanmar,1992,0,0,<NA>,<NA>,0,both,<NA>
je-campaign-default,"JE : JE,routine,with : default",JE,total,routine,MMR,Myanmar,1993,0,0,<NA>,<NA>,0,both,<NA>
je-campaign-default,"JE : JE,routine,with : default",JE,total,routine,MMR,Myanmar,1994,0,0,<NA>,<NA>,0,both,<NA>
je-campaign-default,"JE : JE,routine,with : default",JE,total,routine,MMR,Myanmar,1995,0,0,<NA>,<NA>,0,both,<NA>
je-campaign-default,"JE : JE,routine,with : default",JE,total,routine,MMR,Myanmar,1996,0,0,<NA>,<NA>,0,both,<NA>
je-campaign-default,"JE : JE,routine,with : default",JE,total,routine,MMR,Myanmar,1997,0,0,<NA>,<NA>,0,both,<NA>
je-campaign-default,"JE : JE,routine,with : default",JE,total,routine,MMR,Myanmar,1998,0,0,<NA>,<NA>,0,both,<NA>
je-campaign-default,"JE : JE,routine,with : default",JE,total,routine,MMR,Myanmar,1999,0,0,<NA>,<NA>,0,both,<NA>
je-campaign-default,"JE : JE,routine,with : default",JE,total,routine,MMR,Myanmar,2000,0,0,<NA>,<NA>,0,both,<NA>
je-campaign-default,"JE : JE,routine,with : default",JE,total,routine,MMR,Myanmar,2001,0,0,<NA>,<NA>,0,both,<NA>
je-campaign-default,"JE : JE,routine,with : default",JE,total,routine,MMR,Myanmar,2002,0,0,<NA>,<NA>,0,both,<NA>
je-campaign-default,"JE : JE,routine,with : default",JE,total,routine,MMR,Myanmar,2003,0,0,<NA>,<NA>,0,both,<NA>
je-campaign-default,"JE : JE,routine,with : default",JE,total,routine,MMR,Myanmar,2004,0,0,<NA>,<NA>,0,both,<NA>
je-campaign-default,"JE : JE,routine,with : default",JE,total,routine,MMR,Myanmar,2005,0,0,<NA>,<NA>,0,both,<NA>
je-campaign-default,"JE : JE,routine,with : default",JE,total,routine,MMR,Myanmar,2006,0,0,<NA>,<NA>,0,both,<NA>
je-campaign-default,"JE : JE,routine,with : default",JE,total,routine,MMR,Myanmar,2007,0,0,<NA>,<NA>,0,both,<NA>
je-campaign-default,"JE : JE,routine,with : default",JE,total,routine,MMR,Myanmar,2008,0,0,<NA>,<NA>,0,both,<NA>
je-campaign-default,"JE : JE,routine,with : default",JE,total,routine,MMR,Myanmar,2009,0,0,<NA>,<NA>,0,both,<NA>
je-campaign-default,"JE : JE,routine,with : default",JE,total,routine,MMR,Myanmar,2010,0,0,<NA>,<NA>,0,both,<NA>
je-campaign-default,"JE : JE,routine,with : default",JE,total,routine,MMR,Myanmar,2011,0,0,<NA>,<NA>,0,both,<NA>
je-campaign-default,"JE : JE,routine,with : default",JE,total,routine,MMR,Myanmar,2012,0,0,<NA>,<NA>,0,both,<NA>
je-campaign-default,"JE : JE,routine,with : default",JE,total,routine,MMR,Myanmar,2013,0,0,<NA>,<NA>,0,both,<NA>
je-campaign-default,"JE : JE,routine,with : default",JE,total,routine,MMR,Myanmar,2014,0,0,<NA>,<NA>,0,both,<NA>
je-campaign-default,"JE : JE,routine,with : default",JE,total,routine,MMR,Myanmar,2015,0,0,<NA>,<NA>,0,both,<NA>
je-campaign-default,"JE : JE,routine,with : default",JE,total,routine,MMR,Myanmar,2016,0,0,<NA>,<NA>,0,both,<NA>
je-campaign-default,"JE : JE,routine,with : default",JE,total,routine,MMR,Myanmar,2017,0,0,<NA>,<NA>,0,both,<NA>
je-campaign-default,"JE : JE,routine,with : default",JE,total,routine,MMR,Myanmar,2018,0,0,<NA>,<NA>,0.89000000000000001332,both,<NA>
je-campaign-default,"JE : JE,routine,with : default",JE,total,routine,MMR,Myanmar,2019,0,0,<NA>,<NA>,0.83999999999999996891,both,<NA>
je-campaign-default,"JE : JE,routine,with : default",JE,total,routine,MMR,Myanmar,2020,0,0,<NA>,<NA>,0.86999999999999999556,both,<NA>
je-campaign-default,"JE : JE,routine,with : default",JE,total,routine,MMR,Myanmar,2021,0,0,<NA>,<NA>,0.86744477147381493509,both,<NA>
je-campaign-default,"JE : JE,routine,with : default",JE,total,routine,MMR,Myanmar,2022,0,0,<NA>,<NA>,0.86483931838746808118,both,<NA>
je-campaign-default,"JE : JE,routine,with : default",JE,total,routine,MMR,Myanmar,2023,0,0,<NA>,<NA>,0.86218265354689138658,both,<NA>
je-campaign-default,"JE : JE,routine,with : default",JE,total,routine,MMR,Myanmar,2024,0,0,<NA>,<NA>,0.85947377035412120261,both,<NA>
je-campaign-default,"JE : JE,routine,with : default",JE,total,routine,MMR,Myanmar,2025,0,0,<NA>,<NA>,0.85671164242590291948,both,<NA>
je-campaign-default,"JE : JE,routine,with : default",JE,total,routine,MMR,Myanmar,2026,0,0,<NA>,<NA>,0.85389522320479871453,both,<NA>
je-campaign-default,"JE : JE,routine,with : default",JE,total,routine,MMR,Myanmar,2027,0,0,<NA>,<NA>,0.85102344556265252518,both,<NA>
je-campaign-default,"JE : JE,routine,with : default",JE,total,routine,MMR,Myanmar,2028,0,0,<NA>,<NA>,0.84809522139625959092,both,<NA>
je-campaign-default,"JE : JE,routine,with : default",JE,total,routine,MMR,Myanmar,2029,0,0,<NA>,<NA>,0.84510944121508946303,both,<NA>
je-campaign-default,"JE : JE,routine,with : default",JE,total,routine,MMR,Myanmar,2030,0,0,<NA>,<NA>,0.84206497372090527431,both,<NA>
je-campaign-default,"JE : JE,routine,with : default",JE,total,routine,MMR,Myanmar,2031,0,0,<NA>,<NA>,0.85206497372090528319,both,<NA>
je-campaign-default,"JE : JE,routine,with : default",JE,total,routine,MMR,Myanmar,2032,0,0,<NA>,<NA>,0.86206497372090529208,both,<NA>
je-campaign-default,"JE : JE,routine,with : default",JE,total,routine,MMR,Myanmar,2033,0,0,<NA>,<NA>,0.87206497372090530096,both,<NA>
je-campaign-default,"JE : JE,routine,with : default",JE,total,routine,MMR,Myanmar,2034,0,0,<NA>,<NA>,0.88206497372090530984,both,<NA>
je-campaign-default,"JE : JE,routine,with : default",JE,total,routine,MMR,Myanmar,2035,0,0,<NA>,<NA>,0.89206497372090531872,both,<NA>
je-campaign-default,"JE : JE,routine,with : default",JE,total,routine,MMR,Myanmar,2036,0,0,<NA>,<NA>,0.9000000000000000222,both,<NA>
je-campaign-default,"JE : JE,routine,with : default",JE,total,routine,MMR,Myanmar,2037,0,0,<NA>,<NA>,0.9000000000000000222,both,<NA>
je-campaign-default,"JE : JE,routine,with : default",JE,total,routine,MMR,Myanmar,2038,0,0,<NA>,<NA>,0.9000000000000000222,both,<NA>
je-campaign-default,"JE : JE,routine,with : default",JE,total,routine,MMR,Myanmar,2039,0,0,<NA>,<NA>,0.9000000000000000222,both,<NA>
je-campaign-default,"JE : JE,routine,with : default",JE,total,routine,MMR,Myanmar,2040,0,0,<NA>,<NA>,0.9000000000000000222,both,<NA>
je-campaign-default,"JE : JE,routine,with : default",JE,total,routine,MMR,Myanmar,2041,0,0,<NA>,<NA>,0.9000000000000000222,both,<NA>
je-campaign-default,"JE : JE,routine,with : default",JE,total,routine,MMR,Myanmar,2042,0,0,<NA>,<NA>,0.9000000000000000222,both,<NA>
je-campaign-default,"JE : JE,routine,with : default",JE,total,routine,MMR,Myanmar,2043,0,0,<NA>,<NA>,0.9000000000000000222,both,<NA>
je-campaign-default,"JE : JE,routine,with : default",JE,total,routine,MMR,Myanmar,2044,0,0,<NA>,<NA>,0.9000000000000000222,both,<NA>
je-campaign-default,"JE : JE,routine,with : default",JE,total,routine,MMR,Myanmar,2045,0,0,<NA>,<NA>,0.9000000000000000222,both,<NA>
je-campaign-default,"JE : JE,routine,with : default",JE,total,routine,MMR,Myanmar,2046,0,0,<NA>,<NA>,0.9000000000000000222,both,<NA>
je-campaign-default,"JE : JE,routine,with : default",JE,total,routine,MMR,Myanmar,2047,0,0,<NA>,<NA>,0.9000000000000000222,both,<NA>
je-campaign-default,"JE : JE,routine,with : default",JE,total,routine,MMR,Myanmar,2048,0,0,<NA>,<NA>,0.9000000000000000222,both,<NA>
je-campaign-default,"JE : JE,routine,with : default",JE,total,routine,MMR,Myanmar,2049,0,0,<NA>,<NA>,0.9000000000000000222,both,<NA>
je-campaign-default,"JE : JE,routine,with : default",JE,total,routine,MMR,Myanmar,2050,0,0,<NA>,<NA>,0.9000000000000000222,both,<NA>
je-campaign-default,"JE : JE,routine,with : default",JE,total,routine,MMR,Myanmar,2051,0,0,<NA>,<NA>,0.9000000000000000222,both,<NA>
je-campaign-default,"JE : JE,routine,with : default",JE,total,routine,MMR,Myanmar,2052,0,0,<NA>,<NA>,0.9000000000000000222,both,<NA>
je-campaign-default,"JE : JE,routine,with : default",JE,total,routine,MMR,Myanmar,2053,0,0,<NA>,<NA>,0.9000000000000000222,both,<NA>
je-campaign-default,"JE : JE,routine,with : default",JE,total,routine,MMR,Myanmar,2054,0,0,<NA>,<NA>,0.9000000000000000222,both,<NA>
je-campaign-default,"JE : JE,routine,with : default",JE,total,routine,MMR,Myanmar,2055,0,0,<NA>,<NA>,0.9000000000000000222,both,<NA>
je-campaign-default,"JE : JE,routine,with : default",JE,total,routine,MMR,Myanmar,2056,0,0,<NA>,<NA>,0.9000000000000000222,both,<NA>
je-campaign-default,"JE : JE,routine,with : default",JE,total,routine,MMR,Myanmar,2057,0,0,<NA>,<NA>,0.9000000000000000222,both,<NA>
je-campaign-default,"JE : JE,routine,with : default",JE,total,routine,MMR,Myanmar,2058,0,0,<NA>,<NA>,0.9000000000000000222,both,<NA>
je-campaign-default,"JE : JE,routine,with : default",JE,total,routine,MMR,Myanmar,2059,0,0,<NA>,<NA>,0.9000000000000000222,both,<NA>
je-campaign-default,"JE : JE,routine,with : default",JE,total,routine,MMR,Myanmar,2060,0,0,<NA>,<NA>,0.9000000000000000222,both,<NA>
je-campaign-default,"JE : JE,routine,with : default",JE,total,routine,MMR,Myanmar,2061,0,0,<NA>,<NA>,0.9000000000000000222,both,<NA>
je-campaign-default,"JE : JE,routine,with : default",JE,total,routine,MMR,Myanmar,2062,0,0,<NA>,<NA>,0.9000000000000000222,both,<NA>
je-campaign-default,"JE : JE,routine,with : default",JE,total,routine,MMR,Myanmar,2063,0,0,<NA>,<NA>,0.9000000000000000222,both,<NA>
je-campaign-default,"JE : JE,routine,with : default",JE,total,routine,MMR,Myanmar,2064,0,0,<NA>,<NA>,0.9000000000000000222,both,<NA>
je-campaign-default,"JE : JE,routine,with : default",JE,total,routine,MMR,Myanmar,2065,0,0,<NA>,<NA>,0.9000000000000000222,both,<NA>
je-campaign-default,"JE : JE,routine,with : default",JE,total,routine,MMR,Myanmar,2066,0,0,<NA>,<NA>,0.9000000000000000222,both,<NA>
je-campaign-default,"JE : JE,routine,with : default",JE,total,routine,MMR,Myanmar,2067,0,0,<NA>,<NA>,0.9000000000000000222,both,<NA>
je-campaign-default,"JE : JE,routine,with : default",JE,total,routine,MMR,Myanmar,2068,0,0,<NA>,<NA>,0.9000000000000000222,both,<NA>
je-campaign-default,"JE : JE,routine,with : default",JE,total,routine,MMR,Myanmar,2069,0,0,<NA>,<NA>,0.9000000000000000222,both,<NA>
je-campaign-default,"JE : JE,routine,with : default",JE,total,routine,MMR,Myanmar,2070,0,0,<NA>,<NA>,0.9000000000000000222,both,<NA>
je-campaign-default,"JE : JE,routine,with : default",JE,total,routine,MMR,Myanmar,2071,0,0,<NA>,<NA>,0.9000000000000000222,both,<NA>
je-campaign-default,"JE : JE,routine,with : default",JE,total,routine,MMR,Myanmar,2072,0,0,<NA>,<NA>,0.9000000000000000222,both,<NA>
je-campaign-default,"JE : JE,routine,with : default",JE,total,routine,MMR,Myanmar,2073,0,0,<NA>,<NA>,0.9000000000000000222,both,<NA>
je-campaign-default,"JE : JE,routine,with : default",JE,total,routine,MMR,Myanmar,2074,0,0,<NA>,<NA>,0.9000000000000000222,both,<NA>
je-campaign-default,"JE : JE,routine,with : default",JE,total,routine,MMR,Myanmar,2075,0,0,<NA>,<NA>,0.9000000000000000222,both,<NA>
je-campaign-default,"JE : JE,routine,with : default",JE,total,routine,MMR,Myanmar,2076,0,0,<NA>,<NA>,0.9000000000000000222,both,<NA>
je-campaign-default,"JE : JE,routine,with : default",JE,total,routine,MMR,Myanmar,2077,0,0,<NA>,<NA>,0.9000000000000000222,both,<NA>
je-campaign-default,"JE : JE,routine,with : default",JE,total,routine,MMR,Myanmar,2078,0,0,<NA>,<NA>,0.9000000000000000222,both,<NA>
je-campaign-default,"JE : JE,routine,with : default",JE,total,routine,MMR,Myanmar,2079,0,0,<NA>,<NA>,0.9000000000000000222,both,<NA>
je-campaign-default,"JE : JE,routine,with : default",JE,total,routine,MMR,Myanmar,2080,0,0,<NA>,<NA>,0.9000000000000000222,both,<NA>
je-campaign-default,"JE : JE,routine,with : default",JE,total,routine,MMR,Myanmar,2081,0,0,<NA>,<NA>,0.9000000000000000222,both,<NA>
je-campaign-default,"JE : JE,routine,with : default",JE,total,routine,MMR,Myanmar,2082,0,0,<NA>,<NA>,0.9000000000000000222,both,<NA>
je-campaign-default,"JE : JE,routine,with : default",JE,total,routine,MMR,Myanmar,2083,0,0,<NA>,<NA>,0.9000000000000000222,both,<NA>
je-campaign-default,"JE : JE,routine,with : default",JE,total,routine,MMR,Myanmar,2084,0,0,<NA>,<NA>,0.9000000000000000222,both,<NA>
je-campaign-default,"JE : JE,routine,with : default",JE,total,routine,MMR,Myanmar,2085,0,0,<NA>,<NA>,0.9000000000000000222,both,<NA>
je-campaign-default,"JE : JE,routine,with : default",JE,total,routine,MMR,Myanmar,2086,0,0,<NA>,<NA>,0.9000000000000000222,both,<NA>
je-campaign-default,"JE : JE,routine,with : default",JE,total,routine,MMR,Myanmar,2087,0,0,<NA>,<NA>,0.9000000000000000222,both,<NA>
je-campaign-default,"JE : JE,routine,with : default",JE,total,routine,MMR,Myanmar,2088,0,0,<NA>,<NA>,0.9000000000000000222,both,<NA>
je-campaign-default,"JE : JE,routine,with : default",JE,total,routine,MMR,Myanmar,2089,0,0,<NA>,<NA>,0.9000000000000000222,both,<NA>
je-campaign-default,"JE : JE,routine,with : default",JE,total,routine,MMR,Myanmar,2090,0,0,<NA>,<NA>,0.9000000000000000222,both,<NA>
je-campaign-default,"JE : JE,routine,with : default",JE,total,routine,MMR,Myanmar,2091,0,0,<NA>,<NA>,0.9000000000000000222,both,<NA>
je-campaign-default,"JE : JE,routine,with : default",JE,total,routine,MMR,Myanmar,2092,0,0,<NA>,<NA>,0.9000000000000000222,both,<NA>
je-campaign-default,"JE : JE,routine,with : default",JE,total,routine,MMR,Myanmar,2093,0,0,<NA>,<NA>,0.9000000000000000222,both,<NA>
je-campaign-default,"JE : JE,routine,with : default",JE,total,routine,MMR,Myanmar,2094,0,0,<NA>,<NA>,0.9000000000000000222,both,<NA>
je-campaign-default,"JE : JE,routine,with : default",JE,total,routine,MMR,Myanmar,2095,0,0,<NA>,<NA>,0.9000000000000000222,both,<NA>
je-campaign-default,"JE : JE,routine,with : default",JE,total,routine,MMR,Myanmar,2096,0,0,<NA>,<NA>,0.9000000000000000222,both,<NA>
je-campaign-default,"JE : JE,routine,with : default",JE,total,routine,MMR,Myanmar,2097,0,0,<NA>,<NA>,0.9000000000000000222,both,<NA>
je-campaign-default,"JE : JE,routine,with : default",JE,total,routine,MMR,Myanmar,2098,0,0,<NA>,<NA>,0.9000000000000000222,both,<NA>
je-campaign-default,"JE : JE,routine,with : default",JE,total,routine,MMR,Myanmar,2099,0,0,<NA>,<NA>,0.9000000000000000222,both,<NA>
je-campaign-default,"JE : JE,routine,with : default",JE,total,routine,MMR,Myanmar,2100,0,0,<NA>,<NA>,0.9000000000000000222,both,<NA>
je-campaign-default,"JE : JE,routine,with : default",JE,total,routine,NPL,Nepal,1980,0,0,<NA>,<NA>,0,both,<NA>
je-campaign-default,"JE : JE,routine,with : default",JE,total,routine,NPL,Nepal,1981,0,0,<NA>,<NA>,0,both,<NA>
je-campaign-default,"JE : JE,routine,with : default",JE,total,routine,NPL,Nepal,1982,0,0,<NA>,<NA>,0,both,<NA>
je-campaign-default,"JE : JE,routine,with : default",JE,total,routine,NPL,Nepal,1983,0,0,<NA>,<NA>,0,both,<NA>
je-campaign-default,"JE : JE,routine,with : default",JE,total,routine,NPL,Nepal,1984,0,0,<NA>,<NA>,0,both,<NA>
je-campaign-default,"JE : JE,routine,with : default",JE,total,routine,NPL,Nepal,1985,0,0,<NA>,<NA>,0,both,<NA>
je-campaign-default,"JE : JE,routine,with : default",JE,total,routine,NPL,Nepal,1986,0,0,<NA>,<NA>,0,both,<NA>
je-campaign-default,"JE : JE,routine,with : default",JE,total,routine,NPL,Nepal,1987,0,0,<NA>,<NA>,0,both,<NA>
je-campaign-default,"JE : JE,routine,with : default",JE,total,routine,NPL,Nepal,1988,0,0,<NA>,<NA>,0,both,<NA>
je-campaign-default,"JE : JE,routine,with : default",JE,total,routine,NPL,Nepal,1989,0,0,<NA>,<NA>,0,both,<NA>
je-campaign-default,"JE : JE,routine,with : default",JE,total,routine,NPL,Nepal,1990,0,0,<NA>,<NA>,0,both,<NA>
je-campaign-default,"JE : JE,routine,with : default",JE,total,routine,NPL,Nepal,1991,0,0,<NA>,<NA>,0,both,<NA>
je-campaign-default,"JE : JE,routine,with : default",JE,total,routine,NPL,Nepal,1992,0,0,<NA>,<NA>,0,both,<NA>
je-campaign-default,"JE : JE,routine,with : default",JE,total,routine,NPL,Nepal,1993,0,0,<NA>,<NA>,0,both,<NA>
je-campaign-default,"JE : JE,routine,with : default",JE,total,routine,NPL,Nepal,1994,0,0,<NA>,<NA>,0,both,<NA>
je-campaign-default,"JE : JE,routine,with : default",JE,total,routine,NPL,Nepal,1995,0,0,<NA>,<NA>,0,both,<NA>
je-campaign-default,"JE : JE,routine,with : default",JE,total,routine,NPL,Nepal,1996,0,0,<NA>,<NA>,0,both,<NA>
je-campaign-default,"JE : JE,routine,with : default",JE,total,routine,NPL,Nepal,1997,0,0,<NA>,<NA>,0,both,<NA>
je-campaign-default,"JE : JE,routine,with : default",JE,total,routine,NPL,Nepal,1998,0,0,<NA>,<NA>,0,both,<NA>
je-campaign-default,"JE : JE,routine,with : default",JE,total,routine,NPL,Nepal,1999,0,0,<NA>,<NA>,0,both,<NA>
je-campaign-default,"JE : JE,routine,with : default",JE,total,routine,NPL,Nepal,2000,0,0,<NA>,<NA>,0,both,<NA>
je-campaign-default,"JE : JE,routine,with : default",JE,total,routine,NPL,Nepal,2001,0,0,<NA>,<NA>,0,both,<NA>
je-campaign-default,"JE : JE,routine,with : default",JE,total,routine,NPL,Nepal,2002,0,0,<NA>,<NA>,0,both,<NA>
je-campaign-default,"JE : JE,routine,with : default",JE,total,routine,NPL,Nepal,2003,0,0,<NA>,<NA>,0,both,<NA>
je-campaign-default,"JE : JE,routine,with : default",JE,total,routine,NPL,Nepal,2004,0,0,<NA>,<NA>,0,both,<NA>
je-campaign-default,"JE : JE,routine,with : default",JE,total,routine,NPL,Nepal,2005,0,0,<NA>,<NA>,0,both,<NA>
je-campaign-default,"JE : JE,routine,with : default",JE,total,routine,NPL,Nepal,2006,0,0,<NA>,<NA>,0,both,<NA>
je-campaign-default,"JE : JE,routine,with : default",JE,total,routine,NPL,Nepal,2007,0,0,<NA>,<NA>,0,both,<NA>
je-campaign-default,"JE : JE,routine,with : default",JE,total,routine,NPL,Nepal,2008,0,0,<NA>,<NA>,0,both,<NA>
je-campaign-default,"JE : JE,routine,with : default",JE,total,routine,NPL,Nepal,2009,0,0,<NA>,<NA>,0,both,<NA>
je-campaign-default,"JE : JE,routine,with : default",JE,total,routine,NPL,Nepal,2010,0,0,<NA>,<NA>,0.23999999999999999112,both,<NA>
je-campaign-default,"JE : JE,routine,with : default",JE,total,routine,NPL,Nepal,2011,0,0,<NA>,<NA>,0.30999999999999999778,both,<NA>
je-campaign-default,"JE : JE,routine,with : default",JE,total,routine,NPL,Nepal,2012,0,0,<NA>,<NA>,0.39000000000000001332,both,<NA>
je-campaign-default,"JE : JE,routine,with : default",JE,total,routine,NPL,Nepal,2013,0,0,<NA>,<NA>,0.46999999999999997335,both,<NA>
je-campaign-default,"JE : JE,routine,with : default",JE,total,routine,NPL,Nepal,2014,0,0,<NA>,<NA>,0.42999999999999999334,both,<NA>
je-campaign-default,"JE : JE,routine,with : default",JE,total,routine,NPL,Nepal,2015,0,0,<NA>,<NA>,0.5,both,<NA>
je-campaign-default,"JE : JE,routine,with : default",JE,total,routine,NPL,Nepal,2016,0,0,<NA>,<NA>,0.46000000000000001998,both,<NA>
je-campaign-default,"JE : JE,routine,with : default",JE,total,routine,NPL,Nepal,2017,0,0,<NA>,<NA>,0.67000000000000003997,both,<NA>
je-campaign-default,"JE : JE,routine,with : default",JE,total,routine,NPL,Nepal,2018,0,0,<NA>,<NA>,0.79000000000000003553,both,<NA>
je-campaign-default,"JE : JE,routine,with : default",JE,total,routine,NPL,Nepal,2019,0,0,<NA>,<NA>,0.80000000000000004441,both,<NA>
je-campaign-default,"JE : JE,routine,with : default",JE,total,routine,NPL,Nepal,2020,0,0,<NA>,<NA>,0.76000000000000000888,both,<NA>
je-campaign-default,"JE : JE,routine,with : default",JE,total,routine,NPL,Nepal,2021,0,0,<NA>,<NA>,0.78000000000000002665,both,<NA>
je-campaign-default,"JE : JE,routine,with : default",JE,total,routine,NPL,Nepal,2022,0,0,<NA>,<NA>,0.80000000000000004441,both,<NA>
je-campaign-default,"JE : JE,routine,with : default",JE,total,routine,NPL,Nepal,2023,0,0,<NA>,<NA>,0.8140834802451715202,both,<NA>
je-campaign-default,"JE : JE,routine,with : default",JE,total,routine,NPL,Nepal,2024,0,0,<NA>,<NA>,0.82717523841126239237,both,<NA>
je-campaign-default,"JE : JE,routine,with : default",JE,total,routine,NPL,Nepal,2025,0,0,<NA>,<NA>,0.83934510898981973259,both,<NA>
je-campaign-default,"JE : JE,routine,with : default",JE,total,routine,NPL,Nepal,2026,0,0,<NA>,<NA>,0.8506580089089800234,both,<NA>
je-campaign-default,"JE : JE,routine,with : default",JE,total,routine,NPL,Nepal,2027,0,0,<NA>,<NA>,0.86117428381550487071,both,<NA>
je-campaign-default,"JE : JE,routine,with : default",JE,total,routine,NPL,Nepal,2028,0,0,<NA>,<NA>,0.87095002997253545551,both,<NA>
je-campaign-default,"JE : JE,routine,with : default",JE,total,routine,NPL,Nepal,2029,0,0,<NA>,<NA>,0.88003739349014442617,both,<NA>
je-campaign-default,"JE : JE,routine,with : default",JE,total,routine,NPL,Nepal,2030,0,0,<NA>,<NA>,0.88848484848484854393,both,<NA>
je-campaign-default,"JE : JE,routine,with : default",JE,total,routine,NPL,Nepal,2031,0,0,<NA>,<NA>,0.89848484848484855281,both,<NA>
je-campaign-default,"JE : JE,routine,with : default",JE,total,routine,NPL,Nepal,2032,0,0,<NA>,<NA>,0.9000000000000000222,both,<NA>
je-campaign-default,"JE : JE,routine,with : default",JE,total,routine,NPL,Nepal,2033,0,0,<NA>,<NA>,0.9000000000000000222,both,<NA>
je-campaign-default,"JE : JE,routine,with : default",JE,total,routine,NPL,Nepal,2034,0,0,<NA>,<NA>,0.9000000000000000222,both,<NA>
je-campaign-default,"JE : JE,routine,with : default",JE,total,routine,NPL,Nepal,2035,0,0,<NA>,<NA>,0.9000000000000000222,both,<NA>
je-campaign-default,"JE : JE,routine,with : default",JE,total,routine,NPL,Nepal,2036,0,0,<NA>,<NA>,0.9000000000000000222,both,<NA>
je-campaign-default,"JE : JE,routine,with : default",JE,total,routine,NPL,Nepal,2037,0,0,<NA>,<NA>,0.9000000000000000222,both,<NA>
je-campaign-default,"JE : JE,routine,with : default",JE,total,routine,NPL,Nepal,2038,0,0,<NA>,<NA>,0.9000000000000000222,both,<NA>
je-campaign-default,"JE : JE,routine,with : default",JE,total,routine,NPL,Nepal,2039,0,0,<NA>,<NA>,0.9000000000000000222,both,<NA>
je-campaign-default,"JE : JE,routine,with : default",JE,total,routine,NPL,Nepal,2040,0,0,<NA>,<NA>,0.9000000000000000222,both,<NA>
je-campaign-default,"JE : JE,routine,with : default",JE,total,routine,NPL,Nepal,2041,0,0,<NA>,<NA>,0.9000000000000000222,both,<NA>
je-campaign-default,"JE : JE,routine,with : default",JE,total,routine,NPL,Nepal,2042,0,0,<NA>,<NA>,0.9000000000000000222,both,<NA>
je-campaign-default,"JE : JE,routine,with : default",JE,total,routine,NPL,Nepal,2043,0,0,<NA>,<NA>,0.9000000000000000222,both,<NA>
je-campaign-default,"JE : JE,routine,with : default",JE,total,routine,NPL,Nepal,2044,0,0,<NA>,<NA>,0.9000000000000000222,both,<NA>
je-campaign-default,"JE : JE,routine,with : default",JE,total,routine,NPL,Nepal,2045,0,0,<NA>,<NA>,0.9000000000000000222,both,<NA>
je-campaign-default,"JE : JE,routine,with : default",JE,total,routine,NPL,Nepal,2046,0,0,<NA>,<NA>,0.9000000000000000222,both,<NA>
je-campaign-default,"JE : JE,routine,with : default",JE,total,routine,NPL,Nepal,2047,0,0,<NA>,<NA>,0.9000000000000000222,both,<NA>
je-campaign-default,"JE : JE,routine,with : default",JE,total,routine,NPL,Nepal,2048,0,0,<NA>,<NA>,0.9000000000000000222,both,<NA>
je-campaign-default,"JE : JE,routine,with : default",JE,total,routine,NPL,Nepal,2049,0,0,<NA>,<NA>,0.9000000000000000222,both,<NA>
je-campaign-default,"JE : JE,routine,with : default",JE,total,routine,NPL,Nepal,2050,0,0,<NA>,<NA>,0.9000000000000000222,both,<NA>
je-campaign-default,"JE : JE,routine,with : default",JE,total,routine,NPL,Nepal,2051,0,0,<NA>,<NA>,0.9000000000000000222,both,<NA>
je-campaign-default,"JE : JE,routine,with : default",JE,total,routine,NPL,Nepal,2052,0,0,<NA>,<NA>,0.9000000000000000222,both,<NA>
je-campaign-default,"JE : JE,routine,with : default",JE,total,routine,NPL,Nepal,2053,0,0,<NA>,<NA>,0.9000000000000000222,both,<NA>
je-campaign-default,"JE : JE,routine,with : default",JE,total,routine,NPL,Nepal,2054,0,0,<NA>,<NA>,0.9000000000000000222,both,<NA>
je-campaign-default,"JE : JE,routine,with : default",JE,total,routine,NPL,Nepal,2055,0,0,<NA>,<NA>,0.9000000000000000222,both,<NA>
je-campaign-default,"JE : JE,routine,with : default",JE,total,routine,NPL,Nepal,2056,0,0,<NA>,<NA>,0.9000000000000000222,both,<NA>
je-campaign-default,"JE : JE,routine,with : default",JE,total,routine,NPL,Nepal,2057,0,0,<NA>,<NA>,0.9000000000000000222,both,<NA>
je-campaign-default,"JE : JE,routine,with : default",JE,total,routine,NPL,Nepal,2058,0,0,<NA>,<NA>,0.9000000000000000222,both,<NA>
je-campaign-default,"JE : JE,routine,with : default",JE,total,routine,NPL,Nepal,2059,0,0,<NA>,<NA>,0.9000000000000000222,both,<NA>
je-campaign-default,"JE : JE,routine,with : default",JE,total,routine,NPL,Nepal,2060,0,0,<NA>,<NA>,0.9000000000000000222,both,<NA>
je-campaign-default,"JE : JE,routine,with : default",JE,total,routine,NPL,Nepal,2061,0,0,<NA>,<NA>,0.9000000000000000222,both,<NA>
je-campaign-default,"JE : JE,routine,with : default",JE,total,routine,NPL,Nepal,2062,0,0,<NA>,<NA>,0.9000000000000000222,both,<NA>
je-campaign-default,"JE : JE,routine,with : default",JE,total,routine,NPL,Nepal,2063,0,0,<NA>,<NA>,0.9000000000000000222,both,<NA>
je-campaign-default,"JE : JE,routine,with : default",JE,total,routine,NPL,Nepal,2064,0,0,<NA>,<NA>,0.9000000000000000222,both,<NA>
je-campaign-default,"JE : JE,routine,with : default",JE,total,routine,NPL,Nepal,2065,0,0,<NA>,<NA>,0.9000000000000000222,both,<NA>
je-campaign-default,"JE : JE,routine,with : default",JE,total,routine,NPL,Nepal,2066,0,0,<NA>,<NA>,0.9000000000000000222,both,<NA>
je-campaign-default,"JE : JE,routine,with : default",JE,total,routine,NPL,Nepal,2067,0,0,<NA>,<NA>,0.9000000000000000222,both,<NA>
je-campaign-default,"JE : JE,routine,with : default",JE,total,routine,NPL,Nepal,2068,0,0,<NA>,<NA>,0.9000000000000000222,both,<NA>
je-campaign-default,"JE : JE,routine,with : default",JE,total,routine,NPL,Nepal,2069,0,0,<NA>,<NA>,0.9000000000000000222,both,<NA>
je-campaign-default,"JE : JE,routine,with : default",JE,total,routine,NPL,Nepal,2070,0,0,<NA>,<NA>,0.9000000000000000222,both,<NA>
je-campaign-default,"JE : JE,routine,with : default",JE,total,routine,NPL,Nepal,2071,0,0,<NA>,<NA>,0.9000000000000000222,both,<NA>
je-campaign-default,"JE : JE,routine,with : default",JE,total,routine,NPL,Nepal,2072,0,0,<NA>,<NA>,0.9000000000000000222,both,<NA>
je-campaign-default,"JE : JE,routine,with : default",JE,total,routine,NPL,Nepal,2073,0,0,<NA>,<NA>,0.9000000000000000222,both,<NA>
je-campaign-default,"JE : JE,routine,with : default",JE,total,routine,NPL,Nepal,2074,0,0,<NA>,<NA>,0.9000000000000000222,both,<NA>
je-campaign-default,"JE : JE,routine,with : default",JE,total,routine,NPL,Nepal,2075,0,0,<NA>,<NA>,0.9000000000000000222,both,<NA>
je-campaign-default,"JE : JE,routine,with : default",JE,total,routine,NPL,Nepal,2076,0,0,<NA>,<NA>,0.9000000000000000222,both,<NA>
je-campaign-default,"JE : JE,routine,with : default",JE,total,routine,NPL,Nepal,2077,0,0,<NA>,<NA>,0.9000000000000000222,both,<NA>
je-campaign-default,"JE : JE,routine,with : default",JE,total,routine,NPL,Nepal,2078,0,0,<NA>,<NA>,0.9000000000000000222,both,<NA>
je-campaign-default,"JE : JE,routine,with : default",JE,total,routine,NPL,Nepal,2079,0,0,<NA>,<NA>,0.9000000000000000222,both,<NA>
je-campaign-default,"JE : JE,routine,with : default",JE,total,routine,NPL,Nepal,2080,0,0,<NA>,<NA>,0.9000000000000000222,both,<NA>
je-campaign-default,"JE : JE,routine,with : default",JE,total,routine,NPL,Nepal,2081,0,0,<NA>,<NA>,0.9000000000000000222,both,<NA>
je-campaign-default,"JE : JE,routine,with : default",JE,total,routine,NPL,Nepal,2082,0,0,<NA>,<NA>,0.9000000000000000222,both,<NA>
je-campaign-default,"JE : JE,routine,with : default",JE,total,routine,NPL,Nepal,2083,0,0,<NA>,<NA>,0.9000000000000000222,both,<NA>
je-campaign-default,"JE : JE,routine,with : default",JE,total,routine,NPL,Nepal,2084,0,0,<NA>,<NA>,0.9000000000000000222,both,<NA>
je-campaign-default,"JE : JE,routine,with : default",JE,total,routine,NPL,Nepal,2085,0,0,<NA>,<NA>,0.9000000000000000222,both,<NA>
je-campaign-default,"JE : JE,routine,with : default",JE,total,routine,NPL,Nepal,2086,0,0,<NA>,<NA>,0.9000000000000000222,both,<NA>
je-campaign-default,"JE : JE,routine,with : default",JE,total,routine,NPL,Nepal,2087,0,0,<NA>,<NA>,0.9000000000000000222,both,<NA>
je-campaign-default,"JE : JE,routine,with : default",JE,total,routine,NPL,Nepal,2088,0,0,<NA>,<NA>,0.9000000000000000222,both,<NA>
je-campaign-default,"JE : JE,routine,with : default",JE,total,routine,NPL,Nepal,2089,0,0,<NA>,<NA>,0.9000000000000000222,both,<NA>
je-campaign-default,"JE : JE,routine,with : default",JE,total,routine,NPL,Nepal,2090,0,0,<NA>,<NA>,0.9000000000000000222,both,<NA>
je-campaign-default,"JE : JE,routine,with : default",JE,total,routine,NPL,Nepal,2091,0,0,<NA>,<NA>,0.9000000000000000222,both,<NA>
je-campaign-default,"JE : JE,routine,with : default",JE,total,routine,NPL,Nepal,2092,0,0,<NA>,<NA>,0.9000000000000000222,both,<NA>
je-campaign-default,"JE : JE,routine,with : default",JE,total,routine,NPL,Nepal,2093,0,0,<NA>,<NA>,0.9000000000000000222,both,<NA>
je-campaign-default,"JE : JE,routine,with : default",JE,total,routine,NPL,Nepal,2094,0,0,<NA>,<NA>,0.9000000000000000222,both,<NA>
je-campaign-default,"JE : JE,routine,with : default",JE,total,routine,NPL,Nepal,2095,0,0,<NA>,<NA>,0.9000000000000000222,both,<NA>
je-campaign-default,"JE : JE,routine,with : default",JE,total,routine,NPL,Nepal,2096,0,0,<NA>,<NA>,0.9000000000000000222,both,<NA>
je-campaign-default,"JE : JE,routine,with : default",JE,total,routine,NPL,Nepal,2097,0,0,<NA>,<NA>,0.9000000000000000222,both,<NA>
je-campaign-default,"JE : JE,routine,with : default",JE,total,routine,NPL,Nepal,2098,0,0,<NA>,<NA>,0.9000000000000000222,both,<NA>
je-campaign-default,"JE : JE,routine,with : default",JE,total,routine,NPL,Nepal,2099,0,0,<NA>,<NA>,0.9000000000000000222,both,<NA>
je-campaign-default,"JE : JE,routine,with : default",JE,total,routine,NPL,Nepal,2100,0,0,<NA>,<NA>,0.9000000000000000222,both,<NA>
je-campaign-default,"JE : JE,routine,with : default",JE,total,routine,PAK,Pakistan,1980,0,0,<NA>,<NA>,0,both,<NA>
je-campaign-default,"JE : JE,routine,with : default",JE,total,routine,PAK,Pakistan,1981,0,0,<NA>,<NA>,0,both,<NA>
je-campaign-default,"JE : JE,routine,with : default",JE,total,routine,PAK,Pakistan,1982,0,0,<NA>,<NA>,0,both,<NA>
je-campaign-default,"JE : JE,routine,with : default",JE,total,routine,PAK,Pakistan,1983,0,0,<NA>,<NA>,0,both,<NA>
je-campaign-default,"JE : JE,routine,with : default",JE,total,routine,PAK,Pakistan,1984,0,0,<NA>,<NA>,0,both,<NA>
je-campaign-default,"JE : JE,routine,with : default",JE,total,routine,PAK,Pakistan,1985,0,0,<NA>,<NA>,0,both,<NA>
je-campaign-default,"JE : JE,routine,with : default",JE,total,routine,PAK,Pakistan,1986,0,0,<NA>,<NA>,0,both,<NA>
je-campaign-default,"JE : JE,routine,with : default",JE,total,routine,PAK,Pakistan,1987,0,0,<NA>,<NA>,0,both,<NA>
je-campaign-default,"JE : JE,routine,with : default",JE,total,routine,PAK,Pakistan,1988,0,0,<NA>,<NA>,0,both,<NA>
je-campaign-default,"JE : JE,routine,with : default",JE,total,routine,PAK,Pakistan,1989,0,0,<NA>,<NA>,0,both,<NA>
je-campaign-default,"JE : JE,routine,with : default",JE,total,routine,PAK,Pakistan,1990,0,0,<NA>,<NA>,0,both,<NA>
je-campaign-default,"JE : JE,routine,with : default",JE,total,routine,PAK,Pakistan,1991,0,0,<NA>,<NA>,0,both,<NA>
je-campaign-default,"JE : JE,routine,with : default",JE,total,routine,PAK,Pakistan,1992,0,0,<NA>,<NA>,0,both,<NA>
je-campaign-default,"JE : JE,routine,with : default",JE,total,routine,PAK,Pakistan,1993,0,0,<NA>,<NA>,0,both,<NA>
je-campaign-default,"JE : JE,routine,with : default",JE,total,routine,PAK,Pakistan,1994,0,0,<NA>,<NA>,0,both,<NA>
je-campaign-default,"JE : JE,routine,with : default",JE,total,routine,PAK,Pakistan,1995,0,0,<NA>,<NA>,0,both,<NA>
je-campaign-default,"JE : JE,routine,with : default",JE,total,routine,PAK,Pakistan,1996,0,0,<NA>,<NA>,0,both,<NA>
je-campaign-default,"JE : JE,routine,with : default",JE,total,routine,PAK,Pakistan,1997,0,0,<NA>,<NA>,0,both,<NA>
je-campaign-default,"JE : JE,routine,with : default",JE,total,routine,PAK,Pakistan,1998,0,0,<NA>,<NA>,0,both,<NA>
je-campaign-default,"JE : JE,routine,with : default",JE,total,routine,PAK,Pakistan,1999,0,0,<NA>,<NA>,0,both,<NA>
je-campaign-default,"JE : JE,routine,with : default",JE,total,routine,PAK,Pakistan,2000,0,0,<NA>,<NA>,0,both,<NA>
je-campaign-default,"JE : JE,routine,with : default",JE,total,routine,PAK,Pakistan,2001,0,0,<NA>,<NA>,0,both,<NA>
je-campaign-default,"JE : JE,routine,with : default",JE,total,routine,PAK,Pakistan,2002,0,0,<NA>,<NA>,0,both,<NA>
je-campaign-default,"JE : JE,routine,with : default",JE,total,routine,PAK,Pakistan,2003,0,0,<NA>,<NA>,0,both,<NA>
je-campaign-default,"JE : JE,routine,with : default",JE,total,routine,PAK,Pakistan,2004,0,0,<NA>,<NA>,0,both,<NA>
je-campaign-default,"JE : JE,routine,with : default",JE,total,routine,PAK,Pakistan,2005,0,0,<NA>,<NA>,0,both,<NA>
je-campaign-default,"JE : JE,routine,with : default",JE,total,routine,PAK,Pakistan,2006,0,0,<NA>,<NA>,0,both,<NA>
je-campaign-default,"JE : JE,routine,with : default",JE,total,routine,PAK,Pakistan,2007,0,0,<NA>,<NA>,0,both,<NA>
je-campaign-default,"JE : JE,routine,with : default",JE,total,routine,PAK,Pakistan,2008,0,0,<NA>,<NA>,0,both,<NA>
je-campaign-default,"JE : JE,routine,with : default",JE,total,routine,PAK,Pakistan,2009,0,0,<NA>,<NA>,0,both,<NA>
je-campaign-default,"JE : JE,routine,with : default",JE,total,routine,PAK,Pakistan,2010,0,0,<NA>,<NA>,0,both,<NA>
je-campaign-default,"JE : JE,routine,with : default",JE,total,routine,PAK,Pakistan,2011,0,0,<NA>,<NA>,0,both,<NA>
je-campaign-default,"JE : JE,routine,with : default",JE,total,routine,PAK,Pakistan,2012,0,0,<NA>,<NA>,0,both,<NA>
je-campaign-default,"JE : JE,routine,with : default",JE,total,routine,PAK,Pakistan,2013,0,0,<NA>,<NA>,0,both,<NA>
je-campaign-default,"JE : JE,routine,with : default",JE,total,routine,PAK,Pakistan,2014,0,0,<NA>,<NA>,0,both,<NA>
je-campaign-default,"JE : JE,routine,with : default",JE,total,routine,PAK,Pakistan,2015,0,0,<NA>,<NA>,0,both,<NA>
je-campaign-default,"JE : JE,routine,with : default",JE,total,routine,PAK,Pakistan,2016,0,0,<NA>,<NA>,0,both,<NA>
je-campaign-default,"JE : JE,routine,with : default",JE,total,routine,PAK,Pakistan,2017,0,0,<NA>,<NA>,0,both,<NA>
je-campaign-default,"JE : JE,routine,with : default",JE,total,routine,PAK,Pakistan,2018,0,0,<NA>,<NA>,0,both,<NA>
je-campaign-default,"JE : JE,routine,with : default",JE,total,routine,PAK,Pakistan,2019,0,0,<NA>,<NA>,0,both,<NA>
je-campaign-default,"JE : JE,routine,with : default",JE,total,routine,PAK,Pakistan,2020,0,0,<NA>,<NA>,0,both,<NA>
je-campaign-default,"JE : JE,routine,with : default",JE,total,routine,PAK,Pakistan,2021,0,0,<NA>,<NA>,0,both,<NA>
je-campaign-default,"JE : JE,routine,with : default",JE,total,routine,PAK,Pakistan,2022,0,0,<NA>,<NA>,0,both,<NA>
je-campaign-default,"JE : JE,routine,with : default",JE,total,routine,PAK,Pakistan,2023,0,0,<NA>,<NA>,0,both,<NA>
je-campaign-default,"JE : JE,routine,with : default",JE,total,routine,PAK,Pakistan,2024,0,0,<NA>,<NA>,0,both,<NA>
je-campaign-default,"JE : JE,routine,with : default",JE,total,routine,PAK,Pakistan,2025,0,0,<NA>,<NA>,0,both,<NA>
je-campaign-default,"JE : JE,routine,with : default",JE,total,routine,PAK,Pakistan,2026,0,0,<NA>,<NA>,0.80387960361924815089,both,<NA>
je-campaign-default,"JE : JE,routine,with : default",JE,total,routine,PAK,Pakistan,2027,0,0,<NA>,<NA>,0.79364097975718417288,both,<NA>
je-campaign-default,"JE : JE,routine,with : default",JE,total,routine,PAK,Pakistan,2028,0,0,<NA>,<NA>,0.782867840258177905,both,<NA>
je-campaign-default,"JE : JE,routine,with : default",JE,total,routine,PAK,Pakistan,2029,0,0,<NA>,<NA>,0.77153228030123144343,both,<NA>
je-campaign-default,"JE : JE,routine,with : default",JE,total,routine,PAK,Pakistan,2030,0,0,<NA>,<NA>,0.75960493827160491254,both,<NA>
je-campaign-default,"JE : JE,routine,with : default",JE,total,routine,PAK,Pakistan,2031,0,0,<NA>,<NA>,0.76960493827160492142,both,<NA>
je-campaign-default,"JE : JE,routine,with : default",JE,total,routine,PAK,Pakistan,2032,0,0,<NA>,<NA>,0.7796049382716049303,both,<NA>
je-campaign-default,"JE : JE,routine,with : default",JE,total,routine,PAK,Pakistan,2033,0,0,<NA>,<NA>,0.78960493827160493918,both,<NA>
je-campaign-default,"JE : JE,routine,with : default",JE,total,routine,PAK,Pakistan,2034,0,0,<NA>,<NA>,0.79960493827160494806,both,<NA>
je-campaign-default,"JE : JE,routine,with : default",JE,total,routine,PAK,Pakistan,2035,0,0,<NA>,<NA>,0.80960493827160495695,both,<NA>
je-campaign-default,"JE : JE,routine,with : default",JE,total,routine,PAK,Pakistan,2036,0,0,<NA>,<NA>,0.8196049382716048548,both,<NA>
je-campaign-default,"JE : JE,routine,with : default",JE,total,routine,PAK,Pakistan,2037,0,0,<NA>,<NA>,0.82960493827160486369,both,<NA>
je-campaign-default,"JE : JE,routine,with : default",JE,total,routine,PAK,Pakistan,2038,0,0,<NA>,<NA>,0.83960493827160487257,both,<NA>
je-campaign-default,"JE : JE,routine,with : default",JE,total,routine,PAK,Pakistan,2039,0,0,<NA>,<NA>,0.84960493827160488145,both,<NA>
je-campaign-default,"JE : JE,routine,with : default",JE,total,routine,PAK,Pakistan,2040,0,0,<NA>,<NA>,0.85960493827160489033,both,<NA>
je-campaign-default,"JE : JE,routine,with : default",JE,total,routine,PAK,Pakistan,2041,0,0,<NA>,<NA>,0.86960493827160489921,both,<NA>
je-campaign-default,"JE : JE,routine,with : default",JE,total,routine,PAK,Pakistan,2042,0,0,<NA>,<NA>,0.8796049382716049081,both,<NA>
je-campaign-default,"JE : JE,routine,with : default",JE,total,routine,PAK,Pakistan,2043,0,0,<NA>,<NA>,0.88960493827160491698,both,<NA>
je-campaign-default,"JE : JE,routine,with : default",JE,total,routine,PAK,Pakistan,2044,0,0,<NA>,<NA>,0.89960493827160492586,both,<NA>
je-campaign-default,"JE : JE,routine,with : default",JE,total,routine,PAK,Pakistan,2045,0,0,<NA>,<NA>,0.9000000000000000222,both,<NA>
je-campaign-default,"JE : JE,routine,with : default",JE,total,routine,PAK,Pakistan,2046,0,0,<NA>,<NA>,0.9000000000000000222,both,<NA>
je-campaign-default,"JE : JE,routine,with : default",JE,total,routine,PAK,Pakistan,2047,0,0,<NA>,<NA>,0.9000000000000000222,both,<NA>
je-campaign-default,"JE : JE,routine,with : default",JE,total,routine,PAK,Pakistan,2048,0,0,<NA>,<NA>,0.9000000000000000222,both,<NA>
je-campaign-default,"JE : JE,routine,with : default",JE,total,routine,PAK,Pakistan,2049,0,0,<NA>,<NA>,0.9000000000000000222,both,<NA>
je-campaign-default,"JE : JE,routine,with : default",JE,total,routine,PAK,Pakistan,2050,0,0,<NA>,<NA>,0.9000000000000000222,both,<NA>
je-campaign-default,"JE : JE,routine,with : default",JE,total,routine,PAK,Pakistan,2051,0,0,<NA>,<NA>,0.9000000000000000222,both,<NA>
je-campaign-default,"JE : JE,routine,with : default",JE,total,routine,PAK,Pakistan,2052,0,0,<NA>,<NA>,0.9000000000000000222,both,<NA>
je-campaign-default,"JE : JE,routine,with : default",JE,total,routine,PAK,Pakistan,2053,0,0,<NA>,<NA>,0.9000000000000000222,both,<NA>
je-campaign-default,"JE : JE,routine,with : default",JE,total,routine,PAK,Pakistan,2054,0,0,<NA>,<NA>,0.9000000000000000222,both,<NA>
je-campaign-default,"JE : JE,routine,with : default",JE,total,routine,PAK,Pakistan,2055,0,0,<NA>,<NA>,0.9000000000000000222,both,<NA>
je-campaign-default,"JE : JE,routine,with : default",JE,total,routine,PAK,Pakistan,2056,0,0,<NA>,<NA>,0.9000000000000000222,both,<NA>
je-campaign-default,"JE : JE,routine,with : default",JE,total,routine,PAK,Pakistan,2057,0,0,<NA>,<NA>,0.9000000000000000222,both,<NA>
je-campaign-default,"JE : JE,routine,with : default",JE,total,routine,PAK,Pakistan,2058,0,0,<NA>,<NA>,0.9000000000000000222,both,<NA>
je-campaign-default,"JE : JE,routine,with : default",JE,total,routine,PAK,Pakistan,2059,0,0,<NA>,<NA>,0.9000000000000000222,both,<NA>
je-campaign-default,"JE : JE,routine,with : default",JE,total,routine,PAK,Pakistan,2060,0,0,<NA>,<NA>,0.9000000000000000222,both,<NA>
je-campaign-default,"JE : JE,routine,with : default",JE,total,routine,PAK,Pakistan,2061,0,0,<NA>,<NA>,0.9000000000000000222,both,<NA>
je-campaign-default,"JE : JE,routine,with : default",JE,total,routine,PAK,Pakistan,2062,0,0,<NA>,<NA>,0.9000000000000000222,both,<NA>
je-campaign-default,"JE : JE,routine,with : default",JE,total,routine,PAK,Pakistan,2063,0,0,<NA>,<NA>,0.9000000000000000222,both,<NA>
je-campaign-default,"JE : JE,routine,with : default",JE,total,routine,PAK,Pakistan,2064,0,0,<NA>,<NA>,0.9000000000000000222,both,<NA>
je-campaign-default,"JE : JE,routine,with : default",JE,total,routine,PAK,Pakistan,2065,0,0,<NA>,<NA>,0.9000000000000000222,both,<NA>
je-campaign-default,"JE : JE,routine,with : default",JE,total,routine,PAK,Pakistan,2066,0,0,<NA>,<NA>,0.9000000000000000222,both,<NA>
je-campaign-default,"JE : JE,routine,with : default",JE,total,routine,PAK,Pakistan,2067,0,0,<NA>,<NA>,0.9000000000000000222,both,<NA>
je-campaign-default,"JE : JE,routine,with : default",JE,total,routine,PAK,Pakistan,2068,0,0,<NA>,<NA>,0.9000000000000000222,both,<NA>
je-campaign-default,"JE : JE,routine,with : default",JE,total,routine,PAK,Pakistan,2069,0,0,<NA>,<NA>,0.9000000000000000222,both,<NA>
je-campaign-default,"JE : JE,routine,with : default",JE,total,routine,PAK,Pakistan,2070,0,0,<NA>,<NA>,0.9000000000000000222,both,<NA>
je-campaign-default,"JE : JE,routine,with : default",JE,total,routine,PAK,Pakistan,2071,0,0,<NA>,<NA>,0.9000000000000000222,both,<NA>
je-campaign-default,"JE : JE,routine,with : default",JE,total,routine,PAK,Pakistan,2072,0,0,<NA>,<NA>,0.9000000000000000222,both,<NA>
je-campaign-default,"JE : JE,routine,with : default",JE,total,routine,PAK,Pakistan,2073,0,0,<NA>,<NA>,0.9000000000000000222,both,<NA>
je-campaign-default,"JE : JE,routine,with : default",JE,total,routine,PAK,Pakistan,2074,0,0,<NA>,<NA>,0.9000000000000000222,both,<NA>
je-campaign-default,"JE : JE,routine,with : default",JE,total,routine,PAK,Pakistan,2075,0,0,<NA>,<NA>,0.9000000000000000222,both,<NA>
je-campaign-default,"JE : JE,routine,with : default",JE,total,routine,PAK,Pakistan,2076,0,0,<NA>,<NA>,0.9000000000000000222,both,<NA>
je-campaign-default,"JE : JE,routine,with : default",JE,total,routine,PAK,Pakistan,2077,0,0,<NA>,<NA>,0.9000000000000000222,both,<NA>
je-campaign-default,"JE : JE,routine,with : default",JE,total,routine,PAK,Pakistan,2078,0,0,<NA>,<NA>,0.9000000000000000222,both,<NA>
je-campaign-default,"JE : JE,routine,with : default",JE,total,routine,PAK,Pakistan,2079,0,0,<NA>,<NA>,0.9000000000000000222,both,<NA>
je-campaign-default,"JE : JE,routine,with : default",JE,total,routine,PAK,Pakistan,2080,0,0,<NA>,<NA>,0.9000000000000000222,both,<NA>
je-campaign-default,"JE : JE,routine,with : default",JE,total,routine,PAK,Pakistan,2081,0,0,<NA>,<NA>,0.9000000000000000222,both,<NA>
je-campaign-default,"JE : JE,routine,with : default",JE,total,routine,PAK,Pakistan,2082,0,0,<NA>,<NA>,0.9000000000000000222,both,<NA>
je-campaign-default,"JE : JE,routine,with : default",JE,total,routine,PAK,Pakistan,2083,0,0,<NA>,<NA>,0.9000000000000000222,both,<NA>
je-campaign-default,"JE : JE,routine,with : default",JE,total,routine,PAK,Pakistan,2084,0,0,<NA>,<NA>,0.9000000000000000222,both,<NA>
je-campaign-default,"JE : JE,routine,with : default",JE,total,routine,PAK,Pakistan,2085,0,0,<NA>,<NA>,0.9000000000000000222,both,<NA>
je-campaign-default,"JE : JE,routine,with : default",JE,total,routine,PAK,Pakistan,2086,0,0,<NA>,<NA>,0.9000000000000000222,both,<NA>
je-campaign-default,"JE : JE,routine,with : default",JE,total,routine,PAK,Pakistan,2087,0,0,<NA>,<NA>,0.9000000000000000222,both,<NA>
je-campaign-default,"JE : JE,routine,with : default",JE,total,routine,PAK,Pakistan,2088,0,0,<NA>,<NA>,0.9000000000000000222,both,<NA>
je-campaign-default,"JE : JE,routine,with : default",JE,total,routine,PAK,Pakistan,2089,0,0,<NA>,<NA>,0.9000000000000000222,both,<NA>
je-campaign-default,"JE : JE,routine,with : default",JE,total,routine,PAK,Pakistan,2090,0,0,<NA>,<NA>,0.9000000000000000222,both,<NA>
je-campaign-default,"JE : JE,routine,with : default",JE,total,routine,PAK,Pakistan,2091,0,0,<NA>,<NA>,0.9000000000000000222,both,<NA>
je-campaign-default,"JE : JE,routine,with : default",JE,total,routine,PAK,Pakistan,2092,0,0,<NA>,<NA>,0.9000000000000000222,both,<NA>
je-campaign-default,"JE : JE,routine,with : default",JE,total,routine,PAK,Pakistan,2093,0,0,<NA>,<NA>,0.9000000000000000222,both,<NA>
je-campaign-default,"JE : JE,routine,with : default",JE,total,routine,PAK,Pakistan,2094,0,0,<NA>,<NA>,0.9000000000000000222,both,<NA>
je-campaign-default,"JE : JE,routine,with : default",JE,total,routine,PAK,Pakistan,2095,0,0,<NA>,<NA>,0.9000000000000000222,both,<NA>
je-campaign-default,"JE : JE,routine,with : default",JE,total,routine,PAK,Pakistan,2096,0,0,<NA>,<NA>,0.9000000000000000222,both,<NA>
je-campaign-default,"JE : JE,routine,with : default",JE,total,routine,PAK,Pakistan,2097,0,0,<NA>,<NA>,0.9000000000000000222,both,<NA>
je-campaign-default,"JE : JE,routine,with : default",JE,total,routine,PAK,Pakistan,2098,0,0,<NA>,<NA>,0.9000000000000000222,both,<NA>
je-campaign-default,"JE : JE,routine,with : default",JE,total,routine,PAK,Pakistan,2099,0,0,<NA>,<NA>,0.9000000000000000222,both,<NA>
je-campaign-default,"JE : JE,routine,with : default",JE,total,routine,PAK,Pakistan,2100,0,0,<NA>,<NA>,0.9000000000000000222,both,<NA>
je-campaign-default,"JE : JE,routine,with : default",JE,total,routine,PHL,Philippines,1980,0,0,<NA>,<NA>,0,both,<NA>
je-campaign-default,"JE : JE,routine,with : default",JE,total,routine,PHL,Philippines,1981,0,0,<NA>,<NA>,0,both,<NA>
je-campaign-default,"JE : JE,routine,with : default",JE,total,routine,PHL,Philippines,1982,0,0,<NA>,<NA>,0,both,<NA>
je-campaign-default,"JE : JE,routine,with : default",JE,total,routine,PHL,Philippines,1983,0,0,<NA>,<NA>,0,both,<NA>
je-campaign-default,"JE : JE,routine,with : default",JE,total,routine,PHL,Philippines,1984,0,0,<NA>,<NA>,0,both,<NA>
je-campaign-default,"JE : JE,routine,with : default",JE,total,routine,PHL,Philippines,1985,0,0,<NA>,<NA>,0,both,<NA>
je-campaign-default,"JE : JE,routine,with : default",JE,total,routine,PHL,Philippines,1986,0,0,<NA>,<NA>,0,both,<NA>
je-campaign-default,"JE : JE,routine,with : default",JE,total,routine,PHL,Philippines,1987,0,0,<NA>,<NA>,0,both,<NA>
je-campaign-default,"JE : JE,routine,with : default",JE,total,routine,PHL,Philippines,1988,0,0,<NA>,<NA>,0,both,<NA>
je-campaign-default,"JE : JE,routine,with : default",JE,total,routine,PHL,Philippines,1989,0,0,<NA>,<NA>,0,both,<NA>
je-campaign-default,"JE : JE,routine,with : default",JE,total,routine,PHL,Philippines,1990,0,0,<NA>,<NA>,0,both,<NA>
je-campaign-default,"JE : JE,routine,with : default",JE,total,routine,PHL,Philippines,1991,0,0,<NA>,<NA>,0,both,<NA>
je-campaign-default,"JE : JE,routine,with : default",JE,total,routine,PHL,Philippines,1992,0,0,<NA>,<NA>,0,both,<NA>
je-campaign-default,"JE : JE,routine,with : default",JE,total,routine,PHL,Philippines,1993,0,0,<NA>,<NA>,0,both,<NA>
je-campaign-default,"JE : JE,routine,with : default",JE,total,routine,PHL,Philippines,1994,0,0,<NA>,<NA>,0,both,<NA>
je-campaign-default,"JE : JE,routine,with : default",JE,total,routine,PHL,Philippines,1995,0,0,<NA>,<NA>,0,both,<NA>
je-campaign-default,"JE : JE,routine,with : default",JE,total,routine,PHL,Philippines,1996,0,0,<NA>,<NA>,0,both,<NA>
je-campaign-default,"JE : JE,routine,with : default",JE,total,routine,PHL,Philippines,1997,0,0,<NA>,<NA>,0,both,<NA>
je-campaign-default,"JE : JE,routine,with : default",JE,total,routine,PHL,Philippines,1998,0,0,<NA>,<NA>,0,both,<NA>
je-campaign-default,"JE : JE,routine,with : default",JE,total,routine,PHL,Philippines,1999,0,0,<NA>,<NA>,0,both,<NA>
je-campaign-default,"JE : JE,routine,with : default",JE,total,routine,PHL,Philippines,2000,0,0,<NA>,<NA>,0,both,<NA>
je-campaign-default,"JE : JE,routine,with : default",JE,total,routine,PHL,Philippines,2001,0,0,<NA>,<NA>,0,both,<NA>
je-campaign-default,"JE : JE,routine,with : default",JE,total,routine,PHL,Philippines,2002,0,0,<NA>,<NA>,0,both,<NA>
je-campaign-default,"JE : JE,routine,with : default",JE,total,routine,PHL,Philippines,2003,0,0,<NA>,<NA>,0,both,<NA>
je-campaign-default,"JE : JE,routine,with : default",JE,total,routine,PHL,Philippines,2004,0,0,<NA>,<NA>,0,both,<NA>
je-campaign-default,"JE : JE,routine,with : default",JE,total,routine,PHL,Philippines,2005,0,0,<NA>,<NA>,0,both,<NA>
je-campaign-default,"JE : JE,routine,with : default",JE,total,routine,PHL,Philippines,2006,0,0,<NA>,<NA>,0,both,<NA>
je-campaign-default,"JE : JE,routine,with : default",JE,total,routine,PHL,Philippines,2007,0,0,<NA>,<NA>,0,both,<NA>
je-campaign-default,"JE : JE,routine,with : default",JE,total,routine,PHL,Philippines,2008,0,0,<NA>,<NA>,0,both,<NA>
je-campaign-default,"JE : JE,routine,with : default",JE,total,routine,PHL,Philippines,2009,0,0,<NA>,<NA>,0,both,<NA>
je-campaign-default,"JE : JE,routine,with : default",JE,total,routine,PHL,Philippines,2010,0,0,<NA>,<NA>,0,both,<NA>
je-campaign-default,"JE : JE,routine,with : default",JE,total,routine,PHL,Philippines,2011,0,0,<NA>,<NA>,0,both,<NA>
je-campaign-default,"JE : JE,routine,with : default",JE,total,routine,PHL,Philippines,2012,0,0,<NA>,<NA>,0,both,<NA>
je-campaign-default,"JE : JE,routine,with : default",JE,total,routine,PHL,Philippines,2013,0,0,<NA>,<NA>,0,both,<NA>
je-campaign-default,"JE : JE,routine,with : default",JE,total,routine,PHL,Philippines,2014,0,0,<NA>,<NA>,0,both,<NA>
je-campaign-default,"JE : JE,routine,with : default",JE,total,routine,PHL,Philippines,2015,0,0,<NA>,<NA>,0,both,<NA>
je-campaign-default,"JE : JE,routine,with : default",JE,total,routine,PHL,Philippines,2016,0,0,<NA>,<NA>,0,both,<NA>
je-campaign-default,"JE : JE,routine,with : default",JE,total,routine,PHL,Philippines,2017,0,0,<NA>,<NA>,0,both,<NA>
je-campaign-default,"JE : JE,routine,with : default",JE,total,routine,PHL,Philippines,2018,0,0,<NA>,<NA>,0,both,<NA>
je-campaign-default,"JE : JE,routine,with : default",JE,total,routine,PHL,Philippines,2019,0,0,<NA>,<NA>,0,both,<NA>
je-campaign-default,"JE : JE,routine,with : default",JE,total,routine,PHL,Philippines,2020,0,0,<NA>,<NA>,0,both,<NA>
je-campaign-default,"JE : JE,routine,with : default",JE,total,routine,PHL,Philippines,2021,0,0,<NA>,<NA>,0,both,<NA>
je-campaign-default,"JE : JE,routine,with : default",JE,total,routine,PHL,Philippines,2022,0,0,<NA>,<NA>,0,both,<NA>
je-campaign-default,"JE : JE,routine,with : default",JE,total,routine,PHL,Philippines,2023,0,0,<NA>,<NA>,0,both,<NA>
je-campaign-default,"JE : JE,routine,with : default",JE,total,routine,PHL,Philippines,2024,0,0,<NA>,<NA>,0,both,<NA>
je-campaign-default,"JE : JE,routine,with : default",JE,total,routine,PHL,Philippines,2025,0,0,<NA>,<NA>,0,both,<NA>
je-campaign-default,"JE : JE,routine,with : default",JE,total,routine,PHL,Philippines,2026,0,0,<NA>,<NA>,0.70242562753257342667,both,<NA>
je-campaign-default,"JE : JE,routine,with : default",JE,total,routine,PHL,Philippines,2027,0,0,<NA>,<NA>,0.68263250129732888638,both,<NA>
je-campaign-default,"JE : JE,routine,with : default",JE,total,routine,PHL,Philippines,2028,0,0,<NA>,<NA>,0.66152283747547757642,both,<NA>
je-campaign-default,"JE : JE,routine,with : default",JE,total,routine,PHL,Philippines,2029,0,0,<NA>,<NA>,0.63900906671610691046,both,<NA>
je-campaign-default,"JE : JE,routine,with : default",JE,total,routine,PHL,Philippines,2030,0,0,<NA>,<NA>,0.61499779500268370036,both,<NA>
je-campaign-default,"JE : JE,routine,with : default",JE,total,routine,PHL,Philippines,2031,0,0,<NA>,<NA>,0.62499779500268370924,both,<NA>
je-campaign-default,"JE : JE,routine,with : default",JE,total,routine,PHL,Philippines,2032,0,0,<NA>,<NA>,0.63499779500268371812,both,<NA>
je-campaign-default,"JE : JE,routine,with : default",JE,total,routine,PHL,Philippines,2033,0,0,<NA>,<NA>,0.64499779500268372701,both,<NA>
je-campaign-default,"JE : JE,routine,with : default",JE,total,routine,PHL,Philippines,2034,0,0,<NA>,<NA>,0.65499779500268373589,both,<NA>
je-campaign-default,"JE : JE,routine,with : default",JE,total,routine,PHL,Philippines,2035,0,0,<NA>,<NA>,0.66499779500268374477,both,<NA>
je-campaign-default,"JE : JE,routine,with : default",JE,total,routine,PHL,Philippines,2036,0,0,<NA>,<NA>,0.67499779500268375365,both,<NA>
je-campaign-default,"JE : JE,routine,with : default",JE,total,routine,PHL,Philippines,2037,0,0,<NA>,<NA>,0.68499779500268376253,both,<NA>
je-campaign-default,"JE : JE,routine,with : default",JE,total,routine,PHL,Philippines,2038,0,0,<NA>,<NA>,0.69499779500268366039,both,<NA>
je-campaign-default,"JE : JE,routine,with : default",JE,total,routine,PHL,Philippines,2039,0,0,<NA>,<NA>,0.70499779500268366927,both,<NA>
je-campaign-default,"JE : JE,routine,with : default",JE,total,routine,PHL,Philippines,2040,0,0,<NA>,<NA>,0.71499779500268367816,both,<NA>
je-campaign-default,"JE : JE,routine,with : default",JE,total,routine,PHL,Philippines,2041,0,0,<NA>,<NA>,0.72499779500268368704,both,<NA>
je-campaign-default,"JE : JE,routine,with : default",JE,total,routine,PHL,Philippines,2042,0,0,<NA>,<NA>,0.73499779500268369592,both,<NA>
je-campaign-default,"JE : JE,routine,with : default",JE,total,routine,PHL,Philippines,2043,0,0,<NA>,<NA>,0.7449977950026837048,both,<NA>
je-campaign-default,"JE : JE,routine,with : default",JE,total,routine,PHL,Philippines,2044,0,0,<NA>,<NA>,0.75499779500268371368,both,<NA>
je-campaign-default,"JE : JE,routine,with : default",JE,total,routine,PHL,Philippines,2045,0,0,<NA>,<NA>,0.76499779500268372256,both,<NA>
je-campaign-default,"JE : JE,routine,with : default",JE,total,routine,PHL,Philippines,2046,0,0,<NA>,<NA>,0.77499779500268373145,both,<NA>
je-campaign-default,"JE : JE,routine,with : default",JE,total,routine,PHL,Philippines,2047,0,0,<NA>,<NA>,0.78499779500268374033,both,<NA>
je-campaign-default,"JE : JE,routine,with : default",JE,total,routine,PHL,Philippines,2048,0,0,<NA>,<NA>,0.79499779500268363819,both,<NA>
je-campaign-default,"JE : JE,routine,with : default",JE,total,routine,PHL,Philippines,2049,0,0,<NA>,<NA>,0.80499779500268364707,both,<NA>
je-campaign-default,"JE : JE,routine,with : default",JE,total,routine,PHL,Philippines,2050,0,0,<NA>,<NA>,0.81499779500268365595,both,<NA>
je-campaign-default,"JE : JE,routine,with : default",JE,total,routine,PHL,Philippines,2051,0,0,<NA>,<NA>,0.82499779500268366483,both,<NA>
je-campaign-default,"JE : JE,routine,with : default",JE,total,routine,PHL,Philippines,2052,0,0,<NA>,<NA>,0.83499779500268367372,both,<NA>
je-campaign-default,"JE : JE,routine,with : default",JE,total,routine,PHL,Philippines,2053,0,0,<NA>,<NA>,0.8449977950026836826,both,<NA>
je-campaign-default,"JE : JE,routine,with : default",JE,total,routine,PHL,Philippines,2054,0,0,<NA>,<NA>,0.85499779500268369148,both,<NA>
je-campaign-default,"JE : JE,routine,with : default",JE,total,routine,PHL,Philippines,2055,0,0,<NA>,<NA>,0.86499779500268370036,both,<NA>
je-campaign-default,"JE : JE,routine,with : default",JE,total,routine,PHL,Philippines,2056,0,0,<NA>,<NA>,0.87499779500268370924,both,<NA>
je-campaign-default,"JE : JE,routine,with : default",JE,total,routine,PHL,Philippines,2057,0,0,<NA>,<NA>,0.88499779500268371812,both,<NA>
je-campaign-default,"JE : JE,routine,with : default",JE,total,routine,PHL,Philippines,2058,0,0,<NA>,<NA>,0.89499779500268372701,both,<NA>
je-campaign-default,"JE : JE,routine,with : default",JE,total,routine,PHL,Philippines,2059,0,0,<NA>,<NA>,0.9000000000000000222,both,<NA>
je-campaign-default,"JE : JE,routine,with : default",JE,total,routine,PHL,Philippines,2060,0,0,<NA>,<NA>,0.9000000000000000222,both,<NA>
je-campaign-default,"JE : JE,routine,with : default",JE,total,routine,PHL,Philippines,2061,0,0,<NA>,<NA>,0.9000000000000000222,both,<NA>
je-campaign-default,"JE : JE,routine,with : default",JE,total,routine,PHL,Philippines,2062,0,0,<NA>,<NA>,0.9000000000000000222,both,<NA>
je-campaign-default,"JE : JE,routine,with : default",JE,total,routine,PHL,Philippines,2063,0,0,<NA>,<NA>,0.9000000000000000222,both,<NA>
je-campaign-default,"JE : JE,routine,with : default",JE,total,routine,PHL,Philippines,2064,0,0,<NA>,<NA>,0.9000000000000000222,both,<NA>
je-campaign-default,"JE : JE,routine,with : default",JE,total,routine,PHL,Philippines,2065,0,0,<NA>,<NA>,0.9000000000000000222,both,<NA>
je-campaign-default,"JE : JE,routine,with : default",JE,total,routine,PHL,Philippines,2066,0,0,<NA>,<NA>,0.9000000000000000222,both,<NA>
je-campaign-default,"JE : JE,routine,with : default",JE,total,routine,PHL,Philippines,2067,0,0,<NA>,<NA>,0.9000000000000000222,both,<NA>
je-campaign-default,"JE : JE,routine,with : default",JE,total,routine,PHL,Philippines,2068,0,0,<NA>,<NA>,0.9000000000000000222,both,<NA>
je-campaign-default,"JE : JE,routine,with : default",JE,total,routine,PHL,Philippines,2069,0,0,<NA>,<NA>,0.9000000000000000222,both,<NA>
je-campaign-default,"JE : JE,routine,with : default",JE,total,routine,PHL,Philippines,2070,0,0,<NA>,<NA>,0.9000000000000000222,both,<NA>
je-campaign-default,"JE : JE,routine,with : default",JE,total,routine,PHL,Philippines,2071,0,0,<NA>,<NA>,0.9000000000000000222,both,<NA>
je-campaign-default,"JE : JE,routine,with : default",JE,total,routine,PHL,Philippines,2072,0,0,<NA>,<NA>,0.9000000000000000222,both,<NA>
je-campaign-default,"JE : JE,routine,with : default",JE,total,routine,PHL,Philippines,2073,0,0,<NA>,<NA>,0.9000000000000000222,both,<NA>
je-campaign-default,"JE : JE,routine,with : default",JE,total,routine,PHL,Philippines,2074,0,0,<NA>,<NA>,0.9000000000000000222,both,<NA>
je-campaign-default,"JE : JE,routine,with : default",JE,total,routine,PHL,Philippines,2075,0,0,<NA>,<NA>,0.9000000000000000222,both,<NA>
je-campaign-default,"JE : JE,routine,with : default",JE,total,routine,PHL,Philippines,2076,0,0,<NA>,<NA>,0.9000000000000000222,both,<NA>
je-campaign-default,"JE : JE,routine,with : default",JE,total,routine,PHL,Philippines,2077,0,0,<NA>,<NA>,0.9000000000000000222,both,<NA>
je-campaign-default,"JE : JE,routine,with : default",JE,total,routine,PHL,Philippines,2078,0,0,<NA>,<NA>,0.9000000000000000222,both,<NA>
je-campaign-default,"JE : JE,routine,with : default",JE,total,routine,PHL,Philippines,2079,0,0,<NA>,<NA>,0.9000000000000000222,both,<NA>
je-campaign-default,"JE : JE,routine,with : default",JE,total,routine,PHL,Philippines,2080,0,0,<NA>,<NA>,0.9000000000000000222,both,<NA>
je-campaign-default,"JE : JE,routine,with : default",JE,total,routine,PHL,Philippines,2081,0,0,<NA>,<NA>,0.9000000000000000222,both,<NA>
je-campaign-default,"JE : JE,routine,with : default",JE,total,routine,PHL,Philippines,2082,0,0,<NA>,<NA>,0.9000000000000000222,both,<NA>
je-campaign-default,"JE : JE,routine,with : default",JE,total,routine,PHL,Philippines,2083,0,0,<NA>,<NA>,0.9000000000000000222,both,<NA>
je-campaign-default,"JE : JE,routine,with : default",JE,total,routine,PHL,Philippines,2084,0,0,<NA>,<NA>,0.9000000000000000222,both,<NA>
je-campaign-default,"JE : JE,routine,with : default",JE,total,routine,PHL,Philippines,2085,0,0,<NA>,<NA>,0.9000000000000000222,both,<NA>
je-campaign-default,"JE : JE,routine,with : default",JE,total,routine,PHL,Philippines,2086,0,0,<NA>,<NA>,0.9000000000000000222,both,<NA>
je-campaign-default,"JE : JE,routine,with : default",JE,total,routine,PHL,Philippines,2087,0,0,<NA>,<NA>,0.9000000000000000222,both,<NA>
je-campaign-default,"JE : JE,routine,with : default",JE,total,routine,PHL,Philippines,2088,0,0,<NA>,<NA>,0.9000000000000000222,both,<NA>
je-campaign-default,"JE : JE,routine,with : default",JE,total,routine,PHL,Philippines,2089,0,0,<NA>,<NA>,0.9000000000000000222,both,<NA>
je-campaign-default,"JE : JE,routine,with : default",JE,total,routine,PHL,Philippines,2090,0,0,<NA>,<NA>,0.9000000000000000222,both,<NA>
je-campaign-default,"JE : JE,routine,with : default",JE,total,routine,PHL,Philippines,2091,0,0,<NA>,<NA>,0.9000000000000000222,both,<NA>
je-campaign-default,"JE : JE,routine,with : default",JE,total,routine,PHL,Philippines,2092,0,0,<NA>,<NA>,0.9000000000000000222,both,<NA>
je-campaign-default,"JE : JE,routine,with : default",JE,total,routine,PHL,Philippines,2093,0,0,<NA>,<NA>,0.9000000000000000222,both,<NA>
je-campaign-default,"JE : JE,routine,with : default",JE,total,routine,PHL,Philippines,2094,0,0,<NA>,<NA>,0.9000000000000000222,both,<NA>
je-campaign-default,"JE : JE,routine,with : default",JE,total,routine,PHL,Philippines,2095,0,0,<NA>,<NA>,0.9000000000000000222,both,<NA>
je-campaign-default,"JE : JE,routine,with : default",JE,total,routine,PHL,Philippines,2096,0,0,<NA>,<NA>,0.9000000000000000222,both,<NA>
je-campaign-default,"JE : JE,routine,with : default",JE,total,routine,PHL,Philippines,2097,0,0,<NA>,<NA>,0.9000000000000000222,both,<NA>
je-campaign-default,"JE : JE,routine,with : default",JE,total,routine,PHL,Philippines,2098,0,0,<NA>,<NA>,0.9000000000000000222,both,<NA>
je-campaign-default,"JE : JE,routine,with : default",JE,total,routine,PHL,Philippines,2099,0,0,<NA>,<NA>,0.9000000000000000222,both,<NA>
je-campaign-default,"JE : JE,routine,with : default",JE,total,routine,PHL,Philippines,2100,0,0,<NA>,<NA>,0.9000000000000000222,both,<NA>
je-campaign-default,"JE : JE,routine,with : default",JE,total,routine,PNG,Papua New Guinea,1980,0,0,<NA>,<NA>,0,both,<NA>
je-campaign-default,"JE : JE,routine,with : default",JE,total,routine,PNG,Papua New Guinea,1981,0,0,<NA>,<NA>,0,both,<NA>
je-campaign-default,"JE : JE,routine,with : default",JE,total,routine,PNG,Papua New Guinea,1982,0,0,<NA>,<NA>,0,both,<NA>
je-campaign-default,"JE : JE,routine,with : default",JE,total,routine,PNG,Papua New Guinea,1983,0,0,<NA>,<NA>,0,both,<NA>
je-campaign-default,"JE : JE,routine,with : default",JE,total,routine,PNG,Papua New Guinea,1984,0,0,<NA>,<NA>,0,both,<NA>
je-campaign-default,"JE : JE,routine,with : default",JE,total,routine,PNG,Papua New Guinea,1985,0,0,<NA>,<NA>,0,both,<NA>
je-campaign-default,"JE : JE,routine,with : default",JE,total,routine,PNG,Papua New Guinea,1986,0,0,<NA>,<NA>,0,both,<NA>
je-campaign-default,"JE : JE,routine,with : default",JE,total,routine,PNG,Papua New Guinea,1987,0,0,<NA>,<NA>,0,both,<NA>
je-campaign-default,"JE : JE,routine,with : default",JE,total,routine,PNG,Papua New Guinea,1988,0,0,<NA>,<NA>,0,both,<NA>
je-campaign-default,"JE : JE,routine,with : default",JE,total,routine,PNG,Papua New Guinea,1989,0,0,<NA>,<NA>,0,both,<NA>
je-campaign-default,"JE : JE,routine,with : default",JE,total,routine,PNG,Papua New Guinea,1990,0,0,<NA>,<NA>,0,both,<NA>
je-campaign-default,"JE : JE,routine,with : default",JE,total,routine,PNG,Papua New Guinea,1991,0,0,<NA>,<NA>,0,both,<NA>
je-campaign-default,"JE : JE,routine,with : default",JE,total,routine,PNG,Papua New Guinea,1992,0,0,<NA>,<NA>,0,both,<NA>
je-campaign-default,"JE : JE,routine,with : default",JE,total,routine,PNG,Papua New Guinea,1993,0,0,<NA>,<NA>,0,both,<NA>
je-campaign-default,"JE : JE,routine,with : default",JE,total,routine,PNG,Papua New Guinea,1994,0,0,<NA>,<NA>,0,both,<NA>
je-campaign-default,"JE : JE,routine,with : default",JE,total,routine,PNG,Papua New Guinea,1995,0,0,<NA>,<NA>,0,both,<NA>
je-campaign-default,"JE : JE,routine,with : default",JE,total,routine,PNG,Papua New Guinea,1996,0,0,<NA>,<NA>,0,both,<NA>
je-campaign-default,"JE : JE,routine,with : default",JE,total,routine,PNG,Papua New Guinea,1997,0,0,<NA>,<NA>,0,both,<NA>
je-campaign-default,"JE : JE,routine,with : default",JE,total,routine,PNG,Papua New Guinea,1998,0,0,<NA>,<NA>,0,both,<NA>
je-campaign-default,"JE : JE,routine,with : default",JE,total,routine,PNG,Papua New Guinea,1999,0,0,<NA>,<NA>,0,both,<NA>
je-campaign-default,"JE : JE,routine,with : default",JE,total,routine,PNG,Papua New Guinea,2000,0,0,<NA>,<NA>,0,both,<NA>
je-campaign-default,"JE : JE,routine,with : default",JE,total,routine,PNG,Papua New Guinea,2001,0,0,<NA>,<NA>,0,both,<NA>
je-campaign-default,"JE : JE,routine,with : default",JE,total,routine,PNG,Papua New Guinea,2002,0,0,<NA>,<NA>,0,both,<NA>
je-campaign-default,"JE : JE,routine,with : default",JE,total,routine,PNG,Papua New Guinea,2003,0,0,<NA>,<NA>,0,both,<NA>
je-campaign-default,"JE : JE,routine,with : default",JE,total,routine,PNG,Papua New Guinea,2004,0,0,<NA>,<NA>,0,both,<NA>
je-campaign-default,"JE : JE,routine,with : default",JE,total,routine,PNG,Papua New Guinea,2005,0,0,<NA>,<NA>,0,both,<NA>
je-campaign-default,"JE : JE,routine,with : default",JE,total,routine,PNG,Papua New Guinea,2006,0,0,<NA>,<NA>,0,both,<NA>
je-campaign-default,"JE : JE,routine,with : default",JE,total,routine,PNG,Papua New Guinea,2007,0,0,<NA>,<NA>,0,both,<NA>
je-campaign-default,"JE : JE,routine,with : default",JE,total,routine,PNG,Papua New Guinea,2008,0,0,<NA>,<NA>,0,both,<NA>
je-campaign-default,"JE : JE,routine,with : default",JE,total,routine,PNG,Papua New Guinea,2009,0,0,<NA>,<NA>,0,both,<NA>
je-campaign-default,"JE : JE,routine,with : default",JE,total,routine,PNG,Papua New Guinea,2010,0,0,<NA>,<NA>,0,both,<NA>
je-campaign-default,"JE : JE,routine,with : default",JE,total,routine,PNG,Papua New Guinea,2011,0,0,<NA>,<NA>,0,both,<NA>
je-campaign-default,"JE : JE,routine,with : default",JE,total,routine,PNG,Papua New Guinea,2012,0,0,<NA>,<NA>,0,both,<NA>
je-campaign-default,"JE : JE,routine,with : default",JE,total,routine,PNG,Papua New Guinea,2013,0,0,<NA>,<NA>,0,both,<NA>
je-campaign-default,"JE : JE,routine,with : default",JE,total,routine,PNG,Papua New Guinea,2014,0,0,<NA>,<NA>,0,both,<NA>
je-campaign-default,"JE : JE,routine,with : default",JE,total,routine,PNG,Papua New Guinea,2015,0,0,<NA>,<NA>,0,both,<NA>
je-campaign-default,"JE : JE,routine,with : default",JE,total,routine,PNG,Papua New Guinea,2016,0,0,<NA>,<NA>,0,both,<NA>
je-campaign-default,"JE : JE,routine,with : default",JE,total,routine,PNG,Papua New Guinea,2017,0,0,<NA>,<NA>,0,both,<NA>
je-campaign-default,"JE : JE,routine,with : default",JE,total,routine,PNG,Papua New Guinea,2018,0,0,<NA>,<NA>,0,both,<NA>
je-campaign-default,"JE : JE,routine,with : default",JE,total,routine,PNG,Papua New Guinea,2019,0,0,<NA>,<NA>,0,both,<NA>
je-campaign-default,"JE : JE,routine,with : default",JE,total,routine,PNG,Papua New Guinea,2020,0,0,<NA>,<NA>,0,both,<NA>
je-campaign-default,"JE : JE,routine,with : default",JE,total,routine,PNG,Papua New Guinea,2021,0,0,<NA>,<NA>,0,both,<NA>
je-campaign-default,"JE : JE,routine,with : default",JE,total,routine,PNG,Papua New Guinea,2022,0,0,<NA>,<NA>,0,both,<NA>
je-campaign-default,"JE : JE,routine,with : default",JE,total,routine,PNG,Papua New Guinea,2023,0,0,<NA>,<NA>,0,both,<NA>
je-campaign-default,"JE : JE,routine,with : default",JE,total,routine,PNG,Papua New Guinea,2024,0,0,<NA>,<NA>,0,both,<NA>
je-campaign-default,"JE : JE,routine,with : default",JE,total,routine,PNG,Papua New Guinea,2025,0,0,<NA>,<NA>,0,both,<NA>
je-campaign-default,"JE : JE,routine,with : default",JE,total,routine,PNG,Papua New Guinea,2026,0,0,<NA>,<NA>,0,both,<NA>
je-campaign-default,"JE : JE,routine,with : default",JE,total,routine,PNG,Papua New Guinea,2027,0,0,<NA>,<NA>,0.42942046497416686002,both,<NA>
je-campaign-default,"JE : JE,routine,with : default",JE,total,routine,PNG,Papua New Guinea,2028,0,0,<NA>,<NA>,0.43484004166371492683,both,<NA>
je-campaign-default,"JE : JE,routine,with : default",JE,total,routine,PNG,Papua New Guinea,2029,0,0,<NA>,<NA>,0.44020814119768547634,both,<NA>
je-campaign-default,"JE : JE,routine,with : default",JE,total,routine,PNG,Papua New Guinea,2030,0,0,<NA>,<NA>,0.4455252525252525464,both,<NA>
je-campaign-default,"JE : JE,routine,with : default",JE,total,routine,PNG,Papua New Guinea,2031,0,0,<NA>,<NA>,0.45552525252525255528,both,<NA>
je-campaign-default,"JE : JE,routine,with : default",JE,total,routine,PNG,Papua New Guinea,2032,0,0,<NA>,<NA>,0.46552525252525256416,both,<NA>
je-campaign-default,"JE : JE,routine,with : default",JE,total,routine,PNG,Papua New Guinea,2033,0,0,<NA>,<NA>,0.47552525252525257304,both,<NA>
je-campaign-default,"JE : JE,routine,with : default",JE,total,routine,PNG,Papua New Guinea,2034,0,0,<NA>,<NA>,0.48552525252525252641,both,<NA>
je-campaign-default,"JE : JE,routine,with : default",JE,total,routine,PNG,Papua New Guinea,2035,0,0,<NA>,<NA>,0.4955252525252525353,both,<NA>
je-campaign-default,"JE : JE,routine,with : default",JE,total,routine,PNG,Papua New Guinea,2036,0,0,<NA>,<NA>,0.50552525252525248867,both,<NA>
je-campaign-default,"JE : JE,routine,with : default",JE,total,routine,PNG,Papua New Guinea,2037,0,0,<NA>,<NA>,0.51552525252525249755,both,<NA>
je-campaign-default,"JE : JE,routine,with : default",JE,total,routine,PNG,Papua New Guinea,2038,0,0,<NA>,<NA>,0.52552525252525250643,both,<NA>
je-campaign-default,"JE : JE,routine,with : default",JE,total,routine,PNG,Papua New Guinea,2039,0,0,<NA>,<NA>,0.53552525252525251531,both,<NA>
je-campaign-default,"JE : JE,routine,with : default",JE,total,routine,PNG,Papua New Guinea,2040,0,0,<NA>,<NA>,0.54552525252525252419,both,<NA>
je-campaign-default,"JE : JE,routine,with : default",JE,total,routine,PNG,Papua New Guinea,2041,0,0,<NA>,<NA>,0.55552525252525253308,both,<NA>
je-campaign-default,"JE : JE,routine,with : default",JE,total,routine,PNG,Papua New Guinea,2042,0,0,<NA>,<NA>,0.56552525252525254196,both,<NA>
je-campaign-default,"JE : JE,routine,with : default",JE,total,routine,PNG,Papua New Guinea,2043,0,0,<NA>,<NA>,0.57552525252525255084,both,<NA>
je-campaign-default,"JE : JE,routine,with : default",JE,total,routine,PNG,Papua New Guinea,2044,0,0,<NA>,<NA>,0.58552525252525255972,both,<NA>
je-campaign-default,"JE : JE,routine,with : default",JE,total,routine,PNG,Papua New Guinea,2045,0,0,<NA>,<NA>,0.5955252525252525686,both,<NA>
je-campaign-default,"JE : JE,routine,with : default",JE,total,routine,PNG,Papua New Guinea,2046,0,0,<NA>,<NA>,0.60552525252525257748,both,<NA>
je-campaign-default,"JE : JE,routine,with : default",JE,total,routine,PNG,Papua New Guinea,2047,0,0,<NA>,<NA>,0.61552525252525258637,both,<NA>
je-campaign-default,"JE : JE,routine,with : default",JE,total,routine,PNG,Papua New Guinea,2048,0,0,<NA>,<NA>,0.62552525252525259525,both,<NA>
je-campaign-default,"JE : JE,routine,with : default",JE,total,routine,PNG,Papua New Guinea,2049,0,0,<NA>,<NA>,0.63552525252525260413,both,<NA>
je-campaign-default,"JE : JE,routine,with : default",JE,total,routine,PNG,Papua New Guinea,2050,0,0,<NA>,<NA>,0.64552525252525261301,both,<NA>
je-campaign-default,"JE : JE,routine,with : default",JE,total,routine,PNG,Papua New Guinea,2051,0,0,<NA>,<NA>,0.65552525252525251087,both,<NA>
je-campaign-default,"JE : JE,routine,with : default",JE,total,routine,PNG,Papua New Guinea,2052,0,0,<NA>,<NA>,0.66552525252525251975,both,<NA>
je-campaign-default,"JE : JE,routine,with : default",JE,total,routine,PNG,Papua New Guinea,2053,0,0,<NA>,<NA>,0.67552525252525252863,both,<NA>
je-campaign-default,"JE : JE,routine,with : default",JE,total,routine,PNG,Papua New Guinea,2054,0,0,<NA>,<NA>,0.68552525252525253752,both,<NA>
je-campaign-default,"JE : JE,routine,with : default",JE,total,routine,PNG,Papua New Guinea,2055,0,0,<NA>,<NA>,0.6955252525252525464,both,<NA>
je-campaign-default,"JE : JE,routine,with : default",JE,total,routine,PNG,Papua New Guinea,2056,0,0,<NA>,<NA>,0.70552525252525255528,both,<NA>
je-campaign-default,"JE : JE,routine,with : default",JE,total,routine,PNG,Papua New Guinea,2057,0,0,<NA>,<NA>,0.71552525252525256416,both,<NA>
je-campaign-default,"JE : JE,routine,with : default",JE,total,routine,PNG,Papua New Guinea,2058,0,0,<NA>,<NA>,0.72552525252525257304,both,<NA>
je-campaign-default,"JE : JE,routine,with : default",JE,total,routine,PNG,Papua New Guinea,2059,0,0,<NA>,<NA>,0.7355252525252524709,both,<NA>
je-campaign-default,"JE : JE,routine,with : default",JE,total,routine,PNG,Papua New Guinea,2060,0,0,<NA>,<NA>,0.74552525252525247978,both,<NA>
je-campaign-default,"JE : JE,routine,with : default",JE,total,routine,PNG,Papua New Guinea,2061,0,0,<NA>,<NA>,0.75552525252525248867,both,<NA>
je-campaign-default,"JE : JE,routine,with : default",JE,total,routine,PNG,Papua New Guinea,2062,0,0,<NA>,<NA>,0.76552525252525249755,both,<NA>
je-campaign-default,"JE : JE,routine,with : default",JE,total,routine,PNG,Papua New Guinea,2063,0,0,<NA>,<NA>,0.77552525252525250643,both,<NA>
je-campaign-default,"JE : JE,routine,with : default",JE,total,routine,PNG,Papua New Guinea,2064,0,0,<NA>,<NA>,0.78552525252525251531,both,<NA>
je-campaign-default,"JE : JE,routine,with : default",JE,total,routine,PNG,Papua New Guinea,2065,0,0,<NA>,<NA>,0.79552525252525252419,both,<NA>
je-campaign-default,"JE : JE,routine,with : default",JE,total,routine,PNG,Papua New Guinea,2066,0,0,<NA>,<NA>,0.80552525252525253308,both,<NA>
je-campaign-default,"JE : JE,routine,with : default",JE,total,routine,PNG,Papua New Guinea,2067,0,0,<NA>,<NA>,0.81552525252525254196,both,<NA>
je-campaign-default,"JE : JE,routine,with : default",JE,total,routine,PNG,Papua New Guinea,2068,0,0,<NA>,<NA>,0.82552525252525255084,both,<NA>
je-campaign-default,"JE : JE,routine,with : default",JE,total,routine,PNG,Papua New Guinea,2069,0,0,<NA>,<NA>,0.83552525252525255972,both,<NA>
je-campaign-default,"JE : JE,routine,with : default",JE,total,routine,PNG,Papua New Guinea,2070,0,0,<NA>,<NA>,0.8455252525252525686,both,<NA>
je-campaign-default,"JE : JE,routine,with : default",JE,total,routine,PNG,Papua New Guinea,2071,0,0,<NA>,<NA>,0.85552525252525257748,both,<NA>
je-campaign-default,"JE : JE,routine,with : default",JE,total,routine,PNG,Papua New Guinea,2072,0,0,<NA>,<NA>,0.86552525252525258637,both,<NA>
je-campaign-default,"JE : JE,routine,with : default",JE,total,routine,PNG,Papua New Guinea,2073,0,0,<NA>,<NA>,0.87552525252525259525,both,<NA>
je-campaign-default,"JE : JE,routine,with : default",JE,total,routine,PNG,Papua New Guinea,2074,0,0,<NA>,<NA>,0.88552525252525260413,both,<NA>
je-campaign-default,"JE : JE,routine,with : default",JE,total,routine,PNG,Papua New Guinea,2075,0,0,<NA>,<NA>,0.89552525252525261301,both,<NA>
je-campaign-default,"JE : JE,routine,with : default",JE,total,routine,PNG,Papua New Guinea,2076,0,0,<NA>,<NA>,0.9000000000000000222,both,<NA>
je-campaign-default,"JE : JE,routine,with : default",JE,total,routine,PNG,Papua New Guinea,2077,0,0,<NA>,<NA>,0.9000000000000000222,both,<NA>
je-campaign-default,"JE : JE,routine,with : default",JE,total,routine,PNG,Papua New Guinea,2078,0,0,<NA>,<NA>,0.9000000000000000222,both,<NA>
je-campaign-default,"JE : JE,routine,with : default",JE,total,routine,PNG,Papua New Guinea,2079,0,0,<NA>,<NA>,0.9000000000000000222,both,<NA>
je-campaign-default,"JE : JE,routine,with : default",JE,total,routine,PNG,Papua New Guinea,2080,0,0,<NA>,<NA>,0.9000000000000000222,both,<NA>
je-campaign-default,"JE : JE,routine,with : default",JE,total,routine,PNG,Papua New Guinea,2081,0,0,<NA>,<NA>,0.9000000000000000222,both,<NA>
je-campaign-default,"JE : JE,routine,with : default",JE,total,routine,PNG,Papua New Guinea,2082,0,0,<NA>,<NA>,0.9000000000000000222,both,<NA>
je-campaign-default,"JE : JE,routine,with : default",JE,total,routine,PNG,Papua New Guinea,2083,0,0,<NA>,<NA>,0.9000000000000000222,both,<NA>
je-campaign-default,"JE : JE,routine,with : default",JE,total,routine,PNG,Papua New Guinea,2084,0,0,<NA>,<NA>,0.9000000000000000222,both,<NA>
je-campaign-default,"JE : JE,routine,with : default",JE,total,routine,PNG,Papua New Guinea,2085,0,0,<NA>,<NA>,0.9000000000000000222,both,<NA>
je-campaign-default,"JE : JE,routine,with : default",JE,total,routine,PNG,Papua New Guinea,2086,0,0,<NA>,<NA>,0.9000000000000000222,both,<NA>
je-campaign-default,"JE : JE,routine,with : default",JE,total,routine,PNG,Papua New Guinea,2087,0,0,<NA>,<NA>,0.9000000000000000222,both,<NA>
je-campaign-default,"JE : JE,routine,with : default",JE,total,routine,PNG,Papua New Guinea,2088,0,0,<NA>,<NA>,0.9000000000000000222,both,<NA>
je-campaign-default,"JE : JE,routine,with : default",JE,total,routine,PNG,Papua New Guinea,2089,0,0,<NA>,<NA>,0.9000000000000000222,both,<NA>
je-campaign-default,"JE : JE,routine,with : default",JE,total,routine,PNG,Papua New Guinea,2090,0,0,<NA>,<NA>,0.9000000000000000222,both,<NA>
je-campaign-default,"JE : JE,routine,with : default",JE,total,routine,PNG,Papua New Guinea,2091,0,0,<NA>,<NA>,0.9000000000000000222,both,<NA>
je-campaign-default,"JE : JE,routine,with : default",JE,total,routine,PNG,Papua New Guinea,2092,0,0,<NA>,<NA>,0.9000000000000000222,both,<NA>
je-campaign-default,"JE : JE,routine,with : default",JE,total,routine,PNG,Papua New Guinea,2093,0,0,<NA>,<NA>,0.9000000000000000222,both,<NA>
je-campaign-default,"JE : JE,routine,with : default",JE,total,routine,PNG,Papua New Guinea,2094,0,0,<NA>,<NA>,0.9000000000000000222,both,<NA>
je-campaign-default,"JE : JE,routine,with : default",JE,total,routine,PNG,Papua New Guinea,2095,0,0,<NA>,<NA>,0.9000000000000000222,both,<NA>
je-campaign-default,"JE : JE,routine,with : default",JE,total,routine,PNG,Papua New Guinea,2096,0,0,<NA>,<NA>,0.9000000000000000222,both,<NA>
je-campaign-default,"JE : JE,routine,with : default",JE,total,routine,PNG,Papua New Guinea,2097,0,0,<NA>,<NA>,0.9000000000000000222,both,<NA>
je-campaign-default,"JE : JE,routine,with : default",JE,total,routine,PNG,Papua New Guinea,2098,0,0,<NA>,<NA>,0.9000000000000000222,both,<NA>
je-campaign-default,"JE : JE,routine,with : default",JE,total,routine,PNG,Papua New Guinea,2099,0,0,<NA>,<NA>,0.9000000000000000222,both,<NA>
je-campaign-default,"JE : JE,routine,with : default",JE,total,routine,PNG,Papua New Guinea,2100,0,0,<NA>,<NA>,0.9000000000000000222,both,<NA>
je-campaign-default,"JE : JE,routine,with : default",JE,total,routine,PRK,"Korea, Democratic People's Republic of",1980,0,0,<NA>,<NA>,0,both,<NA>
je-campaign-default,"JE : JE,routine,with : default",JE,total,routine,PRK,"Korea, Democratic People's Republic of",1981,0,0,<NA>,<NA>,0,both,<NA>
je-campaign-default,"JE : JE,routine,with : default",JE,total,routine,PRK,"Korea, Democratic People's Republic of",1982,0,0,<NA>,<NA>,0,both,<NA>
je-campaign-default,"JE : JE,routine,with : default",JE,total,routine,PRK,"Korea, Democratic People's Republic of",1983,0,0,<NA>,<NA>,0,both,<NA>
je-campaign-default,"JE : JE,routine,with : default",JE,total,routine,PRK,"Korea, Democratic People's Republic of",1984,0,0,<NA>,<NA>,0,both,<NA>
je-campaign-default,"JE : JE,routine,with : default",JE,total,routine,PRK,"Korea, Democratic People's Republic of",1985,0,0,<NA>,<NA>,0,both,<NA>
je-campaign-default,"JE : JE,routine,with : default",JE,total,routine,PRK,"Korea, Democratic People's Republic of",1986,0,0,<NA>,<NA>,0,both,<NA>
je-campaign-default,"JE : JE,routine,with : default",JE,total,routine,PRK,"Korea, Democratic People's Republic of",1987,0,0,<NA>,<NA>,0,both,<NA>
je-campaign-default,"JE : JE,routine,with : default",JE,total,routine,PRK,"Korea, Democratic People's Republic of",1988,0,0,<NA>,<NA>,0,both,<NA>
je-campaign-default,"JE : JE,routine,with : default",JE,total,routine,PRK,"Korea, Democratic People's Republic of",1989,0,0,<NA>,<NA>,0,both,<NA>
je-campaign-default,"JE : JE,routine,with : default",JE,total,routine,PRK,"Korea, Democratic People's Republic of",1990,0,0,<NA>,<NA>,0,both,<NA>
je-campaign-default,"JE : JE,routine,with : default",JE,total,routine,PRK,"Korea, Democratic People's Republic of",1991,0,0,<NA>,<NA>,0,both,<NA>
je-campaign-default,"JE : JE,routine,with : default",JE,total,routine,PRK,"Korea, Democratic People's Republic of",1992,0,0,<NA>,<NA>,0,both,<NA>
je-campaign-default,"JE : JE,routine,with : default",JE,total,routine,PRK,"Korea, Democratic People's Republic of",1993,0,0,<NA>,<NA>,0,both,<NA>
je-campaign-default,"JE : JE,routine,with : default",JE,total,routine,PRK,"Korea, Democratic People's Republic of",1994,0,0,<NA>,<NA>,0,both,<NA>
je-campaign-default,"JE : JE,routine,with : default",JE,total,routine,PRK,"Korea, Democratic People's Republic of",1995,0,0,<NA>,<NA>,0,both,<NA>
je-campaign-default,"JE : JE,routine,with : default",JE,total,routine,PRK,"Korea, Democratic People's Republic of",1996,0,0,<NA>,<NA>,0,both,<NA>
je-campaign-default,"JE : JE,routine,with : default",JE,total,routine,PRK,"Korea, Democratic People's Republic of",1997,0,0,<NA>,<NA>,0,both,<NA>
je-campaign-default,"JE : JE,routine,with : default",JE,total,routine,PRK,"Korea, Democratic People's Republic of",1998,0,0,<NA>,<NA>,0,both,<NA>
je-campaign-default,"JE : JE,routine,with : default",JE,total,routine,PRK,"Korea, Democratic People's Republic of",1999,0,0,<NA>,<NA>,0,both,<NA>
je-campaign-default,"JE : JE,routine,with : default",JE,total,routine,PRK,"Korea, Democratic People's Republic of",2000,0,0,<NA>,<NA>,0,both,<NA>
je-campaign-default,"JE : JE,routine,with : default",JE,total,routine,PRK,"Korea, Democratic People's Republic of",2001,0,0,<NA>,<NA>,0,both,<NA>
je-campaign-default,"JE : JE,routine,with : default",JE,total,routine,PRK,"Korea, Democratic People's Republic of",2002,0,0,<NA>,<NA>,0,both,<NA>
je-campaign-default,"JE : JE,routine,with : default",JE,total,routine,PRK,"Korea, Democratic People's Republic of",2003,0,0,<NA>,<NA>,0,both,<NA>
je-campaign-default,"JE : JE,routine,with : default",JE,total,routine,PRK,"Korea, Democratic People's Republic of",2004,0,0,<NA>,<NA>,0,both,<NA>
je-campaign-default,"JE : JE,routine,with : default",JE,total,routine,PRK,"Korea, Democratic People's Republic of",2005,0,0,<NA>,<NA>,0,both,<NA>
je-campaign-default,"JE : JE,routine,with : default",JE,total,routine,PRK,"Korea, Democratic People's Republic of",2006,0,0,<NA>,<NA>,0,both,<NA>
je-campaign-default,"JE : JE,routine,with : default",JE,total,routine,PRK,"Korea, Democratic People's Republic of",2007,0,0,<NA>,<NA>,0,both,<NA>
je-campaign-default,"JE : JE,routine,with : default",JE,total,routine,PRK,"Korea, Democratic People's Republic of",2008,0,0,<NA>,<NA>,0,both,<NA>
je-campaign-default,"JE : JE,routine,with : default",JE,total,routine,PRK,"Korea, Democratic People's Republic of",2009,0,0,<NA>,<NA>,0,both,<NA>
je-campaign-default,"JE : JE,routine,with : default",JE,total,routine,PRK,"Korea, Democratic People's Republic of",2010,0,0,<NA>,<NA>,0,both,<NA>
je-campaign-default,"JE : JE,routine,with : default",JE,total,routine,PRK,"Korea, Democratic People's Republic of",2011,0,0,<NA>,<NA>,0,both,<NA>
je-campaign-default,"JE : JE,routine,with : default",JE,total,routine,PRK,"Korea, Democratic People's Republic of",2012,0,0,<NA>,<NA>,0,both,<NA>
je-campaign-default,"JE : JE,routine,with : default",JE,total,routine,PRK,"Korea, Democratic People's Republic of",2013,0,0,<NA>,<NA>,0,both,<NA>
je-campaign-default,"JE : JE,routine,with : default",JE,total,routine,PRK,"Korea, Democratic People's Republic of",2014,0,0,<NA>,<NA>,0,both,<NA>
je-campaign-default,"JE : JE,routine,with : default",JE,total,routine,PRK,"Korea, Democratic People's Republic of",2015,0,0,<NA>,<NA>,0,both,<NA>
je-campaign-default,"JE : JE,routine,with : default",JE,total,routine,PRK,"Korea, Democratic People's Republic of",2016,0,0,<NA>,<NA>,0,both,<NA>
je-campaign-default,"JE : JE,routine,with : default",JE,total,routine,PRK,"Korea, Democratic People's Republic of",2017,0,0,<NA>,<NA>,0,both,<NA>
je-campaign-default,"JE : JE,routine,with : default",JE,total,routine,PRK,"Korea, Democratic People's Republic of",2018,0,0,<NA>,<NA>,0,both,<NA>
je-campaign-default,"JE : JE,routine,with : default",JE,total,routine,PRK,"Korea, Democratic People's Republic of",2019,0,0,<NA>,<NA>,0,both,<NA>
je-campaign-default,"JE : JE,routine,with : default",JE,total,routine,PRK,"Korea, Democratic People's Republic of",2020,0,0,<NA>,<NA>,0,both,<NA>
je-campaign-default,"JE : JE,routine,with : default",JE,total,routine,PRK,"Korea, Democratic People's Republic of",2021,0,0,<NA>,<NA>,0,both,<NA>
je-campaign-default,"JE : JE,routine,with : default",JE,total,routine,PRK,"Korea, Democratic People's Republic of",2022,0,0,<NA>,<NA>,0,both,<NA>
je-campaign-default,"JE : JE,routine,with : default",JE,total,routine,PRK,"Korea, Democratic People's Republic of",2023,0,0,<NA>,<NA>,0.95638270258486579589,both,<NA>
je-campaign-default,"JE : JE,routine,with : default",JE,total,routine,PRK,"Korea, Democratic People's Republic of",2024,0,0,<NA>,<NA>,0.95058737584264707543,both,<NA>
je-campaign-default,"JE : JE,routine,with : default",JE,total,routine,PRK,"Korea, Democratic People's Republic of",2025,0,0,<NA>,<NA>,0.94402203779666926664,both,<NA>
je-campaign-default,"JE : JE,routine,with : default",JE,total,routine,PRK,"Korea, Democratic People's Republic of",2026,0,0,<NA>,<NA>,0.93658437887332413041,both,<NA>
je-campaign-default,"JE : JE,routine,with : default",JE,total,routine,PRK,"Korea, Democratic People's Republic of",2027,0,0,<NA>,<NA>,0.92815849586888299338,both,<NA>
je-campaign-default,"JE : JE,routine,with : default",JE,total,routine,PRK,"Korea, Democratic People's Republic of",2028,0,0,<NA>,<NA>,0.91861308579613942804,both,<NA>
je-campaign-default,"JE : JE,routine,with : default",JE,total,routine,PRK,"Korea, Democratic People's Republic of",2029,0,0,<NA>,<NA>,0.90779939975174372968,both,<NA>
je-campaign-default,"JE : JE,routine,with : default",JE,total,routine,PRK,"Korea, Democratic People's Republic of",2030,0,0,<NA>,<NA>,0.8955489249187492673,both,<NA>
je-campaign-default,"JE : JE,routine,with : default",JE,total,routine,PRK,"Korea, Democratic People's Republic of",2031,0,0,<NA>,<NA>,0.90554892491874927618,both,<NA>
je-campaign-default,"JE : JE,routine,with : default",JE,total,routine,PRK,"Korea, Democratic People's Republic of",2032,0,0,<NA>,<NA>,0.91554892491874928506,both,<NA>
je-campaign-default,"JE : JE,routine,with : default",JE,total,routine,PRK,"Korea, Democratic People's Republic of",2033,0,0,<NA>,<NA>,0.92554892491874929394,both,<NA>
je-campaign-default,"JE : JE,routine,with : default",JE,total,routine,PRK,"Korea, Democratic People's Republic of",2034,0,0,<NA>,<NA>,0.93554892491874930283,both,<NA>
je-campaign-default,"JE : JE,routine,with : default",JE,total,routine,PRK,"Korea, Democratic People's Republic of",2035,0,0,<NA>,<NA>,0.94554892491874931171,both,<NA>
je-campaign-default,"JE : JE,routine,with : default",JE,total,routine,PRK,"Korea, Democratic People's Republic of",2036,0,0,<NA>,<NA>,0.95554892491874920957,both,<NA>
je-campaign-default,"JE : JE,routine,with : default",JE,total,routine,PRK,"Korea, Democratic People's Republic of",2037,0,0,<NA>,<NA>,0.95638270258486579589,both,<NA>
je-campaign-default,"JE : JE,routine,with : default",JE,total,routine,PRK,"Korea, Democratic People's Republic of",2038,0,0,<NA>,<NA>,0.95638270258486579589,both,<NA>
je-campaign-default,"JE : JE,routine,with : default",JE,total,routine,PRK,"Korea, Democratic People's Republic of",2039,0,0,<NA>,<NA>,0.95638270258486579589,both,<NA>
je-campaign-default,"JE : JE,routine,with : default",JE,total,routine,PRK,"Korea, Democratic People's Republic of",2040,0,0,<NA>,<NA>,0.95638270258486579589,both,<NA>
je-campaign-default,"JE : JE,routine,with : default",JE,total,routine,PRK,"Korea, Democratic People's Republic of",2041,0,0,<NA>,<NA>,0.95638270258486579589,both,<NA>
je-campaign-default,"JE : JE,routine,with : default",JE,total,routine,PRK,"Korea, Democratic People's Republic of",2042,0,0,<NA>,<NA>,0.95638270258486579589,both,<NA>
je-campaign-default,"JE : JE,routine,with : default",JE,total,routine,PRK,"Korea, Democratic People's Republic of",2043,0,0,<NA>,<NA>,0.95638270258486579589,both,<NA>
je-campaign-default,"JE : JE,routine,with : default",JE,total,routine,PRK,"Korea, Democratic People's Republic of",2044,0,0,<NA>,<NA>,0.95638270258486579589,both,<NA>
je-campaign-default,"JE : JE,routine,with : default",JE,total,routine,PRK,"Korea, Democratic People's Republic of",2045,0,0,<NA>,<NA>,0.95638270258486579589,both,<NA>
je-campaign-default,"JE : JE,routine,with : default",JE,total,routine,PRK,"Korea, Democratic People's Republic of",2046,0,0,<NA>,<NA>,0.95638270258486579589,both,<NA>
je-campaign-default,"JE : JE,routine,with : default",JE,total,routine,PRK,"Korea, Democratic People's Republic of",2047,0,0,<NA>,<NA>,0.95638270258486579589,both,<NA>
je-campaign-default,"JE : JE,routine,with : default",JE,total,routine,PRK,"Korea, Democratic People's Republic of",2048,0,0,<NA>,<NA>,0.95638270258486579589,both,<NA>
je-campaign-default,"JE : JE,routine,with : default",JE,total,routine,PRK,"Korea, Democratic People's Republic of",2049,0,0,<NA>,<NA>,0.95638270258486579589,both,<NA>
je-campaign-default,"JE : JE,routine,with : default",JE,total,routine,PRK,"Korea, Democratic People's Republic of",2050,0,0,<NA>,<NA>,0.95638270258486579589,both,<NA>
je-campaign-default,"JE : JE,routine,with : default",JE,total,routine,PRK,"Korea, Democratic People's Republic of",2051,0,0,<NA>,<NA>,0.95638270258486579589,both,<NA>
je-campaign-default,"JE : JE,routine,with : default",JE,total,routine,PRK,"Korea, Democratic People's Republic of",2052,0,0,<NA>,<NA>,0.95638270258486579589,both,<NA>
je-campaign-default,"JE : JE,routine,with : default",JE,total,routine,PRK,"Korea, Democratic People's Republic of",2053,0,0,<NA>,<NA>,0.95638270258486579589,both,<NA>
je-campaign-default,"JE : JE,routine,with : default",JE,total,routine,PRK,"Korea, Democratic People's Republic of",2054,0,0,<NA>,<NA>,0.95638270258486579589,both,<NA>
je-campaign-default,"JE : JE,routine,with : default",JE,total,routine,PRK,"Korea, Democratic People's Republic of",2055,0,0,<NA>,<NA>,0.95638270258486579589,both,<NA>
je-campaign-default,"JE : JE,routine,with : default",JE,total,routine,PRK,"Korea, Democratic People's Republic of",2056,0,0,<NA>,<NA>,0.95638270258486579589,both,<NA>
je-campaign-default,"JE : JE,routine,with : default",JE,total,routine,PRK,"Korea, Democratic People's Republic of",2057,0,0,<NA>,<NA>,0.95638270258486579589,both,<NA>
je-campaign-default,"JE : JE,routine,with : default",JE,total,routine,PRK,"Korea, Democratic People's Republic of",2058,0,0,<NA>,<NA>,0.95638270258486579589,both,<NA>
je-campaign-default,"JE : JE,routine,with : default",JE,total,routine,PRK,"Korea, Democratic People's Republic of",2059,0,0,<NA>,<NA>,0.95638270258486579589,both,<NA>
je-campaign-default,"JE : JE,routine,with : default",JE,total,routine,PRK,"Korea, Democratic People's Republic of",2060,0,0,<NA>,<NA>,0.95638270258486579589,both,<NA>
je-campaign-default,"JE : JE,routine,with : default",JE,total,routine,PRK,"Korea, Democratic People's Republic of",2061,0,0,<NA>,<NA>,0.95638270258486579589,both,<NA>
je-campaign-default,"JE : JE,routine,with : default",JE,total,routine,PRK,"Korea, Democratic People's Republic of",2062,0,0,<NA>,<NA>,0.95638270258486579589,both,<NA>
je-campaign-default,"JE : JE,routine,with : default",JE,total,routine,PRK,"Korea, Democratic People's Republic of",2063,0,0,<NA>,<NA>,0.95638270258486579589,both,<NA>
je-campaign-default,"JE : JE,routine,with : default",JE,total,routine,PRK,"Korea, Democratic People's Republic of",2064,0,0,<NA>,<NA>,0.95638270258486579589,both,<NA>
je-campaign-default,"JE : JE,routine,with : default",JE,total,routine,PRK,"Korea, Democratic People's Republic of",2065,0,0,<NA>,<NA>,0.95638270258486579589,both,<NA>
je-campaign-default,"JE : JE,routine,with : default",JE,total,routine,PRK,"Korea, Democratic People's Republic of",2066,0,0,<NA>,<NA>,0.95638270258486579589,both,<NA>
je-campaign-default,"JE : JE,routine,with : default",JE,total,routine,PRK,"Korea, Democratic People's Republic of",2067,0,0,<NA>,<NA>,0.95638270258486579589,both,<NA>
je-campaign-default,"JE : JE,routine,with : default",JE,total,routine,PRK,"Korea, Democratic People's Republic of",2068,0,0,<NA>,<NA>,0.95638270258486579589,both,<NA>
je-campaign-default,"JE : JE,routine,with : default",JE,total,routine,PRK,"Korea, Democratic People's Republic of",2069,0,0,<NA>,<NA>,0.95638270258486579589,both,<NA>
je-campaign-default,"JE : JE,routine,with : default",JE,total,routine,PRK,"Korea, Democratic People's Republic of",2070,0,0,<NA>,<NA>,0.95638270258486579589,both,<NA>
je-campaign-default,"JE : JE,routine,with : default",JE,total,routine,PRK,"Korea, Democratic People's Republic of",2071,0,0,<NA>,<NA>,0.95638270258486579589,both,<NA>
je-campaign-default,"JE : JE,routine,with : default",JE,total,routine,PRK,"Korea, Democratic People's Republic of",2072,0,0,<NA>,<NA>,0.95638270258486579589,both,<NA>
je-campaign-default,"JE : JE,routine,with : default",JE,total,routine,PRK,"Korea, Democratic People's Republic of",2073,0,0,<NA>,<NA>,0.95638270258486579589,both,<NA>
je-campaign-default,"JE : JE,routine,with : default",JE,total,routine,PRK,"Korea, Democratic People's Republic of",2074,0,0,<NA>,<NA>,0.95638270258486579589,both,<NA>
je-campaign-default,"JE : JE,routine,with : default",JE,total,routine,PRK,"Korea, Democratic People's Republic of",2075,0,0,<NA>,<NA>,0.95638270258486579589,both,<NA>
je-campaign-default,"JE : JE,routine,with : default",JE,total,routine,PRK,"Korea, Democratic People's Republic of",2076,0,0,<NA>,<NA>,0.95638270258486579589,both,<NA>
je-campaign-default,"JE : JE,routine,with : default",JE,total,routine,PRK,"Korea, Democratic People's Republic of",2077,0,0,<NA>,<NA>,0.95638270258486579589,both,<NA>
je-campaign-default,"JE : JE,routine,with : default",JE,total,routine,PRK,"Korea, Democratic People's Republic of",2078,0,0,<NA>,<NA>,0.95638270258486579589,both,<NA>
je-campaign-default,"JE : JE,routine,with : default",JE,total,routine,PRK,"Korea, Democratic People's Republic of",2079,0,0,<NA>,<NA>,0.95638270258486579589,both,<NA>
je-campaign-default,"JE : JE,routine,with : default",JE,total,routine,PRK,"Korea, Democratic People's Republic of",2080,0,0,<NA>,<NA>,0.95638270258486579589,both,<NA>
je-campaign-default,"JE : JE,routine,with : default",JE,total,routine,PRK,"Korea, Democratic People's Republic of",2081,0,0,<NA>,<NA>,0.95638270258486579589,both,<NA>
je-campaign-default,"JE : JE,routine,with : default",JE,total,routine,PRK,"Korea, Democratic People's Republic of",2082,0,0,<NA>,<NA>,0.95638270258486579589,both,<NA>
je-campaign-default,"JE : JE,routine,with : default",JE,total,routine,PRK,"Korea, Democratic People's Republic of",2083,0,0,<NA>,<NA>,0.95638270258486579589,both,<NA>
je-campaign-default,"JE : JE,routine,with : default",JE,total,routine,PRK,"Korea, Democratic People's Republic of",2084,0,0,<NA>,<NA>,0.95638270258486579589,both,<NA>
je-campaign-default,"JE : JE,routine,with : default",JE,total,routine,PRK,"Korea, Democratic People's Republic of",2085,0,0,<NA>,<NA>,0.95638270258486579589,both,<NA>
je-campaign-default,"JE : JE,routine,with : default",JE,total,routine,PRK,"Korea, Democratic People's Republic of",2086,0,0,<NA>,<NA>,0.95638270258486579589,both,<NA>
je-campaign-default,"JE : JE,routine,with : default",JE,total,routine,PRK,"Korea, Democratic People's Republic of",2087,0,0,<NA>,<NA>,0.95638270258486579589,both,<NA>
je-campaign-default,"JE : JE,routine,with : default",JE,total,routine,PRK,"Korea, Democratic People's Republic of",2088,0,0,<NA>,<NA>,0.95638270258486579589,both,<NA>
je-campaign-default,"JE : JE,routine,with : default",JE,total,routine,PRK,"Korea, Democratic People's Republic of",2089,0,0,<NA>,<NA>,0.95638270258486579589,both,<NA>
je-campaign-default,"JE : JE,routine,with : default",JE,total,routine,PRK,"Korea, Democratic People's Republic of",2090,0,0,<NA>,<NA>,0.95638270258486579589,both,<NA>
je-campaign-default,"JE : JE,routine,with : default",JE,total,routine,PRK,"Korea, Democratic People's Republic of",2091,0,0,<NA>,<NA>,0.95638270258486579589,both,<NA>
je-campaign-default,"JE : JE,routine,with : default",JE,total,routine,PRK,"Korea, Democratic People's Republic of",2092,0,0,<NA>,<NA>,0.95638270258486579589,both,<NA>
je-campaign-default,"JE : JE,routine,with : default",JE,total,routine,PRK,"Korea, Democratic People's Republic of",2093,0,0,<NA>,<NA>,0.95638270258486579589,both,<NA>
je-campaign-default,"JE : JE,routine,with : default",JE,total,routine,PRK,"Korea, Democratic People's Republic of",2094,0,0,<NA>,<NA>,0.95638270258486579589,both,<NA>
je-campaign-default,"JE : JE,routine,with : default",JE,total,routine,PRK,"Korea, Democratic People's Republic of",2095,0,0,<NA>,<NA>,0.95638270258486579589,both,<NA>
je-campaign-default,"JE : JE,routine,with : default",JE,total,routine,PRK,"Korea, Democratic People's Republic of",2096,0,0,<NA>,<NA>,0.95638270258486579589,both,<NA>
je-campaign-default,"JE : JE,routine,with : default",JE,total,routine,PRK,"Korea, Democratic People's Republic of",2097,0,0,<NA>,<NA>,0.95638270258486579589,both,<NA>
je-campaign-default,"JE : JE,routine,with : default",JE,total,routine,PRK,"Korea, Democratic People's Republic of",2098,0,0,<NA>,<NA>,0.95638270258486579589,both,<NA>
je-campaign-default,"JE : JE,routine,with : default",JE,total,routine,PRK,"Korea, Democratic People's Republic of",2099,0,0,<NA>,<NA>,0.95638270258486579589,both,<NA>
je-campaign-default,"JE : JE,routine,with : default",JE,total,routine,PRK,"Korea, Democratic People's Republic of",2100,0,0,<NA>,<NA>,0.95638270258486579589,both,<NA>
je-campaign-default,"JE : JE,routine,with : default",JE,total,routine,THA,Thailand,1980,0,0,<NA>,<NA>,0,both,<NA>
je-campaign-default,"JE : JE,routine,with : default",JE,total,routine,THA,Thailand,1981,0,0,<NA>,<NA>,0,both,<NA>
je-campaign-default,"JE : JE,routine,with : default",JE,total,routine,THA,Thailand,1982,0,0,<NA>,<NA>,0,both,<NA>
je-campaign-default,"JE : JE,routine,with : default",JE,total,routine,THA,Thailand,1983,0,0,<NA>,<NA>,0,both,<NA>
je-campaign-default,"JE : JE,routine,with : default",JE,total,routine,THA,Thailand,1984,0,0,<NA>,<NA>,0,both,<NA>
je-campaign-default,"JE : JE,routine,with : default",JE,total,routine,THA,Thailand,1985,0,0,<NA>,<NA>,0,both,<NA>
je-campaign-default,"JE : JE,routine,with : default",JE,total,routine,THA,Thailand,1986,0,0,<NA>,<NA>,0,both,<NA>
je-campaign-default,"JE : JE,routine,with : default",JE,total,routine,THA,Thailand,1987,0,0,<NA>,<NA>,0,both,<NA>
je-campaign-default,"JE : JE,routine,with : default",JE,total,routine,THA,Thailand,1988,0,0,<NA>,<NA>,0,both,<NA>
je-campaign-default,"JE : JE,routine,with : default",JE,total,routine,THA,Thailand,1989,0,0,<NA>,<NA>,0,both,<NA>
je-campaign-default,"JE : JE,routine,with : default",JE,total,routine,THA,Thailand,1990,0,0,<NA>,<NA>,0,both,<NA>
je-campaign-default,"JE : JE,routine,with : default",JE,total,routine,THA,Thailand,1991,0,0,<NA>,<NA>,0,both,<NA>
je-campaign-default,"JE : JE,routine,with : default",JE,total,routine,THA,Thailand,1992,0,0,<NA>,<NA>,0,both,<NA>
je-campaign-default,"JE : JE,routine,with : default",JE,total,routine,THA,Thailand,1993,0,0,<NA>,<NA>,0,both,<NA>
je-campaign-default,"JE : JE,routine,with : default",JE,total,routine,THA,Thailand,1994,0,0,<NA>,<NA>,0,both,<NA>
je-campaign-default,"JE : JE,routine,with : default",JE,total,routine,THA,Thailand,1995,0,0,<NA>,<NA>,0,both,<NA>
je-campaign-default,"JE : JE,routine,with : default",JE,total,routine,THA,Thailand,1996,0,0,<NA>,<NA>,0,both,<NA>
je-campaign-default,"JE : JE,routine,with : default",JE,total,routine,THA,Thailand,1997,0,0,<NA>,<NA>,0,both,<NA>
je-campaign-default,"JE : JE,routine,with : default",JE,total,routine,THA,Thailand,1998,0,0,<NA>,<NA>,0,both,<NA>
je-campaign-default,"JE : JE,routine,with : default",JE,total,routine,THA,Thailand,1999,0,0,<NA>,<NA>,0,both,<NA>
je-campaign-default,"JE : JE,routine,with : default",JE,total,routine,THA,Thailand,2000,0,0,<NA>,<NA>,0,both,<NA>
je-campaign-default,"JE : JE,routine,with : default",JE,total,routine,THA,Thailand,2001,0,0,<NA>,<NA>,0,both,<NA>
je-campaign-default,"JE : JE,routine,with : default",JE,total,routine,THA,Thailand,2002,0,0,<NA>,<NA>,0,both,<NA>
je-campaign-default,"JE : JE,routine,with : default",JE,total,routine,THA,Thailand,2003,0,0,<NA>,<NA>,0,both,<NA>
je-campaign-default,"JE : JE,routine,with : default",JE,total,routine,THA,Thailand,2004,0,0,<NA>,<NA>,0,both,<NA>
je-campaign-default,"JE : JE,routine,with : default",JE,total,routine,THA,Thailand,2005,0,0,<NA>,<NA>,0,both,<NA>
je-campaign-default,"JE : JE,routine,with : default",JE,total,routine,THA,Thailand,2006,0,0,<NA>,<NA>,0,both,<NA>
je-campaign-default,"JE : JE,routine,with : default",JE,total,routine,THA,Thailand,2007,0,0,<NA>,<NA>,0,both,<NA>
je-campaign-default,"JE : JE,routine,with : default",JE,total,routine,THA,Thailand,2008,0,0,<NA>,<NA>,0,both,<NA>
je-campaign-default,"JE : JE,routine,with : default",JE,total,routine,THA,Thailand,2009,0,0,<NA>,<NA>,0,both,<NA>
je-campaign-default,"JE : JE,routine,with : default",JE,total,routine,THA,Thailand,2010,0,0,<NA>,<NA>,0,both,<NA>
je-campaign-default,"JE : JE,routine,with : default",JE,total,routine,THA,Thailand,2011,0,0,<NA>,<NA>,0,both,<NA>
je-campaign-default,"JE : JE,routine,with : default",JE,total,routine,THA,Thailand,2012,0,0,<NA>,<NA>,0,both,<NA>
je-campaign-default,"JE : JE,routine,with : default",JE,total,routine,THA,Thailand,2013,0,0,<NA>,<NA>,0,both,<NA>
je-campaign-default,"JE : JE,routine,with : default",JE,total,routine,THA,Thailand,2014,0,0,<NA>,<NA>,0,both,<NA>
je-campaign-default,"JE : JE,routine,with : default",JE,total,routine,THA,Thailand,2015,0,0,<NA>,<NA>,0,both,<NA>
je-campaign-default,"JE : JE,routine,with : default",JE,total,routine,THA,Thailand,2016,0,0,<NA>,<NA>,0.83999999999999996891,both,<NA>
je-campaign-default,"JE : JE,routine,with : default",JE,total,routine,THA,Thailand,2017,0,0,<NA>,<NA>,0.95999999999999996447,both,<NA>
je-campaign-default,"JE : JE,routine,with : default",JE,total,routine,THA,Thailand,2018,0,0,<NA>,<NA>,0.8499999999999999778,both,<NA>
je-campaign-default,"JE : JE,routine,with : default",JE,total,routine,THA,Thailand,2019,0,0,<NA>,<NA>,0.89000000000000001332,both,<NA>
je-campaign-default,"JE : JE,routine,with : default",JE,total,routine,THA,Thailand,2020,0,0,<NA>,<NA>,0.71200000000000007727,both,<NA>
je-campaign-default,"JE : JE,routine,with : default",JE,total,routine,THA,Thailand,2021,0,0,<NA>,<NA>,0.8010000000000000453,both,<NA>
je-campaign-default,"JE : JE,routine,with : default",JE,total,routine,THA,Thailand,2022,0,0,<NA>,<NA>,0.89000000000000001332,both,<NA>
je-campaign-default,"JE : JE,routine,with : default",JE,total,routine,THA,Thailand,2023,0,0,<NA>,<NA>,0.89925462810481826548,both,<NA>
je-campaign-default,"JE : JE,routine,with : default",JE,total,routine,THA,Thailand,2024,0,0,<NA>,<NA>,0.90773063674274123702,both,<NA>
je-campaign-default,"JE : JE,routine,with : default",JE,total,routine,THA,Thailand,2025,0,0,<NA>,<NA>,0.9154935334919622747,both,<NA>
je-campaign-default,"JE : JE,routine,with : default",JE,total,routine,THA,Thailand,2026,0,0,<NA>,<NA>,0.92260331458272748506,both,<NA>
je-campaign-default,"JE : JE,routine,with : default",JE,total,routine,THA,Thailand,2027,0,0,<NA>,<NA>,0.92911492858347721757,both,<NA>
je-campaign-default,"JE : JE,routine,with : default",JE,total,routine,THA,Thailand,2028,0,0,<NA>,<NA>,0.93507870107568991092,both,<NA>
je-campaign-default,"JE : JE,routine,with : default",JE,total,routine,THA,Thailand,2029,0,0,<NA>,<NA>,0.94054072359956475413,both,<NA>
je-campaign-default,"JE : JE,routine,with : default",JE,total,routine,THA,Thailand,2030,0,0,<NA>,<NA>,0.94554320987654316699,both,<NA>
je-campaign-default,"JE : JE,routine,with : default",JE,total,routine,THA,Thailand,2031,0,0,<NA>,<NA>,0.95554320987654317587,both,<NA>
je-campaign-default,"JE : JE,routine,with : default",JE,total,routine,THA,Thailand,2032,0,0,<NA>,<NA>,0.95999999999999996447,both,<NA>
je-campaign-default,"JE : JE,routine,with : default",JE,total,routine,THA,Thailand,2033,0,0,<NA>,<NA>,0.95999999999999996447,both,<NA>
je-campaign-default,"JE : JE,routine,with : default",JE,total,routine,THA,Thailand,2034,0,0,<NA>,<NA>,0.95999999999999996447,both,<NA>
je-campaign-default,"JE : JE,routine,with : default",JE,total,routine,THA,Thailand,2035,0,0,<NA>,<NA>,0.95999999999999996447,both,<NA>
je-campaign-default,"JE : JE,routine,with : default",JE,total,routine,THA,Thailand,2036,0,0,<NA>,<NA>,0.95999999999999996447,both,<NA>
je-campaign-default,"JE : JE,routine,with : default",JE,total,routine,THA,Thailand,2037,0,0,<NA>,<NA>,0.95999999999999996447,both,<NA>
je-campaign-default,"JE : JE,routine,with : default",JE,total,routine,THA,Thailand,2038,0,0,<NA>,<NA>,0.95999999999999996447,both,<NA>
je-campaign-default,"JE : JE,routine,with : default",JE,total,routine,THA,Thailand,2039,0,0,<NA>,<NA>,0.95999999999999996447,both,<NA>
je-campaign-default,"JE : JE,routine,with : default",JE,total,routine,THA,Thailand,2040,0,0,<NA>,<NA>,0.95999999999999996447,both,<NA>
je-campaign-default,"JE : JE,routine,with : default",JE,total,routine,THA,Thailand,2041,0,0,<NA>,<NA>,0.95999999999999996447,both,<NA>
je-campaign-default,"JE : JE,routine,with : default",JE,total,routine,THA,Thailand,2042,0,0,<NA>,<NA>,0.95999999999999996447,both,<NA>
je-campaign-default,"JE : JE,routine,with : default",JE,total,routine,THA,Thailand,2043,0,0,<NA>,<NA>,0.95999999999999996447,both,<NA>
je-campaign-default,"JE : JE,routine,with : default",JE,total,routine,THA,Thailand,2044,0,0,<NA>,<NA>,0.95999999999999996447,both,<NA>
je-campaign-default,"JE : JE,routine,with : default",JE,total,routine,THA,Thailand,2045,0,0,<NA>,<NA>,0.95999999999999996447,both,<NA>
je-campaign-default,"JE : JE,routine,with : default",JE,total,routine,THA,Thailand,2046,0,0,<NA>,<NA>,0.95999999999999996447,both,<NA>
je-campaign-default,"JE : JE,routine,with : default",JE,total,routine,THA,Thailand,2047,0,0,<NA>,<NA>,0.95999999999999996447,both,<NA>
je-campaign-default,"JE : JE,routine,with : default",JE,total,routine,THA,Thailand,2048,0,0,<NA>,<NA>,0.95999999999999996447,both,<NA>
je-campaign-default,"JE : JE,routine,with : default",JE,total,routine,THA,Thailand,2049,0,0,<NA>,<NA>,0.95999999999999996447,both,<NA>
je-campaign-default,"JE : JE,routine,with : default",JE,total,routine,THA,Thailand,2050,0,0,<NA>,<NA>,0.95999999999999996447,both,<NA>
je-campaign-default,"JE : JE,routine,with : default",JE,total,routine,THA,Thailand,2051,0,0,<NA>,<NA>,0.95999999999999996447,both,<NA>
je-campaign-default,"JE : JE,routine,with : default",JE,total,routine,THA,Thailand,2052,0,0,<NA>,<NA>,0.95999999999999996447,both,<NA>
je-campaign-default,"JE : JE,routine,with : default",JE,total,routine,THA,Thailand,2053,0,0,<NA>,<NA>,0.95999999999999996447,both,<NA>
je-campaign-default,"JE : JE,routine,with : default",JE,total,routine,THA,Thailand,2054,0,0,<NA>,<NA>,0.95999999999999996447,both,<NA>
je-campaign-default,"JE : JE,routine,with : default",JE,total,routine,THA,Thailand,2055,0,0,<NA>,<NA>,0.95999999999999996447,both,<NA>
je-campaign-default,"JE : JE,routine,with : default",JE,total,routine,THA,Thailand,2056,0,0,<NA>,<NA>,0.95999999999999996447,both,<NA>
je-campaign-default,"JE : JE,routine,with : default",JE,total,routine,THA,Thailand,2057,0,0,<NA>,<NA>,0.95999999999999996447,both,<NA>
je-campaign-default,"JE : JE,routine,with : default",JE,total,routine,THA,Thailand,2058,0,0,<NA>,<NA>,0.95999999999999996447,both,<NA>
je-campaign-default,"JE : JE,routine,with : default",JE,total,routine,THA,Thailand,2059,0,0,<NA>,<NA>,0.95999999999999996447,both,<NA>
je-campaign-default,"JE : JE,routine,with : default",JE,total,routine,THA,Thailand,2060,0,0,<NA>,<NA>,0.95999999999999996447,both,<NA>
je-campaign-default,"JE : JE,routine,with : default",JE,total,routine,THA,Thailand,2061,0,0,<NA>,<NA>,0.95999999999999996447,both,<NA>
je-campaign-default,"JE : JE,routine,with : default",JE,total,routine,THA,Thailand,2062,0,0,<NA>,<NA>,0.95999999999999996447,both,<NA>
je-campaign-default,"JE : JE,routine,with : default",JE,total,routine,THA,Thailand,2063,0,0,<NA>,<NA>,0.95999999999999996447,both,<NA>
je-campaign-default,"JE : JE,routine,with : default",JE,total,routine,THA,Thailand,2064,0,0,<NA>,<NA>,0.95999999999999996447,both,<NA>
je-campaign-default,"JE : JE,routine,with : default",JE,total,routine,THA,Thailand,2065,0,0,<NA>,<NA>,0.95999999999999996447,both,<NA>
je-campaign-default,"JE : JE,routine,with : default",JE,total,routine,THA,Thailand,2066,0,0,<NA>,<NA>,0.95999999999999996447,both,<NA>
je-campaign-default,"JE : JE,routine,with : default",JE,total,routine,THA,Thailand,2067,0,0,<NA>,<NA>,0.95999999999999996447,both,<NA>
je-campaign-default,"JE : JE,routine,with : default",JE,total,routine,THA,Thailand,2068,0,0,<NA>,<NA>,0.95999999999999996447,both,<NA>
je-campaign-default,"JE : JE,routine,with : default",JE,total,routine,THA,Thailand,2069,0,0,<NA>,<NA>,0.95999999999999996447,both,<NA>
je-campaign-default,"JE : JE,routine,with : default",JE,total,routine,THA,Thailand,2070,0,0,<NA>,<NA>,0.95999999999999996447,both,<NA>
je-campaign-default,"JE : JE,routine,with : default",JE,total,routine,THA,Thailand,2071,0,0,<NA>,<NA>,0.95999999999999996447,both,<NA>
je-campaign-default,"JE : JE,routine,with : default",JE,total,routine,THA,Thailand,2072,0,0,<NA>,<NA>,0.95999999999999996447,both,<NA>
je-campaign-default,"JE : JE,routine,with : default",JE,total,routine,THA,Thailand,2073,0,0,<NA>,<NA>,0.95999999999999996447,both,<NA>
je-campaign-default,"JE : JE,routine,with : default",JE,total,routine,THA,Thailand,2074,0,0,<NA>,<NA>,0.95999999999999996447,both,<NA>
je-campaign-default,"JE : JE,routine,with : default",JE,total,routine,THA,Thailand,2075,0,0,<NA>,<NA>,0.95999999999999996447,both,<NA>
je-campaign-default,"JE : JE,routine,with : default",JE,total,routine,THA,Thailand,2076,0,0,<NA>,<NA>,0.95999999999999996447,both,<NA>
je-campaign-default,"JE : JE,routine,with : default",JE,total,routine,THA,Thailand,2077,0,0,<NA>,<NA>,0.95999999999999996447,both,<NA>
je-campaign-default,"JE : JE,routine,with : default",JE,total,routine,THA,Thailand,2078,0,0,<NA>,<NA>,0.95999999999999996447,both,<NA>
je-campaign-default,"JE : JE,routine,with : default",JE,total,routine,THA,Thailand,2079,0,0,<NA>,<NA>,0.95999999999999996447,both,<NA>
je-campaign-default,"JE : JE,routine,with : default",JE,total,routine,THA,Thailand,2080,0,0,<NA>,<NA>,0.95999999999999996447,both,<NA>
je-campaign-default,"JE : JE,routine,with : default",JE,total,routine,THA,Thailand,2081,0,0,<NA>,<NA>,0.95999999999999996447,both,<NA>
je-campaign-default,"JE : JE,routine,with : default",JE,total,routine,THA,Thailand,2082,0,0,<NA>,<NA>,0.95999999999999996447,both,<NA>
je-campaign-default,"JE : JE,routine,with : default",JE,total,routine,THA,Thailand,2083,0,0,<NA>,<NA>,0.95999999999999996447,both,<NA>
je-campaign-default,"JE : JE,routine,with : default",JE,total,routine,THA,Thailand,2084,0,0,<NA>,<NA>,0.95999999999999996447,both,<NA>
je-campaign-default,"JE : JE,routine,with : default",JE,total,routine,THA,Thailand,2085,0,0,<NA>,<NA>,0.95999999999999996447,both,<NA>
je-campaign-default,"JE : JE,routine,with : default",JE,total,routine,THA,Thailand,2086,0,0,<NA>,<NA>,0.95999999999999996447,both,<NA>
je-campaign-default,"JE : JE,routine,with : default",JE,total,routine,THA,Thailand,2087,0,0,<NA>,<NA>,0.95999999999999996447,both,<NA>
je-campaign-default,"JE : JE,routine,with : default",JE,total,routine,THA,Thailand,2088,0,0,<NA>,<NA>,0.95999999999999996447,both,<NA>
je-campaign-default,"JE : JE,routine,with : default",JE,total,routine,THA,Thailand,2089,0,0,<NA>,<NA>,0.95999999999999996447,both,<NA>
je-campaign-default,"JE : JE,routine,with : default",JE,total,routine,THA,Thailand,2090,0,0,<NA>,<NA>,0.95999999999999996447,both,<NA>
je-campaign-default,"JE : JE,routine,with : default",JE,total,routine,THA,Thailand,2091,0,0,<NA>,<NA>,0.95999999999999996447,both,<NA>
je-campaign-default,"JE : JE,routine,with : default",JE,total,routine,THA,Thailand,2092,0,0,<NA>,<NA>,0.95999999999999996447,both,<NA>
je-campaign-default,"JE : JE,routine,with : default",JE,total,routine,THA,Thailand,2093,0,0,<NA>,<NA>,0.95999999999999996447,both,<NA>
je-campaign-default,"JE : JE,routine,with : default",JE,total,routine,THA,Thailand,2094,0,0,<NA>,<NA>,0.95999999999999996447,both,<NA>
je-campaign-default,"JE : JE,routine,with : default",JE,total,routine,THA,Thailand,2095,0,0,<NA>,<NA>,0.95999999999999996447,both,<NA>
je-campaign-default,"JE : JE,routine,with : default",JE,total,routine,THA,Thailand,2096,0,0,<NA>,<NA>,0.95999999999999996447,both,<NA>
je-campaign-default,"JE : JE,routine,with : default",JE,total,routine,THA,Thailand,2097,0,0,<NA>,<NA>,0.95999999999999996447,both,<NA>
je-campaign-default,"JE : JE,routine,with : default",JE,total,routine,THA,Thailand,2098,0,0,<NA>,<NA>,0.95999999999999996447,both,<NA>
je-campaign-default,"JE : JE,routine,with : default",JE,total,routine,THA,Thailand,2099,0,0,<NA>,<NA>,0.95999999999999996447,both,<NA>
je-campaign-default,"JE : JE,routine,with : default",JE,total,routine,THA,Thailand,2100,0,0,<NA>,<NA>,0.95999999999999996447,both,<NA>
je-campaign-default,"JE : JE,routine,with : default",JE,total,routine,TLS,Timor-Leste,1980,0,0,<NA>,<NA>,0,both,<NA>
je-campaign-default,"JE : JE,routine,with : default",JE,total,routine,TLS,Timor-Leste,1981,0,0,<NA>,<NA>,0,both,<NA>
je-campaign-default,"JE : JE,routine,with : default",JE,total,routine,TLS,Timor-Leste,1982,0,0,<NA>,<NA>,0,both,<NA>
je-campaign-default,"JE : JE,routine,with : default",JE,total,routine,TLS,Timor-Leste,1983,0,0,<NA>,<NA>,0,both,<NA>
je-campaign-default,"JE : JE,routine,with : default",JE,total,routine,TLS,Timor-Leste,1984,0,0,<NA>,<NA>,0,both,<NA>
je-campaign-default,"JE : JE,routine,with : default",JE,total,routine,TLS,Timor-Leste,1985,0,0,<NA>,<NA>,0,both,<NA>
je-campaign-default,"JE : JE,routine,with : default",JE,total,routine,TLS,Timor-Leste,1986,0,0,<NA>,<NA>,0,both,<NA>
je-campaign-default,"JE : JE,routine,with : default",JE,total,routine,TLS,Timor-Leste,1987,0,0,<NA>,<NA>,0,both,<NA>
je-campaign-default,"JE : JE,routine,with : default",JE,total,routine,TLS,Timor-Leste,1988,0,0,<NA>,<NA>,0,both,<NA>
je-campaign-default,"JE : JE,routine,with : default",JE,total,routine,TLS,Timor-Leste,1989,0,0,<NA>,<NA>,0,both,<NA>
je-campaign-default,"JE : JE,routine,with : default",JE,total,routine,TLS,Timor-Leste,1990,0,0,<NA>,<NA>,0,both,<NA>
je-campaign-default,"JE : JE,routine,with : default",JE,total,routine,TLS,Timor-Leste,1991,0,0,<NA>,<NA>,0,both,<NA>
je-campaign-default,"JE : JE,routine,with : default",JE,total,routine,TLS,Timor-Leste,1992,0,0,<NA>,<NA>,0,both,<NA>
je-campaign-default,"JE : JE,routine,with : default",JE,total,routine,TLS,Timor-Leste,1993,0,0,<NA>,<NA>,0,both,<NA>
je-campaign-default,"JE : JE,routine,with : default",JE,total,routine,TLS,Timor-Leste,1994,0,0,<NA>,<NA>,0,both,<NA>
je-campaign-default,"JE : JE,routine,with : default",JE,total,routine,TLS,Timor-Leste,1995,0,0,<NA>,<NA>,0,both,<NA>
je-campaign-default,"JE : JE,routine,with : default",JE,total,routine,TLS,Timor-Leste,1996,0,0,<NA>,<NA>,0,both,<NA>
je-campaign-default,"JE : JE,routine,with : default",JE,total,routine,TLS,Timor-Leste,1997,0,0,<NA>,<NA>,0,both,<NA>
je-campaign-default,"JE : JE,routine,with : default",JE,total,routine,TLS,Timor-Leste,1998,0,0,<NA>,<NA>,0,both,<NA>
je-campaign-default,"JE : JE,routine,with : default",JE,total,routine,TLS,Timor-Leste,1999,0,0,<NA>,<NA>,0,both,<NA>
je-campaign-default,"JE : JE,routine,with : default",JE,total,routine,TLS,Timor-Leste,2000,0,0,<NA>,<NA>,0,both,<NA>
je-campaign-default,"JE : JE,routine,with : default",JE,total,routine,TLS,Timor-Leste,2001,0,0,<NA>,<NA>,0,both,<NA>
je-campaign-default,"JE : JE,routine,with : default",JE,total,routine,TLS,Timor-Leste,2002,0,0,<NA>,<NA>,0,both,<NA>
je-campaign-default,"JE : JE,routine,with : default",JE,total,routine,TLS,Timor-Leste,2003,0,0,<NA>,<NA>,0,both,<NA>
je-campaign-default,"JE : JE,routine,with : default",JE,total,routine,TLS,Timor-Leste,2004,0,0,<NA>,<NA>,0,both,<NA>
je-campaign-default,"JE : JE,routine,with : default",JE,total,routine,TLS,Timor-Leste,2005,0,0,<NA>,<NA>,0,both,<NA>
je-campaign-default,"JE : JE,routine,with : default",JE,total,routine,TLS,Timor-Leste,2006,0,0,<NA>,<NA>,0,both,<NA>
je-campaign-default,"JE : JE,routine,with : default",JE,total,routine,TLS,Timor-Leste,2007,0,0,<NA>,<NA>,0,both,<NA>
je-campaign-default,"JE : JE,routine,with : default",JE,total,routine,TLS,Timor-Leste,2008,0,0,<NA>,<NA>,0,both,<NA>
je-campaign-default,"JE : JE,routine,with : default",JE,total,routine,TLS,Timor-Leste,2009,0,0,<NA>,<NA>,0,both,<NA>
je-campaign-default,"JE : JE,routine,with : default",JE,total,routine,TLS,Timor-Leste,2010,0,0,<NA>,<NA>,0,both,<NA>
je-campaign-default,"JE : JE,routine,with : default",JE,total,routine,TLS,Timor-Leste,2011,0,0,<NA>,<NA>,0,both,<NA>
je-campaign-default,"JE : JE,routine,with : default",JE,total,routine,TLS,Timor-Leste,2012,0,0,<NA>,<NA>,0,both,<NA>
je-campaign-default,"JE : JE,routine,with : default",JE,total,routine,TLS,Timor-Leste,2013,0,0,<NA>,<NA>,0,both,<NA>
je-campaign-default,"JE : JE,routine,with : default",JE,total,routine,TLS,Timor-Leste,2014,0,0,<NA>,<NA>,0,both,<NA>
je-campaign-default,"JE : JE,routine,with : default",JE,total,routine,TLS,Timor-Leste,2015,0,0,<NA>,<NA>,0,both,<NA>
je-campaign-default,"JE : JE,routine,with : default",JE,total,routine,TLS,Timor-Leste,2016,0,0,<NA>,<NA>,0,both,<NA>
je-campaign-default,"JE : JE,routine,with : default",JE,total,routine,TLS,Timor-Leste,2017,0,0,<NA>,<NA>,0,both,<NA>
je-campaign-default,"JE : JE,routine,with : default",JE,total,routine,TLS,Timor-Leste,2018,0,0,<NA>,<NA>,0,both,<NA>
je-campaign-default,"JE : JE,routine,with : default",JE,total,routine,TLS,Timor-Leste,2019,0,0,<NA>,<NA>,0,both,<NA>
je-campaign-default,"JE : JE,routine,with : default",JE,total,routine,TLS,Timor-Leste,2020,0,0,<NA>,<NA>,0,both,<NA>
je-campaign-default,"JE : JE,routine,with : default",JE,total,routine,TLS,Timor-Leste,2021,0,0,<NA>,<NA>,0,both,<NA>
je-campaign-default,"JE : JE,routine,with : default",JE,total,routine,TLS,Timor-Leste,2022,0,0,<NA>,<NA>,0,both,<NA>
je-campaign-default,"JE : JE,routine,with : default",JE,total,routine,TLS,Timor-Leste,2023,0,0,<NA>,<NA>,0,both,<NA>
je-campaign-default,"JE : JE,routine,with : default",JE,total,routine,TLS,Timor-Leste,2024,0,0,<NA>,<NA>,0,both,<NA>
je-campaign-default,"JE : JE,routine,with : default",JE,total,routine,TLS,Timor-Leste,2025,0,0,<NA>,<NA>,0.88779256332341893732,both,<NA>
je-campaign-default,"JE : JE,routine,with : default",JE,total,routine,TLS,Timor-Leste,2026,0,0,<NA>,<NA>,0.8834008131659129015,both,<NA>
je-campaign-default,"JE : JE,routine,with : default",JE,total,routine,TLS,Timor-Leste,2027,0,0,<NA>,<NA>,0.87883717182171516846,both,<NA>
je-campaign-default,"JE : JE,routine,with : default",JE,total,routine,TLS,Timor-Leste,2028,0,0,<NA>,<NA>,0.87409491154471052887,both,<NA>
je-campaign-default,"JE : JE,routine,with : default",JE,total,routine,TLS,Timor-Leste,2029,0,0,<NA>,<NA>,0.86916704126773325356,both,<NA>
je-campaign-default,"JE : JE,routine,with : default",JE,total,routine,TLS,Timor-Leste,2030,0,0,<NA>,<NA>,0.86404629629629636778,both,<NA>
je-campaign-default,"JE : JE,routine,with : default",JE,total,routine,TLS,Timor-Leste,2031,0,0,<NA>,<NA>,0.87404629629629637666,both,<NA>
je-campaign-default,"JE : JE,routine,with : default",JE,total,routine,TLS,Timor-Leste,2032,0,0,<NA>,<NA>,0.88404629629629638554,both,<NA>
je-campaign-default,"JE : JE,routine,with : default",JE,total,routine,TLS,Timor-Leste,2033,0,0,<NA>,<NA>,0.89404629629629639442,both,<NA>
je-campaign-default,"JE : JE,routine,with : default",JE,total,routine,TLS,Timor-Leste,2034,0,0,<NA>,<NA>,0.9000000000000000222,both,<NA>
je-campaign-default,"JE : JE,routine,with : default",JE,total,routine,TLS,Timor-Leste,2035,0,0,<NA>,<NA>,0.9000000000000000222,both,<NA>
je-campaign-default,"JE : JE,routine,with : default",JE,total,routine,TLS,Timor-Leste,2036,0,0,<NA>,<NA>,0.9000000000000000222,both,<NA>
je-campaign-default,"JE : JE,routine,with : default",JE,total,routine,TLS,Timor-Leste,2037,0,0,<NA>,<NA>,0.9000000000000000222,both,<NA>
je-campaign-default,"JE : JE,routine,with : default",JE,total,routine,TLS,Timor-Leste,2038,0,0,<NA>,<NA>,0.9000000000000000222,both,<NA>
je-campaign-default,"JE : JE,routine,with : default",JE,total,routine,TLS,Timor-Leste,2039,0,0,<NA>,<NA>,0.9000000000000000222,both,<NA>
je-campaign-default,"JE : JE,routine,with : default",JE,total,routine,TLS,Timor-Leste,2040,0,0,<NA>,<NA>,0.9000000000000000222,both,<NA>
je-campaign-default,"JE : JE,routine,with : default",JE,total,routine,TLS,Timor-Leste,2041,0,0,<NA>,<NA>,0.9000000000000000222,both,<NA>
je-campaign-default,"JE : JE,routine,with : default",JE,total,routine,TLS,Timor-Leste,2042,0,0,<NA>,<NA>,0.9000000000000000222,both,<NA>
je-campaign-default,"JE : JE,routine,with : default",JE,total,routine,TLS,Timor-Leste,2043,0,0,<NA>,<NA>,0.9000000000000000222,both,<NA>
je-campaign-default,"JE : JE,routine,with : default",JE,total,routine,TLS,Timor-Leste,2044,0,0,<NA>,<NA>,0.9000000000000000222,both,<NA>
je-campaign-default,"JE : JE,routine,with : default",JE,total,routine,TLS,Timor-Leste,2045,0,0,<NA>,<NA>,0.9000000000000000222,both,<NA>
je-campaign-default,"JE : JE,routine,with : default",JE,total,routine,TLS,Timor-Leste,2046,0,0,<NA>,<NA>,0.9000000000000000222,both,<NA>
je-campaign-default,"JE : JE,routine,with : default",JE,total,routine,TLS,Timor-Leste,2047,0,0,<NA>,<NA>,0.9000000000000000222,both,<NA>
je-campaign-default,"JE : JE,routine,with : default",JE,total,routine,TLS,Timor-Leste,2048,0,0,<NA>,<NA>,0.9000000000000000222,both,<NA>
je-campaign-default,"JE : JE,routine,with : default",JE,total,routine,TLS,Timor-Leste,2049,0,0,<NA>,<NA>,0.9000000000000000222,both,<NA>
je-campaign-default,"JE : JE,routine,with : default",JE,total,routine,TLS,Timor-Leste,2050,0,0,<NA>,<NA>,0.9000000000000000222,both,<NA>
je-campaign-default,"JE : JE,routine,with : default",JE,total,routine,TLS,Timor-Leste,2051,0,0,<NA>,<NA>,0.9000000000000000222,both,<NA>
je-campaign-default,"JE : JE,routine,with : default",JE,total,routine,TLS,Timor-Leste,2052,0,0,<NA>,<NA>,0.9000000000000000222,both,<NA>
je-campaign-default,"JE : JE,routine,with : default",JE,total,routine,TLS,Timor-Leste,2053,0,0,<NA>,<NA>,0.9000000000000000222,both,<NA>
je-campaign-default,"JE : JE,routine,with : default",JE,total,routine,TLS,Timor-Leste,2054,0,0,<NA>,<NA>,0.9000000000000000222,both,<NA>
je-campaign-default,"JE : JE,routine,with : default",JE,total,routine,TLS,Timor-Leste,2055,0,0,<NA>,<NA>,0.9000000000000000222,both,<NA>
je-campaign-default,"JE : JE,routine,with : default",JE,total,routine,TLS,Timor-Leste,2056,0,0,<NA>,<NA>,0.9000000000000000222,both,<NA>
je-campaign-default,"JE : JE,routine,with : default",JE,total,routine,TLS,Timor-Leste,2057,0,0,<NA>,<NA>,0.9000000000000000222,both,<NA>
je-campaign-default,"JE : JE,routine,with : default",JE,total,routine,TLS,Timor-Leste,2058,0,0,<NA>,<NA>,0.9000000000000000222,both,<NA>
je-campaign-default,"JE : JE,routine,with : default",JE,total,routine,TLS,Timor-Leste,2059,0,0,<NA>,<NA>,0.9000000000000000222,both,<NA>
je-campaign-default,"JE : JE,routine,with : default",JE,total,routine,TLS,Timor-Leste,2060,0,0,<NA>,<NA>,0.9000000000000000222,both,<NA>
je-campaign-default,"JE : JE,routine,with : default",JE,total,routine,TLS,Timor-Leste,2061,0,0,<NA>,<NA>,0.9000000000000000222,both,<NA>
je-campaign-default,"JE : JE,routine,with : default",JE,total,routine,TLS,Timor-Leste,2062,0,0,<NA>,<NA>,0.9000000000000000222,both,<NA>
je-campaign-default,"JE : JE,routine,with : default",JE,total,routine,TLS,Timor-Leste,2063,0,0,<NA>,<NA>,0.9000000000000000222,both,<NA>
je-campaign-default,"JE : JE,routine,with : default",JE,total,routine,TLS,Timor-Leste,2064,0,0,<NA>,<NA>,0.9000000000000000222,both,<NA>
je-campaign-default,"JE : JE,routine,with : default",JE,total,routine,TLS,Timor-Leste,2065,0,0,<NA>,<NA>,0.9000000000000000222,both,<NA>
je-campaign-default,"JE : JE,routine,with : default",JE,total,routine,TLS,Timor-Leste,2066,0,0,<NA>,<NA>,0.9000000000000000222,both,<NA>
je-campaign-default,"JE : JE,routine,with : default",JE,total,routine,TLS,Timor-Leste,2067,0,0,<NA>,<NA>,0.9000000000000000222,both,<NA>
je-campaign-default,"JE : JE,routine,with : default",JE,total,routine,TLS,Timor-Leste,2068,0,0,<NA>,<NA>,0.9000000000000000222,both,<NA>
je-campaign-default,"JE : JE,routine,with : default",JE,total,routine,TLS,Timor-Leste,2069,0,0,<NA>,<NA>,0.9000000000000000222,both,<NA>
je-campaign-default,"JE : JE,routine,with : default",JE,total,routine,TLS,Timor-Leste,2070,0,0,<NA>,<NA>,0.9000000000000000222,both,<NA>
je-campaign-default,"JE : JE,routine,with : default",JE,total,routine,TLS,Timor-Leste,2071,0,0,<NA>,<NA>,0.9000000000000000222,both,<NA>
je-campaign-default,"JE : JE,routine,with : default",JE,total,routine,TLS,Timor-Leste,2072,0,0,<NA>,<NA>,0.9000000000000000222,both,<NA>
je-campaign-default,"JE : JE,routine,with : default",JE,total,routine,TLS,Timor-Leste,2073,0,0,<NA>,<NA>,0.9000000000000000222,both,<NA>
je-campaign-default,"JE : JE,routine,with : default",JE,total,routine,TLS,Timor-Leste,2074,0,0,<NA>,<NA>,0.9000000000000000222,both,<NA>
je-campaign-default,"JE : JE,routine,with : default",JE,total,routine,TLS,Timor-Leste,2075,0,0,<NA>,<NA>,0.9000000000000000222,both,<NA>
je-campaign-default,"JE : JE,routine,with : default",JE,total,routine,TLS,Timor-Leste,2076,0,0,<NA>,<NA>,0.9000000000000000222,both,<NA>
je-campaign-default,"JE : JE,routine,with : default",JE,total,routine,TLS,Timor-Leste,2077,0,0,<NA>,<NA>,0.9000000000000000222,both,<NA>
je-campaign-default,"JE : JE,routine,with : default",JE,total,routine,TLS,Timor-Leste,2078,0,0,<NA>,<NA>,0.9000000000000000222,both,<NA>
je-campaign-default,"JE : JE,routine,with : default",JE,total,routine,TLS,Timor-Leste,2079,0,0,<NA>,<NA>,0.9000000000000000222,both,<NA>
je-campaign-default,"JE : JE,routine,with : default",JE,total,routine,TLS,Timor-Leste,2080,0,0,<NA>,<NA>,0.9000000000000000222,both,<NA>
je-campaign-default,"JE : JE,routine,with : default",JE,total,routine,TLS,Timor-Leste,2081,0,0,<NA>,<NA>,0.9000000000000000222,both,<NA>
je-campaign-default,"JE : JE,routine,with : default",JE,total,routine,TLS,Timor-Leste,2082,0,0,<NA>,<NA>,0.9000000000000000222,both,<NA>
je-campaign-default,"JE : JE,routine,with : default",JE,total,routine,TLS,Timor-Leste,2083,0,0,<NA>,<NA>,0.9000000000000000222,both,<NA>
je-campaign-default,"JE : JE,routine,with : default",JE,total,routine,TLS,Timor-Leste,2084,0,0,<NA>,<NA>,0.9000000000000000222,both,<NA>
je-campaign-default,"JE : JE,routine,with : default",JE,total,routine,TLS,Timor-Leste,2085,0,0,<NA>,<NA>,0.9000000000000000222,both,<NA>
je-campaign-default,"JE : JE,routine,with : default",JE,total,routine,TLS,Timor-Leste,2086,0,0,<NA>,<NA>,0.9000000000000000222,both,<NA>
je-campaign-default,"JE : JE,routine,with : default",JE,total,routine,TLS,Timor-Leste,2087,0,0,<NA>,<NA>,0.9000000000000000222,both,<NA>
je-campaign-default,"JE : JE,routine,with : default",JE,total,routine,TLS,Timor-Leste,2088,0,0,<NA>,<NA>,0.9000000000000000222,both,<NA>
je-campaign-default,"JE : JE,routine,with : default",JE,total,routine,TLS,Timor-Leste,2089,0,0,<NA>,<NA>,0.9000000000000000222,both,<NA>
je-campaign-default,"JE : JE,routine,with : default",JE,total,routine,TLS,Timor-Leste,2090,0,0,<NA>,<NA>,0.9000000000000000222,both,<NA>
je-campaign-default,"JE : JE,routine,with : default",JE,total,routine,TLS,Timor-Leste,2091,0,0,<NA>,<NA>,0.9000000000000000222,both,<NA>
je-campaign-default,"JE : JE,routine,with : default",JE,total,routine,TLS,Timor-Leste,2092,0,0,<NA>,<NA>,0.9000000000000000222,both,<NA>
je-campaign-default,"JE : JE,routine,with : default",JE,total,routine,TLS,Timor-Leste,2093,0,0,<NA>,<NA>,0.9000000000000000222,both,<NA>
je-campaign-default,"JE : JE,routine,with : default",JE,total,routine,TLS,Timor-Leste,2094,0,0,<NA>,<NA>,0.9000000000000000222,both,<NA>
je-campaign-default,"JE : JE,routine,with : default",JE,total,routine,TLS,Timor-Leste,2095,0,0,<NA>,<NA>,0.9000000000000000222,both,<NA>
je-campaign-default,"JE : JE,routine,with : default",JE,total,routine,TLS,Timor-Leste,2096,0,0,<NA>,<NA>,0.9000000000000000222,both,<NA>
je-campaign-default,"JE : JE,routine,with : default",JE,total,routine,TLS,Timor-Leste,2097,0,0,<NA>,<NA>,0.9000000000000000222,both,<NA>
je-campaign-default,"JE : JE,routine,with : default",JE,total,routine,TLS,Timor-Leste,2098,0,0,<NA>,<NA>,0.9000000000000000222,both,<NA>
je-campaign-default,"JE : JE,routine,with : default",JE,total,routine,TLS,Timor-Leste,2099,0,0,<NA>,<NA>,0.9000000000000000222,both,<NA>
je-campaign-default,"JE : JE,routine,with : default",JE,total,routine,TLS,Timor-Leste,2100,0,0,<NA>,<NA>,0.9000000000000000222,both,<NA>
je-campaign-default,"JE : JE,routine,with : default",JE,total,routine,VNM,Viet Nam,1980,0,0,<NA>,<NA>,0,both,<NA>
je-campaign-default,"JE : JE,routine,with : default",JE,total,routine,VNM,Viet Nam,1981,0,0,<NA>,<NA>,0,both,<NA>
je-campaign-default,"JE : JE,routine,with : default",JE,total,routine,VNM,Viet Nam,1982,0,0,<NA>,<NA>,0,both,<NA>
je-campaign-default,"JE : JE,routine,with : default",JE,total,routine,VNM,Viet Nam,1983,0,0,<NA>,<NA>,0,both,<NA>
je-campaign-default,"JE : JE,routine,with : default",JE,total,routine,VNM,Viet Nam,1984,0,0,<NA>,<NA>,0,both,<NA>
je-campaign-default,"JE : JE,routine,with : default",JE,total,routine,VNM,Viet Nam,1985,0,0,<NA>,<NA>,0,both,<NA>
je-campaign-default,"JE : JE,routine,with : default",JE,total,routine,VNM,Viet Nam,1986,0,0,<NA>,<NA>,0,both,<NA>
je-campaign-default,"JE : JE,routine,with : default",JE,total,routine,VNM,Viet Nam,1987,0,0,<NA>,<NA>,0,both,<NA>
je-campaign-default,"JE : JE,routine,with : default",JE,total,routine,VNM,Viet Nam,1988,0,0,<NA>,<NA>,0,both,<NA>
je-campaign-default,"JE : JE,routine,with : default",JE,total,routine,VNM,Viet Nam,1989,0,0,<NA>,<NA>,0,both,<NA>
je-campaign-default,"JE : JE,routine,with : default",JE,total,routine,VNM,Viet Nam,1990,0,0,<NA>,<NA>,0,both,<NA>
je-campaign-default,"JE : JE,routine,with : default",JE,total,routine,VNM,Viet Nam,1991,0,0,<NA>,<NA>,0,both,<NA>
je-campaign-default,"JE : JE,routine,with : default",JE,total,routine,VNM,Viet Nam,1992,0,0,<NA>,<NA>,0,both,<NA>
je-campaign-default,"JE : JE,routine,with : default",JE,total,routine,VNM,Viet Nam,1993,0,0,<NA>,<NA>,0,both,<NA>
je-campaign-default,"JE : JE,routine,with : default",JE,total,routine,VNM,Viet Nam,1994,0,0,<NA>,<NA>,0,both,<NA>
je-campaign-default,"JE : JE,routine,with : default",JE,total,routine,VNM,Viet Nam,1995,0,0,<NA>,<NA>,0,both,<NA>
je-campaign-default,"JE : JE,routine,with : default",JE,total,routine,VNM,Viet Nam,1996,0,0,<NA>,<NA>,0,both,<NA>
je-campaign-default,"JE : JE,routine,with : default",JE,total,routine,VNM,Viet Nam,1997,0,0,<NA>,<NA>,0,both,<NA>
je-campaign-default,"JE : JE,routine,with : default",JE,total,routine,VNM,Viet Nam,1998,0,0,<NA>,<NA>,0,both,<NA>
je-campaign-default,"JE : JE,routine,with : default",JE,total,routine,VNM,Viet Nam,1999,0,0,<NA>,<NA>,0,both,<NA>
je-campaign-default,"JE : JE,routine,with : default",JE,total,routine,VNM,Viet Nam,2000,0,0,<NA>,<NA>,0,both,<NA>
je-campaign-default,"JE : JE,routine,with : default",JE,total,routine,VNM,Viet Nam,2001,0,0,<NA>,<NA>,0,both,<NA>
je-campaign-default,"JE : JE,routine,with : default",JE,total,routine,VNM,Viet Nam,2002,0,0,<NA>,<NA>,0,both,<NA>
je-campaign-default,"JE : JE,routine,with : default",JE,total,routine,VNM,Viet Nam,2003,0,0,<NA>,<NA>,0,both,<NA>
je-campaign-default,"JE : JE,routine,with : default",JE,total,routine,VNM,Viet Nam,2004,0,0,<NA>,<NA>,0,both,<NA>
je-campaign-default,"JE : JE,routine,with : default",JE,total,routine,VNM,Viet Nam,2005,0,0,<NA>,<NA>,0,both,<NA>
je-campaign-default,"JE : JE,routine,with : default",JE,total,routine,VNM,Viet Nam,2006,0,0,<NA>,<NA>,0.6500000000000000222,both,<NA>
je-campaign-default,"JE : JE,routine,with : default",JE,total,routine,VNM,Viet Nam,2007,0,0,<NA>,<NA>,0.56999999999999995115,both,<NA>
je-campaign-default,"JE : JE,routine,with : default",JE,total,routine,VNM,Viet Nam,2008,0,0,<NA>,<NA>,0.73999999999999999112,both,<NA>
je-campaign-default,"JE : JE,routine,with : default",JE,total,routine,VNM,Viet Nam,2009,0,0,<NA>,<NA>,0,both,<NA>
je-campaign-default,"JE : JE,routine,with : default",JE,total,routine,VNM,Viet Nam,2010,0,0,<NA>,<NA>,0.4500000000000000111,both,<NA>
je-campaign-default,"JE : JE,routine,with : default",JE,total,routine,VNM,Viet Nam,2011,0,0,<NA>,<NA>,0,both,<NA>
je-campaign-default,"JE : JE,routine,with : default",JE,total,routine,VNM,Viet Nam,2012,0,0,<NA>,<NA>,0.75,both,<NA>
je-campaign-default,"JE : JE,routine,with : default",JE,total,routine,VNM,Viet Nam,2013,0,0,<NA>,<NA>,0.75,both,<NA>
je-campaign-default,"JE : JE,routine,with : default",JE,total,routine,VNM,Viet Nam,2014,0,0,<NA>,<NA>,0.93999999999999994671,both,<NA>
je-campaign-default,"JE : JE,routine,with : default",JE,total,routine,VNM,Viet Nam,2015,0,0,<NA>,<NA>,0.95999999999999996447,both,<NA>
je-campaign-default,"JE : JE,routine,with : default",JE,total,routine,VNM,Viet Nam,2016,0,0,<NA>,<NA>,0.94999999999999995559,both,<NA>
je-campaign-default,"JE : JE,routine,with : default",JE,total,routine,VNM,Viet Nam,2017,0,0,<NA>,<NA>,0.93000000000000004885,both,<NA>
je-campaign-default,"JE : JE,routine,with : default",JE,total,routine,VNM,Viet Nam,2018,0,0,<NA>,<NA>,0.92000000000000003997,both,<NA>
je-campaign-default,"JE : JE,routine,with : default",JE,total,routine,VNM,Viet Nam,2019,0,0,<NA>,<NA>,0.9000000000000000222,both,<NA>
je-campaign-default,"JE : JE,routine,with : default",JE,total,routine,VNM,Viet Nam,2020,0,0,<NA>,<NA>,0.89000000000000001332,both,<NA>
je-campaign-default,"JE : JE,routine,with : default",JE,total,routine,VNM,Viet Nam,2021,0,0,<NA>,<NA>,0.89500000000000001776,both,<NA>
je-campaign-default,"JE : JE,routine,with : default",JE,total,routine,VNM,Viet Nam,2022,0,0,<NA>,<NA>,0.9000000000000000222,both,<NA>
je-campaign-default,"JE : JE,routine,with : default",JE,total,routine,VNM,Viet Nam,2023,0,0,<NA>,<NA>,0.90790454552687116507,both,<NA>
je-campaign-default,"JE : JE,routine,with : default",JE,total,routine,VNM,Viet Nam,2024,0,0,<NA>,<NA>,0.91518427265387858327,both,<NA>
je-campaign-default,"JE : JE,routine,with : default",JE,total,routine,VNM,Viet Nam,2025,0,0,<NA>,<NA>,0.921888570435899668,both,<NA>
je-campaign-default,"JE : JE,routine,with : default",JE,total,routine,VNM,Viet Nam,2026,0,0,<NA>,<NA>,0.92806292394748390873,both,<NA>
je-campaign-default,"JE : JE,routine,with : default",JE,total,routine,VNM,Viet Nam,2027,0,0,<NA>,<NA>,0.93374922287475503602,both,<NA>
je-campaign-default,"JE : JE,routine,with : default",JE,total,routine,VNM,Viet Nam,2028,0,0,<NA>,<NA>,0.93898604571452604084,both,<NA>
je-campaign-default,"JE : JE,routine,with : default",JE,total,routine,VNM,Viet Nam,2029,0,0,<NA>,<NA>,0.94380892150876560809,both,<NA>
je-campaign-default,"JE : JE,routine,with : default",JE,total,routine,VNM,Viet Nam,2030,0,0,<NA>,<NA>,0.94825057089014519462,both,<NA>
je-campaign-default,"JE : JE,routine,with : default",JE,total,routine,VNM,Viet Nam,2031,0,0,<NA>,<NA>,0.95825057089014520351,both,<NA>
je-campaign-default,"JE : JE,routine,with : default",JE,total,routine,VNM,Viet Nam,2032,0,0,<NA>,<NA>,0.95999999999999996447,both,<NA>
je-campaign-default,"JE : JE,routine,with : default",JE,total,routine,VNM,Viet Nam,2033,0,0,<NA>,<NA>,0.95999999999999996447,both,<NA>
je-campaign-default,"JE : JE,routine,with : default",JE,total,routine,VNM,Viet Nam,2034,0,0,<NA>,<NA>,0.95999999999999996447,both,<NA>
je-campaign-default,"JE : JE,routine,with : default",JE,total,routine,VNM,Viet Nam,2035,0,0,<NA>,<NA>,0.95999999999999996447,both,<NA>
je-campaign-default,"JE : JE,routine,with : default",JE,total,routine,VNM,Viet Nam,2036,0,0,<NA>,<NA>,0.95999999999999996447,both,<NA>
je-campaign-default,"JE : JE,routine,with : default",JE,total,routine,VNM,Viet Nam,2037,0,0,<NA>,<NA>,0.95999999999999996447,both,<NA>
je-campaign-default,"JE : JE,routine,with : default",JE,total,routine,VNM,Viet Nam,2038,0,0,<NA>,<NA>,0.95999999999999996447,both,<NA>
je-campaign-default,"JE : JE,routine,with : default",JE,total,routine,VNM,Viet Nam,2039,0,0,<NA>,<NA>,0.95999999999999996447,both,<NA>
je-campaign-default,"JE : JE,routine,with : default",JE,total,routine,VNM,Viet Nam,2040,0,0,<NA>,<NA>,0.95999999999999996447,both,<NA>
je-campaign-default,"JE : JE,routine,with : default",JE,total,routine,VNM,Viet Nam,2041,0,0,<NA>,<NA>,0.95999999999999996447,both,<NA>
je-campaign-default,"JE : JE,routine,with : default",JE,total,routine,VNM,Viet Nam,2042,0,0,<NA>,<NA>,0.95999999999999996447,both,<NA>
je-campaign-default,"JE : JE,routine,with : default",JE,total,routine,VNM,Viet Nam,2043,0,0,<NA>,<NA>,0.95999999999999996447,both,<NA>
je-campaign-default,"JE : JE,routine,with : default",JE,total,routine,VNM,Viet Nam,2044,0,0,<NA>,<NA>,0.95999999999999996447,both,<NA>
je-campaign-default,"JE : JE,routine,with : default",JE,total,routine,VNM,Viet Nam,2045,0,0,<NA>,<NA>,0.95999999999999996447,both,<NA>
je-campaign-default,"JE : JE,routine,with : default",JE,total,routine,VNM,Viet Nam,2046,0,0,<NA>,<NA>,0.95999999999999996447,both,<NA>
je-campaign-default,"JE : JE,routine,with : default",JE,total,routine,VNM,Viet Nam,2047,0,0,<NA>,<NA>,0.95999999999999996447,both,<NA>
je-campaign-default,"JE : JE,routine,with : default",JE,total,routine,VNM,Viet Nam,2048,0,0,<NA>,<NA>,0.95999999999999996447,both,<NA>
je-campaign-default,"JE : JE,routine,with : default",JE,total,routine,VNM,Viet Nam,2049,0,0,<NA>,<NA>,0.95999999999999996447,both,<NA>
je-campaign-default,"JE : JE,routine,with : default",JE,total,routine,VNM,Viet Nam,2050,0,0,<NA>,<NA>,0.95999999999999996447,both,<NA>
je-campaign-default,"JE : JE,routine,with : default",JE,total,routine,VNM,Viet Nam,2051,0,0,<NA>,<NA>,0.95999999999999996447,both,<NA>
je-campaign-default,"JE : JE,routine,with : default",JE,total,routine,VNM,Viet Nam,2052,0,0,<NA>,<NA>,0.95999999999999996447,both,<NA>
je-campaign-default,"JE : JE,routine,with : default",JE,total,routine,VNM,Viet Nam,2053,0,0,<NA>,<NA>,0.95999999999999996447,both,<NA>
je-campaign-default,"JE : JE,routine,with : default",JE,total,routine,VNM,Viet Nam,2054,0,0,<NA>,<NA>,0.95999999999999996447,both,<NA>
je-campaign-default,"JE : JE,routine,with : default",JE,total,routine,VNM,Viet Nam,2055,0,0,<NA>,<NA>,0.95999999999999996447,both,<NA>
je-campaign-default,"JE : JE,routine,with : default",JE,total,routine,VNM,Viet Nam,2056,0,0,<NA>,<NA>,0.95999999999999996447,both,<NA>
je-campaign-default,"JE : JE,routine,with : default",JE,total,routine,VNM,Viet Nam,2057,0,0,<NA>,<NA>,0.95999999999999996447,both,<NA>
je-campaign-default,"JE : JE,routine,with : default",JE,total,routine,VNM,Viet Nam,2058,0,0,<NA>,<NA>,0.95999999999999996447,both,<NA>
je-campaign-default,"JE : JE,routine,with : default",JE,total,routine,VNM,Viet Nam,2059,0,0,<NA>,<NA>,0.95999999999999996447,both,<NA>
je-campaign-default,"JE : JE,routine,with : default",JE,total,routine,VNM,Viet Nam,2060,0,0,<NA>,<NA>,0.95999999999999996447,both,<NA>
je-campaign-default,"JE : JE,routine,with : default",JE,total,routine,VNM,Viet Nam,2061,0,0,<NA>,<NA>,0.95999999999999996447,both,<NA>
je-campaign-default,"JE : JE,routine,with : default",JE,total,routine,VNM,Viet Nam,2062,0,0,<NA>,<NA>,0.95999999999999996447,both,<NA>
je-campaign-default,"JE : JE,routine,with : default",JE,total,routine,VNM,Viet Nam,2063,0,0,<NA>,<NA>,0.95999999999999996447,both,<NA>
je-campaign-default,"JE : JE,routine,with : default",JE,total,routine,VNM,Viet Nam,2064,0,0,<NA>,<NA>,0.95999999999999996447,both,<NA>
je-campaign-default,"JE : JE,routine,with : default",JE,total,routine,VNM,Viet Nam,2065,0,0,<NA>,<NA>,0.95999999999999996447,both,<NA>
je-campaign-default,"JE : JE,routine,with : default",JE,total,routine,VNM,Viet Nam,2066,0,0,<NA>,<NA>,0.95999999999999996447,both,<NA>
je-campaign-default,"JE : JE,routine,with : default",JE,total,routine,VNM,Viet Nam,2067,0,0,<NA>,<NA>,0.95999999999999996447,both,<NA>
je-campaign-default,"JE : JE,routine,with : default",JE,total,routine,VNM,Viet Nam,2068,0,0,<NA>,<NA>,0.95999999999999996447,both,<NA>
je-campaign-default,"JE : JE,routine,with : default",JE,total,routine,VNM,Viet Nam,2069,0,0,<NA>,<NA>,0.95999999999999996447,both,<NA>
je-campaign-default,"JE : JE,routine,with : default",JE,total,routine,VNM,Viet Nam,2070,0,0,<NA>,<NA>,0.95999999999999996447,both,<NA>
je-campaign-default,"JE : JE,routine,with : default",JE,total,routine,VNM,Viet Nam,2071,0,0,<NA>,<NA>,0.95999999999999996447,both,<NA>
je-campaign-default,"JE : JE,routine,with : default",JE,total,routine,VNM,Viet Nam,2072,0,0,<NA>,<NA>,0.95999999999999996447,both,<NA>
je-campaign-default,"JE : JE,routine,with : default",JE,total,routine,VNM,Viet Nam,2073,0,0,<NA>,<NA>,0.95999999999999996447,both,<NA>
je-campaign-default,"JE : JE,routine,with : default",JE,total,routine,VNM,Viet Nam,2074,0,0,<NA>,<NA>,0.95999999999999996447,both,<NA>
je-campaign-default,"JE : JE,routine,with : default",JE,total,routine,VNM,Viet Nam,2075,0,0,<NA>,<NA>,0.95999999999999996447,both,<NA>
je-campaign-default,"JE : JE,routine,with : default",JE,total,routine,VNM,Viet Nam,2076,0,0,<NA>,<NA>,0.95999999999999996447,both,<NA>
je-campaign-default,"JE : JE,routine,with : default",JE,total,routine,VNM,Viet Nam,2077,0,0,<NA>,<NA>,0.95999999999999996447,both,<NA>
je-campaign-default,"JE : JE,routine,with : default",JE,total,routine,VNM,Viet Nam,2078,0,0,<NA>,<NA>,0.95999999999999996447,both,<NA>
je-campaign-default,"JE : JE,routine,with : default",JE,total,routine,VNM,Viet Nam,2079,0,0,<NA>,<NA>,0.95999999999999996447,both,<NA>
je-campaign-default,"JE : JE,routine,with : default",JE,total,routine,VNM,Viet Nam,2080,0,0,<NA>,<NA>,0.95999999999999996447,both,<NA>
je-campaign-default,"JE : JE,routine,with : default",JE,total,routine,VNM,Viet Nam,2081,0,0,<NA>,<NA>,0.95999999999999996447,both,<NA>
je-campaign-default,"JE : JE,routine,with : default",JE,total,routine,VNM,Viet Nam,2082,0,0,<NA>,<NA>,0.95999999999999996447,both,<NA>
je-campaign-default,"JE : JE,routine,with : default",JE,total,routine,VNM,Viet Nam,2083,0,0,<NA>,<NA>,0.95999999999999996447,both,<NA>
je-campaign-default,"JE : JE,routine,with : default",JE,total,routine,VNM,Viet Nam,2084,0,0,<NA>,<NA>,0.95999999999999996447,both,<NA>
je-campaign-default,"JE : JE,routine,with : default",JE,total,routine,VNM,Viet Nam,2085,0,0,<NA>,<NA>,0.95999999999999996447,both,<NA>
je-campaign-default,"JE : JE,routine,with : default",JE,total,routine,VNM,Viet Nam,2086,0,0,<NA>,<NA>,0.95999999999999996447,both,<NA>
je-campaign-default,"JE : JE,routine,with : default",JE,total,routine,VNM,Viet Nam,2087,0,0,<NA>,<NA>,0.95999999999999996447,both,<NA>
je-campaign-default,"JE : JE,routine,with : default",JE,total,routine,VNM,Viet Nam,2088,0,0,<NA>,<NA>,0.95999999999999996447,both,<NA>
je-campaign-default,"JE : JE,routine,with : default",JE,total,routine,VNM,Viet Nam,2089,0,0,<NA>,<NA>,0.95999999999999996447,both,<NA>
je-campaign-default,"JE : JE,routine,with : default",JE,total,routine,VNM,Viet Nam,2090,0,0,<NA>,<NA>,0.95999999999999996447,both,<NA>
je-campaign-default,"JE : JE,routine,with : default",JE,total,routine,VNM,Viet Nam,2091,0,0,<NA>,<NA>,0.95999999999999996447,both,<NA>
je-campaign-default,"JE : JE,routine,with : default",JE,total,routine,VNM,Viet Nam,2092,0,0,<NA>,<NA>,0.95999999999999996447,both,<NA>
je-campaign-default,"JE : JE,routine,with : default",JE,total,routine,VNM,Viet Nam,2093,0,0,<NA>,<NA>,0.95999999999999996447,both,<NA>
je-campaign-default,"JE : JE,routine,with : default",JE,total,routine,VNM,Viet Nam,2094,0,0,<NA>,<NA>,0.95999999999999996447,both,<NA>
je-campaign-default,"JE : JE,routine,with : default",JE,total,routine,VNM,Viet Nam,2095,0,0,<NA>,<NA>,0.95999999999999996447,both,<NA>
je-campaign-default,"JE : JE,routine,with : default",JE,total,routine,VNM,Viet Nam,2096,0,0,<NA>,<NA>,0.95999999999999996447,both,<NA>
je-campaign-default,"JE : JE,routine,with : default",JE,total,routine,VNM,Viet Nam,2097,0,0,<NA>,<NA>,0.95999999999999996447,both,<NA>
je-campaign-default,"JE : JE,routine,with : default",JE,total,routine,VNM,Viet Nam,2098,0,0,<NA>,<NA>,0.95999999999999996447,both,<NA>
je-campaign-default,"JE : JE,routine,with : default",JE,total,routine,VNM,Viet Nam,2099,0,0,<NA>,<NA>,0.95999999999999996447,both,<NA>
je-campaign-default,"JE : JE,routine,with : default",JE,total,routine,VNM,Viet Nam,2100,0,0,<NA>,<NA>,0.95999999999999996447,both,<NA>
